<?xml version="1.0" encoding="UTF-8" standalone="yes"?>
<?xml-stylesheet href="LIBRARY/STYLE.XSL" type="text/xsl"?><Dimap_Document>
  <Metadata_Identification>
    <METADATA_FORMAT version="2.15">DIMAP</METADATA_FORMAT>
    <METADATA_PROFILE>PHR_SENSOR</METADATA_PROFILE>
    <METADATA_SUBPROFILE>PRODUCT</METADATA_SUBPROFILE>
    <METADATA_LANGUAGE>en</METADATA_LANGUAGE>
  </Metadata_Identification>
  <Dataset_Identification>
    <DATASET_TYPE>RASTER_SENSOR</DATASET_TYPE>
    <DATASET_NAME version="1.0">DS_PHR1B_202104211118296_FR1_PX_W003N47_1202_01796</DATASET_NAME>
    <DATASET_TN_PATH href="ICON_PHR1B_MS_202104211119066_SEN_6005996101-2.JPG"/>
    <DATASET_TN_FORMAT>image/jpeg</DATASET_TN_FORMAT>
    <DATASET_QL_PATH href="PREVIEW_PHR1B_MS_202104211119066_SEN_6005996101-2.JPG"/>
    <DATASET_QL_FORMAT>image/jpeg</DATASET_QL_FORMAT>
    <Legal_Constraints>
      <COPYRIGHT>©CNES_2021, distribution AIRBUS DS, France, all rights reserved</COPYRIGHT>
    </Legal_Constraints>
  </Dataset_Identification>
  <Dataset_Content>
    <SURFACE_AREA unit="square km">191.557</SURFACE_AREA>
    <CLOUD_COVERAGE unit="percent">0.4</CLOUD_COVERAGE>
    <Dataset_Components>
      <Component>
        <COMPONENT_TITLE>Processing</COMPONENT_TITLE>
        <COMPONENT_CONTENT>Lineage Information</COMPONENT_CONTENT>
        <COMPONENT_TYPE>DIMAP</COMPONENT_TYPE>
        <COMPONENT_PATH href="LINEAGE/PROCESSING_PHR1B_MS_202104211119066_SEN_6005996101-2_DIM.XML"/>
      </Component>
      <Component>
        <COMPONENT_TITLE>Strip Source</COMPONENT_TITLE>
        <COMPONENT_CONTENT>Lineage Information</COMPONENT_CONTENT>
        <COMPONENT_TYPE>DIMAP</COMPONENT_TYPE>
        <COMPONENT_PATH href="LINEAGE/STRIP_DS_PHR1B_202104211119066_FR1_PX_W003N47_1201_01804_DIM.XML"/>
      </Component>
      <Component>
        <COMPONENT_TITLE>RPC Model</COMPONENT_TITLE>
        <COMPONENT_CONTENT>Geoposition Model</COMPONENT_CONTENT>
        <COMPONENT_TYPE>DIMAP</COMPONENT_TYPE>
        <COMPONENT_PATH href="RPC_PHR1B_MS_202104211119066_SEN_6005996101-2.XML"/>
      </Component>
      <Component>
        <COMPONENT_TITLE>Source for Ground reset</COMPONENT_TITLE>
        <COMPONENT_CONTENT>Lineage Information</COMPONENT_CONTENT>
        <COMPONENT_TYPE>DIMAP</COMPONENT_TYPE>
        <COMPONENT_PATH href="LINEAGE/GROUND_R3D_OR_SPOTView_N46W003_DIM.XML"/>
      </Component>
      <Component>
        <COMPONENT_TITLE>Source for Ground reset</COMPONENT_TITLE>
        <COMPONENT_CONTENT>Lineage Information</COMPONENT_CONTENT>
        <COMPONENT_TYPE>DIMAP</COMPONENT_TYPE>
        <COMPONENT_PATH href="LINEAGE/GROUND_R3D_OR_SPOTView_N46W002_DIM.XML"/>
      </Component>
      <Component>
        <COMPONENT_TITLE>Source for Ground reset</COMPONENT_TITLE>
        <COMPONENT_CONTENT>Lineage Information</COMPONENT_CONTENT>
        <COMPONENT_TYPE>DIMAP</COMPONENT_TYPE>
        <COMPONENT_PATH href="LINEAGE/GROUND_R3D_OR_SPOTView_N47W003_DIM.XML"/>
      </Component>
      <Component>
        <COMPONENT_TITLE>Source for Ground reset</COMPONENT_TITLE>
        <COMPONENT_CONTENT>Lineage Information</COMPONENT_CONTENT>
        <COMPONENT_TYPE>DIMAP</COMPONENT_TYPE>
        <COMPONENT_PATH href="LINEAGE/GROUND_R3D_OR_SPOTView_N47W002_DIM.XML"/>
      </Component>
    </Dataset_Components>
    <Dataset_Extent>
      <EXTENT_TYPE>Bounding_Polygon</EXTENT_TYPE>
      <Vertex>
        <LON>-2.143553658338816</LON>
        <LAT>47.13071237661953</LAT>
        <COL>1</COL>
        <ROW>1</ROW>
      </Vertex>
      <Vertex>
        <LON>-1.916049769765914</LON>
        <LAT>47.13125638907858</LAT>
        <COL>8487</COL>
        <ROW>1</ROW>
      </Vertex>
      <Vertex>
        <LON>-1.916199383909162</LON>
        <LAT>46.95174843145052</LAT>
        <COL>8487</COL>
        <ROW>9967</ROW>
      </Vertex>
      <Vertex>
        <LON>-2.143371353057839</LON>
        <LAT>46.95178035999695</LAT>
        <COL>1</COL>
        <ROW>9967</ROW>
      </Vertex>
      <Center>
        <LON>-2.029793541267932</LON>
        <LAT>47.04137438928639</LAT>
        <COL>4244</COL>
        <ROW>4984</ROW>
      </Center>
    </Dataset_Extent>
  </Dataset_Content>
  <Product_Information>
    <Producer_Information>
      <PRODUCER_NAME>AIRBUS DS GEO</PRODUCER_NAME>
      <PRODUCER_URL href="http://www.geo-airbusds.com"/>
      <PRODUCER_CONTACT>contact@geo-airbus.com</PRODUCER_CONTACT>
      <PRODUCER_ADDRESS>5 rue des Satellites - BP 14359 - F 31030 Toulouse Cedex 4 - France</PRODUCER_ADDRESS>
    </Producer_Information>
    <Delivery_Identification>
      <PRODUCTION_DATE>2021-10-12T10:37:16.338</PRODUCTION_DATE>
      <JOB_ID>6005996101-2</JOB_ID>
      <PRODUCT_CODE>PLEIADES</PRODUCT_CODE>
      <DELIVERY_TYPE>NETWORK</DELIVERY_TYPE>
      <Order_Identification>
        <CUSTOMER_REFERENCE>C100036</CUSTOMER_REFERENCE>
        <INTERNAL_REFERENCE>PHR_PRO_6005996101_20211012101026847_1_2</INTERNAL_REFERENCE>
        <COMMERCIAL_REFERENCE>SO21015546</COMMERCIAL_REFERENCE>
        <COMMERCIAL_ITEM>78</COMMERCIAL_ITEM>
      </Order_Identification>
    </Delivery_Identification>
  </Product_Information>
  <Coordinate_Reference_System>
    <Geodetic_CRS>
      <CRS_TABLES version="6.3">EPSG</CRS_TABLES>
      <GEODETIC_CRS_TYPE>GEOGRAPHIC2D</GEODETIC_CRS_TYPE>
      <GEODETIC_CRS_NAME>WGS84</GEODETIC_CRS_NAME>
      <GEODETIC_CRS_CODE>urn:ogc:def:crs:EPSG::4326</GEODETIC_CRS_CODE>
    </Geodetic_CRS>
    <Temporal_CRS>
      <CRS_TABLES version="0.0">ITU</CRS_TABLES>
      <TEMPORAL_CRS_NAME>UTC</TEMPORAL_CRS_NAME>
    </Temporal_CRS>
  </Coordinate_Reference_System>
  <Geoposition>
    <Raster_CRS>
      <RASTER_GEOMETRY>SENSOR</RASTER_GEOMETRY>
      <PIXEL_ORIENTATION>CENTER</PIXEL_ORIENTATION>
      <PIXEL_CRS_TYPE>POINT</PIXEL_CRS_TYPE>
      <PIXEL_ORIGIN>1</PIXEL_ORIGIN>
    </Raster_CRS>
    <Geoposition_Models>
      <Rational_Function_Model>
        <Component>
          <COMPONENT_TITLE>RPC Model</COMPONENT_TITLE>
          <COMPONENT_CONTENT>Geoposition Model</COMPONENT_CONTENT>
          <COMPONENT_TYPE>DIMAP</COMPONENT_TYPE>
          <COMPONENT_PATH href="RPC_PHR1B_MS_202104211119066_SEN_6005996101-2.XML"/>
        </Component>
      </Rational_Function_Model>
    </Geoposition_Models>
  </Geoposition>
  <Processing_Information>
    <Production_Facility>
      <SOFTWARE version="V2.9">DRS-MM V2.9</SOFTWARE>
      <PROCESSING_CENTER>FCMUGC</PROCESSING_CENTER>
      <PROCESSING_PLACE>FCMUGC</PROCESSING_PLACE>
    </Production_Facility>
    <Product_Settings>
      <PROCESSING_LEVEL>SENSOR</PROCESSING_LEVEL>
      <SPECTRAL_PROCESSING>MS</SPECTRAL_PROCESSING>
      <Geometric_Settings>
        <GEOMETRIC_PROCESSING>SENSOR</GEOMETRIC_PROCESSING>
        <EPHEMERIS_USED>CORRECTED</EPHEMERIS_USED>
        <ATTITUDES_USED>ACCURATE</ATTITUDES_USED>
        <GROUND_SETTING>true</GROUND_SETTING>
        <GROUND_DESC>R3D_ORTHO</GROUND_DESC>
        <VERTICAL_SETTING>false</VERTICAL_SETTING>
      </Geometric_Settings>
      <Radiometric_Settings>
        <RADIOMETRIC_PROCESSING>BASIC</RADIOMETRIC_PROCESSING>
        <INTER_DETECTOR_NORMALIZATION>false</INTER_DETECTOR_NORMALIZATION>
        <DETECTORS_INTERPOLATION>true</DETECTORS_INTERPOLATION>
        <STRAYLIGHT_CORRECTION>false</STRAYLIGHT_CORRECTION>
        <VCTI_CORRECTION>false</VCTI_CORRECTION>
        <INTER_ARRAY_RECONSTRUCTION>true</INTER_ARRAY_RECONSTRUCTION>
        <RADIOMETRIC_STRETCH>false</RADIOMETRIC_STRETCH>
        <OUT_OF_ORDER_THRESHOLD>0.5</OUT_OF_ORDER_THRESHOLD>
      </Radiometric_Settings>
      <Sampling_Settings>
        <RESAMPLING_SPACING unit="m">2</RESAMPLING_SPACING>
        <RESAMPLING_KERNEL>SPLINE</RESAMPLING_KERNEL>
      </Sampling_Settings>
      <MTF_Settings>
        <PAN_RESTORATION>true</PAN_RESTORATION>
        <MS_RESTORATION>false</MS_RESTORATION>
      </MTF_Settings>
    </Product_Settings>
    <Processing_Lineage>
      <Component>
        <COMPONENT_TITLE>Processing</COMPONENT_TITLE>
        <COMPONENT_CONTENT>Lineage Information</COMPONENT_CONTENT>
        <COMPONENT_TYPE>DIMAP</COMPONENT_TYPE>
        <COMPONENT_PATH href="LINEAGE/PROCESSING_PHR1B_MS_202104211119066_SEN_6005996101-2_DIM.XML"/>
      </Component>
    </Processing_Lineage>
  </Processing_Information>
  <Raster_Data>
    <Data_Access>
      <DATA_FILE_ORGANISATION>BAND_COMPOSITE</DATA_FILE_ORGANISATION>
      <DATA_FILE_FORMAT>image/jp2</DATA_FILE_FORMAT>
      <DATA_FILE_TILES>false</DATA_FILE_TILES>
      <Data_Files>
        <Data_File tile_R="1" tile_C="1">
          <DATA_FILE_PATH href="IMG_PHR1B_MS_202104211119066_SEN_6005996101-2_R1C1.JP2"/>
        </Data_File>
      </Data_Files>
    </Data_Access>
    <Raster_Dimensions>
      <NROWS>9967</NROWS>
      <NCOLS>8487</NCOLS>
      <NBANDS>4</NBANDS>
    </Raster_Dimensions>
    <Raster_Encoding>
      <DATA_TYPE>INTEGER</DATA_TYPE>
      <NBITS>16</NBITS>
      <SIGN>UNSIGNED</SIGN>
      <COMPRESSION_TYPE>LOSSLESS</COMPRESSION_TYPE>
    </Raster_Encoding>
    <Raster_Display>
      <Band_Display_Order>
        <RED_CHANNEL>B2</RED_CHANNEL>
        <GREEN_CHANNEL>B1</GREEN_CHANNEL>
        <BLUE_CHANNEL>B0</BLUE_CHANNEL>
        <ALPHA_CHANNEL>B3</ALPHA_CHANNEL>
      </Band_Display_Order>
      <Special_Value>
        <SPECIAL_VALUE_TEXT>NODATA</SPECIAL_VALUE_TEXT>
        <SPECIAL_VALUE_COUNT>0</SPECIAL_VALUE_COUNT>
      </Special_Value>
      <Special_Value>
        <SPECIAL_VALUE_TEXT>SATURATED</SPECIAL_VALUE_TEXT>
        <SPECIAL_VALUE_COUNT>4095</SPECIAL_VALUE_COUNT>
      </Special_Value>
    </Raster_Display>
  </Raster_Data>
  <Radiometric_Data>
    <Dynamic_Range>
      <ACQUISITION_RANGE>12</ACQUISITION_RANGE>
      <PRODUCT_RANGE>12</PRODUCT_RANGE>
    </Dynamic_Range>
    <Histogram_Band_List>
      <Histogram_Band>
        <BAND_ID>B0</BAND_ID>
        <VALUES>0 0 0 0 0 0 0 0 0 0 0 0 0 0 0 0 0 0 0 0 0 0 0 0 0 0 0 0 0 0 0 0 0 0 0 0 0 0 0 0 0 0 0 0 0 0 0 0 0 0 0 0 0 0 0 0 0 0 0 0 0 0 0 0 0 0 0 0 0 0 0 0 0 0 0 0 0 0 0 0 0 0 0 0 0 0 0 0 0 0 0 0 0 0 0 0 0 0 0 0 0 0 0 0 0 0 0 0 0 0 0 0 0 0 0 0 0 0 0 0 0 0 0 0 0 0 0 0 0 0 0 0 0 0 0 0 0 0 0 0 0 0 0 0 0 0 0 0 0 0 0 0 0 0 0 0 0 0 0 0 0 0 0 0 0 0 0 0 0 0 0 0 0 0 0 0 0 0 0 0 0 0 0 0 0 0 0 0 0 0 0 0 0 0 0 0 0 0 0 0 0 0 0 0 0 0 0 0 0 0 0 0 0 0 0 0 0 0 0 0 0 0 0 0 1 0 0 0 0 0 0 0 0 0 0 0 0 0 0 0 0 0 0 0 0 0 0 0 0 0 0 0 0 0 0 0 0 0 0 0 0 0 0 0 0 0 0 0 0 0 0 0 0 0 0 0 0 0 0 0 0 0 0 0 0 0 0 0 0 0 0 0 0 0 0 0 0 0 0 0 0 0 0 0 1 0 0 0 0 0 0 0 0 0 0 0 0 0 0 0 0 0 0 0 0 0 0 0 0 0 0 0 0 0 0 0 0 0 0 0 0 0 0 0 0 0 0 0 0 0 0 0 0 0 0 0 0 0 0 0 0 0 0 0 2 0 0 1 0 0 0 0 0 0 0 1 0 0 0 0 0 1 0 0 1 1 0 0 0 1 0 0 0 2 0 0 1 0 1 1 2 4 9 52 120 349 913 1857 2691 3520 4085 4475 4859 5182 5378 5591 5427 5170 4990 4817 4982 5120 5371 5958 6812 8092 8808 9191 9438 10294 10110 9494 9089 9606 11076 12241 12238 11414 11072 11241 11093 10521 10408 10624 10627 10180 10000 10487 10789 11027 10641 10888 11198 11781 14448 24425 39134 55673 74683 89984 99123 114178 150774 180817 184460 181808 183218 192372 209697 215734 199826 183319 173522 175670 188232 204916 222945 239535 250225 259419 262901 249994 232001 223113 220530 223484 229958 238084 244418 247069 244244 245130 251578 260894 269009 272130 269462 269976 276783 284072 296473 312117 318130 319584 321396 327966 333536 341914 346754 351953 356209 361243 366056 370551 374767 378343 382258 383489 384276 382412 381170 381106 380582 380245 380133 379631 381531 384214 387885 392011 393492 390074 382242 378620 376983 374948 369286 366350 363977 366099 367174 364708 361598 356268 352647 348010 341685 334596 326666 322035 317476 312771 308154 301184 298137 292864 282218 270002 261501 253578 252259 249359 246056 242993 238911 234354 228736 221154 211960 204452 199322 194006 190308 183567 177499 174428 173688 171291 168425 164024 161102 159312 155248 150371 144467 139780 135899 132484 130493 126832 124473 121786 120655 119960 117949 117465 115106 111690 107023 103813 100385 97895 97853 99353 100059 99933 99695 97836 95760 94268 92689 90636 89760 88879 89426 89353 89830 88744 88473 88589 89552 90465 91219 93195 95456 97200 97561 98317 98857 99165 99141 98926 99413 100966 100651 99513 100042 99453 97271 94347 90739 87698 85438 82766 81608 80741 79324 79443 79380 79184 78526 78467 77547 76247 75193 74751 72940 71712 70561 69396 68670 70034 71255 70104 67241 64919 62779 60650 59772 58768 57842 57414 55330 54327 55058 54887 56049 56660 56122 54500 51040 48443 46402 44301 43056 41969 41168 40165 38611 37373 35852 34667 33715 32919 32482 31460 31229 30797 29846 29362 29052 28741 28012 27712 27623 27642 27287 27027 27184 26940 26878 26992 26711 26512 26550 26032 25835 25825 25591 25358 25041 24937 24629 24519 24219 24032 23703 23217 22900 22012 21800 21334 21119 20754 20196 20389 19850 19926 19671 19245 19079 19074 18205 17924 17527 17493 17052 16596 16546 16379 16070 15709 15761 15406 15123 14694 14430 13889 13631 13410 13351 13055 12837 12506 12721 12498 12188 12119 11900 11674 11462 11455 11135 10978 10949 10569 10508 10354 10291 10212 10034 9827 9989 9543 9448 9458 9282 9255 9112 8939 8913 8823 8772 8566 8409 8124 8105 8097 7799 7810 7725 7729 7385 7518 7402 7176 7147 7208 6997 6975 6790 6531 6655 6722 6643 6544 6420 6324 6368 6254 6258 6194 6090 5859 5821 5930 5624 5665 5718 5620 5437 5445 5358 5310 5130 5082 5000 4960 4870 4768 4931 4616 4866 4820 4709 4717 4597 4611 4511 4444 4390 4496 4510 4402 4241 4232 4181 4274 4227 4074 4055 4046 3949 3893 3903 3825 3837 3700 3785 3651 3648 3733 3632 3545 3575 3564 3447 3428 3444 3310 3332 3343 3292 3282 3237 3363 3101 3078 3042 3161 3096 3050 3067 2950 3003 2985 2834 2811 2940 2941 2888 2779 2873 2824 2796 2844 2794 2789 2645 2623 2611 2509 2447 2495 2423 2531 2394 2390 2431 2299 2269 2310 2249 2342 2274 2307 2247 2245 2130 2133 2080 2215 2146 2117 2086 2149 2111 2137 2023 2117 2061 1975 2029 1918 1979 1879 1955 1816 1894 1916 1884 1889 1856 1887 1746 1814 1832 1864 1797 1746 1761 1834 1765 1633 1676 1703 1720 1712 1624 1707 1623 1639 1666 1638 1605 1651 1585 1589 1565 1617 1551 1609 1576 1569 1550 1542 1562 1514 1503 1449 1497 1407 1433 1434 1480 1371 1323 1390 1350 1369 1344 1321 1404 1373 1344 1309 1313 1233 1282 1315 1287 1259 1264 1220 1208 1193 1108 1210 1186 1107 1097 1141 1135 1129 1101 1100 1136 1092 1045 1061 1075 991 1068 1016 1064 1026 1046 991 978 948 1031 1000 980 971 958 843 932 901 944 885 916 918 921 890 851 900 878 846 828 810 782 833 788 773 809 760 756 731 756 749 733 686 697 702 723 727 704 695 659 634 638 676 633 653 654 640 590 615 596 624 569 633 595 550 580 611 573 570 564 576 555 598 532 549 548 569 615 575 583 550 494 554 584 555 567 560 506 536 564 519 567 527 552 545 580 523 477 496 526 506 506 494 532 475 487 477 466 520 510 426 485 530 478 464 487 479 484 495 460 485 501 491 470 477 463 472 479 459 459 471 440 463 446 442 429 427 452 401 415 438 433 447 427 454 417 412 465 419 420 425 412 388 422 412 445 431 424 400 408 399 411 380 398 356 381 374 366 390 375 376 357 323 352 355 327 346 346 327 379 337 354 332 343 385 327 325 312 312 340 328 322 319 310 303 281 325 306 318 304 316 292 328 320 330 293 311 312 314 287 319 288 283 284 295 312 276 251 288 262 267 282 256 274 250 266 258 306 266 265 250 268 262 249 287 299 256 268 237 243 261 257 232 231 239 233 259 275 254 250 230 250 250 234 237 251 225 225 252 242 255 231 215 225 208 217 239 232 229 221 213 228 245 211 222 199 197 223 236 207 226 199 210 223 205 221 215 197 203 222 232 204 191 178 213 178 220 219 201 224 194 191 190 159 213 179 184 205 189 174 166 183 214 186 205 209 187 213 183 204 197 178 181 193 177 175 152 188 185 171 167 208 160 193 162 205 188 186 170 177 156 170 192 169 171 171 191 183 171 151 167 180 190 159 162 149 197 149 164 168 142 163 159 157 151 156 144 120 152 172 135 139 181 167 144 152 155 154 172 132 147 124 143 132 165 137 141 148 160 136 134 141 137 134 138 115 141 124 146 130 121 138 136 130 147 132 118 119 129 120 136 104 137 109 143 136 120 124 107 119 140 123 118 114 113 128 126 105 123 114 127 111 99 132 130 138 130 110 122 141 116 113 115 117 101 135 123 130 113 131 109 118 109 136 134 119 116 102 112 126 119 117 128 120 114 94 93 97 111 109 117 121 115 116 112 106 118 105 109 105 97 86 130 115 127 103 102 89 90 117 119 88 105 104 104 97 87 101 86 110 82 109 81 92 111 95 97 104 85 90 95 94 84 109 87 115 84 77 79 97 85 83 104 98 91 118 83 89 104 97 92 107 71 82 87 94 99 99 103 96 83 81 121 79 102 94 95 90 77 115 100 87 93 83 93 73 91 100 94 96 86 94 102 104 111 80 96 76 85 106 91 100 85 103 70 97 88 86 79 97 77 108 92 77 73 90 110 78 98 85 91 97 79 79 90 92 87 90 80 99 97 92 78 93 88 83 97 92 110 80 83 82 86 90 99 88 73 95 88 79 93 102 97 75 89 75 84 80 79 64 75 73 82 79 69 86 74 78 65 77 71 77 74 88 79 94 81 77 64 81 84 72 66 68 73 65 65 70 76 65 76 72 74 75 69 57 67 69 80 67 57 59 63 76 73 67 70 69 69 66 48 68 71 72 74 72 73 66 62 55 81 68 71 69 64 66 69 50 59 61 70 70 66 65 52 62 56 63 55 72 60 52 63 60 51 38 59 71 58 63 61 55 65 56 68 42 54 57 46 49 44 46 39 50 47 49 43 34 41 40 30 25 27 31 34 39 46 37 32 31 22 31 32 29 36 32 29 31 39 25 28 35 43 26 23 38 30 32 24 27 25 23 29 34 26 26 33 25 32 25 32 23 40 35 32 29 17 39 33 34 37 28 34 27 26 33 31 39 36 38 33 30 29 30 34 31 27 26 25 35 40 26 32 29 32 32 25 25 25 30 27 24 26 39 43 24 20 23 21 26 22 29 27 28 30 20 35 26 33 37 24 39 30 25 29 33 36 28 31 15 24 23 20 12 25 26 29 21 21 24 19 30 29 26 13 21 20 19 17 20 16 17 21 20 18 16 17 21 15 14 20 14 19 17 18 16 17 10 14 14 15 13 21 19 16 15 19 17 10 19 12 22 16 18 13 15 17 21 12 18 17 13 13 12 12 19 18 15 10 17 13 8 14 12 7 15 14 18 13 10 9 12 15 13 13 16 18 12 13 14 15 18 9 13 17 14 6 9 12 10 11 19 11 15 10 9 13 7 15 13 8 8 9 7 14 9 8 12 12 11 8 15 11 9 8 9 12 9 4 7 8 9 8 10 11 11 12 11 9 8 8 5 9 4 7 6 16 9 9 9 12 9 9 8 9 5 15 9 12 7 7 4 7 7 13 10 10 9 6 5 5 10 4 7 7 11 8 2 6 11 6 10 2 10 10 7 7 5 2 5 7 7 7 8 10 12 6 14 9 5 7 7 6 8 7 8 4 6 9 7 6 8 10 3 16 4 4 5 7 7 5 11 6 7 7 3 9 11 7 5 9 9 4 4 3 7 6 6 4 2 6 7 1 4 4 5 2 2 6 4 4 5 2 2 8 2 9 2 4 7 3 3 4 1 2 3 3 4 1 5 3 3 7 3 1 2 5 5 2 2 2 3 4 4 1 3 1 4 5 2 4 0 7 3 5 2 2 4 3 2 3 3 0 1 1 1 0 2 3 0 1 4 2 4 2 1 1 1 2 1 1 2 2 3 2 2 1 1 0 1 3 2 1 2 3 2 2 1 1 2 4 2 1 2 2 3 1 2 0 3 0 2 1 2 0 1 2 2 1 2 0 1 3 0 1 0 2 0 2 2 3 1 2 1 0 0 0 0 1 1 3 2 1 0 1 3 2 0 1 2 1 2 2 1 2 3 2 4 0 1 2 4 0 1 4 2 3 0 0 2 3 1 1 0 1 1 1 0 4 3 3 2 0 0 1 0 4 1 3 0 2 1 1 2 0 0 1 1 0 1 1 1 1 1 1 2 0 3 3 1 0 0 1 2 1 2 1 1 1 2 1 0 1 1 0 2 1 0 0 0 0 0 2 0 0 2 0 0 1 2 2 0 1 0 2 1 1 1 0 1 0 2 0 1 0 0 3 2 2 0 0 0 0 5 0 0 1 0 1 0 0 0 0 0 0 0 0 1 1 0 2 0 0 3 0 1 0 0 1 0 1 2 1 0 0 0 0 1 1 1 0 0 0 0 0 0 1 0 0 0 0 1 1 0 0 0 1 0 0 0 0 0 0 1 1 1 0 1 2 0 1 1 1 0 0 0 0 0 1 0 0 0 1 0 0 0 0 1 0 1 0 1 0 0 0 1 0 0 0 0 1 0 1 0 1 0 0 0 0 0 0 0 0 0 1 0 0 0 0 0 0 0 0 0 0 0 2 0 0 0 1 0 0 0 0 0 0 1 0 1 1 1 0 1 0 0 0 1 0 0 0 0 0 1 0 0 1 0 0 0 0 0 0 0 0 0 0 1 0 0 1 0 0 0 0 0 0 0 0 0 0 0 0 0 0 0 0 0 0 0 0 0 1 0 0 0 0 0 1 0 0 0 0 0 0 0 0 0 0 0 0 0 0 0 0 0 0 0 0 0 0 0 1 0 0 0 1 0 0 0 0 0 0 0 0 0 0 0 0 0 0 0 0 0 0 0 0 1 0 0 0 0 2 1 0 0 0 0 0 0 0 0 0 0 1 0 0 0 1 1 0 0 0 0 0 0 0 1 0 0 0 0 0 0 0 0 0 1 1 0 0 0 0 0 0 1 1 1 0 0 0 1 0 1 0 0 0 0 0 1 0 0 1 1 0 1 0 1 0 0 0 0 0 0 0 0 0 0 0 0 0 0 0 0 0 0 1 0 0 1 0 0 0 0 0 0 0 2 0 0 0 0 0 0 0 0 0 0 0 0 1 0 0 0 1 0 0 1 0 0 0 0 1 0 0 0 0 0 0 0 0 0 0 1 0 1 0 0 0 0 0 0 0 0 0 0 0 0 0 1 0 0 0 0 0 0 0 0 0 0 0 0 0 0 0 0 0 0 0 0 0 0 0 0 0 0 0 1 0 0 1 1 0 0 0 0 0 0 0 0 0 0 0 0 2 0 0 0 1 0 0 0 0 0 0 1 1 1 0 0 0 1 0 0 0 0 0 0 0 0 0 1 0 1 0 0 0 0 0 0 0 0 0 0 0 0 0 0 0 0 0 0 0 0 0 0 1 0 0 0 0 0 0 1 0 0 0 1 0 0 0 0 1 0 0 1 0 0 0 0 0 0 0 0 0 0 0 0 1 0 0 0 0 1 0 0 0 0 0 0 0 0 0 0 0 0 0 0 0 0 0 0 0 0 0 0 0 0 0 0 0 0 0 0 0 0 0 0 1 0 0 0 0 0 0 1 1 0 0 0 0 0 0 0 0 0 0 1 0 0 0 0 0 1 0 0 0 0 0 0 0 0 0 0 0 0 0 0 0 0 0 0 1 0 0 0 1 0 0 0 0 1 0 0 0 0 0 0 0 0 0 0 0 0 0 0 0 1 0 0 0 0 0 0 0 0 0 0 0 0 0 0 0 0 0 0 0 0 0 0 0 0 0 0 0 0 0 0 0 0 0 0 0 0 0 0 1 0 0 0 0 0 0 0 0 0 0 0 0 0 0 0 0 0 0 0 0 0 0 0 0 0 0 0 0 0 0 0 0 0 0 0 0 0 0 1 0 0 0 1 1 0 0 0 0 0 0 0 0 0 0 0 0 0 0 0 0 0 0 0 0 0 0 0 0 0 1 0 0 0 0 1 0 0 0 0 0 0 0 0 0 0 0 0 0 0 0 0 0 0 0 0 0 0 0 0 0 0 0 0 0 0 0 0 0 1 0 0 0 1 0 0 0 0 0 0 0 1 0 0 0 0 0 0 0 0 0 0 0 0 0 0 0 0 0 0 0 0 0 0 0 0 0 0 0 0 0 0 0 0 1 0 0 1 0 0 0 0 0 0 0 0 0 0 0 0 0 0 0 0 0 0 0 0 0 0 0 0 0 0 0 0 1 0 0 0 0 0 0 0 1 0 0 0 1 0 0 0 0 0 0 0 0 0 0 0 0 0 0 0 1 0 0 0 0 1 0 0 0 0 0 0 0 0 0 0 0 0 0 0 0 0 0 0 0 0 0 0 1 0 0 1 0 0 0 0 0 0 0 0 0 0 0 1 0 0 0 1 0 0 0 0 0 0 0 0 0 0 0 0 1 0 0 0 0 0 0 0 0 0 0 0 0 0 0 1 0 0 0 0 0 0 0 0 0 0 0 0 0 0 0 0 0 0 0 0 0 0 0 0 0 0 0 0 1 0 0 0 0 0 0 0 0 0 0 0 0 0 0 0 0 0 0 0 0 0 1 0 0 0 0 0 0 0 0 0 0 0 0 0 0 0 0 0 0 0 0 0 0 0 0 0 0 0 0 0 0 0 0 0 0 0 0 0 0 0 1 0 0 0 0 0 0 0 0 0 0 0 1 0 0 0 0 0 0 0 1 0 0 0 0 0 0 0 0 1 0 0 0 0 1 0 0 0 0 0 0 0 0 0 0 0 0 0 0 1 0 0 0 0 0 0 0 0 0 0 0 0 1 0 0 0 0 0 0 0 0 0 0 0 0 0 0 0 0 0 0 0 0 0 0 0 0 0 0 0 0 0 0 0 0 0 0 0 0 0 0 0 0 0 0 0 0 0 0 0 0 0 0 0 0 0 0 0 0 0 0 0 0 0 0 0 0 0 0 0 0 0 0 0 0 0 0 0 0 0 0 0 0 0 0 0 0 0 0 0 0 0 1 0 0 0 0 0 0 0 0 0 0 0 0 0 0 0 0 0 0 0 0 0 0 0 0 0 0 0 0 0 0 0 0 1 0 0 0 0 0 0 1 0 0 0 0 0 0 0 0 0 0 0 0 0 1 0 0 0 0 0 0 0 0 0 0 0 0 0 0 0 0 0 0 0 0 0 0 0 0 0 0 0 0 0 0 0 0 0 0 0 0 0 0 0 1 0 0 0 0 0 0 0 0 0 0 0 0 0 0 0 1 0 0 0 0 0 0 0 0 0 0 0 1 0 0 0 0 0 0 0 0 0 0 0 1 0 1 0 0 0 0 0 0 0 0 0 0 0 0 0 0 0 0 0 0 0 0 1 1 0 0 0 0 0 1 0 0 0 0 0 0 0 0 0 0 0 0 0 0 0 0 0 0 0 0 0 0 0 0 0 0 0 0 0 0 0 0 0 0 0 0 0 0 0 0 0 0 0 0 0 0 0 0 0 0 0 0 0 1 1 0 1 0 0 0 0 0 0 0 0 0 0 0 0 0 0 0 0 0 1 0 0 0 0 0 0 0 0 0 0 0 0 0 0 0 0 0 0 0 0 0 0 0 0 0 0 0 0 0 0 0 0 0 0 0 0 0 0 0 0 0 0 0 0 0 0 0 0 0 0 0 0 0 0 0 0 0 0 0 0 0 1 0 0 0 0 0 0 0 0 0 0 0 0 0 0 0 0 0 0 0 0 0 0 1 0 0 0 0 0 0 0 0 0 0 0 0 0 0 0 0 0 0 0 0 0 0 1 0 0 0 0 0 0 0 0 0 0 2 0 0 0 0 0 0 0 0 0 0 0 0 0 0 0 0 0 0 0 0 0 0 0 0 0 0 0 0 0 0 0 0 0 0 0 0 0 0 0 0 0 0 0 0 0 0 0 0 0 0 0 0 0 0 0 0 0 0 0 0 0 0 0 0 0 0 1 0 0 0 0 0 0 0 0 0 0 0 0 0 0 0 0 0 0 0 0 0 0 1 0 0 0 0 0 0 0 0 0 0 0 0 0 0 0 1 0 0 0 0 0 0 0 0 0 0 0 0 0 0 0 0 0 0 0 0 0 1 0 0 0 0 0 0 0 0 0 0 0 0 0 0 0 1 0 0 0 0 0 0</VALUES>
        <MIN>224</MIN>
        <MAX>4089</MAX>
        <MEAN>558.848</MEAN>
        <STDV>89.8106</STDV>
      </Histogram_Band>
      <Histogram_Band>
        <BAND_ID>B1</BAND_ID>
        <VALUES>0 0 0 0 0 0 0 0 0 0 0 0 0 0 0 0 0 0 0 0 0 0 0 0 0 0 0 0 0 0 0 0 0 0 0 0 0 0 0 0 0 0 0 0 0 0 0 0 0 0 0 0 0 0 0 0 0 0 0 0 0 0 0 0 0 0 0 0 0 0 0 0 0 0 0 0 0 0 0 0 0 0 0 0 0 0 0 0 0 0 0 0 0 0 0 0 0 0 0 0 0 0 0 0 0 0 0 0 0 0 0 0 0 0 0 0 0 0 0 0 0 0 0 0 0 0 0 0 0 0 0 0 0 0 0 0 0 0 0 0 0 0 0 0 0 0 0 0 0 0 0 0 0 0 0 0 0 0 0 0 0 0 0 0 0 0 0 0 0 0 0 0 0 0 0 0 0 0 0 0 0 0 0 0 0 0 0 0 0 0 0 0 0 0 0 0 0 0 0 0 0 0 0 0 0 0 0 0 0 0 0 0 0 1 0 0 0 0 0 0 0 0 0 0 0 1 0 0 0 0 0 0 0 0 0 0 0 0 0 0 0 0 1 0 0 0 0 0 0 0 0 0 0 1 0 0 0 0 0 0 0 1 0 0 0 0 0 0 0 0 0 0 1 0 0 0 0 0 1 0 1 0 0 0 1 2 46 467 1715 2835 2712 2927 4137 5013 4878 4483 4285 4090 4141 4427 4503 4723 5081 6077 6385 7532 8576 8690 9658 11140 11489 9923 8501 8063 8275 8264 7300 7048 6742 6274 5950 6305 6621 6318 6284 6080 6209 6020 5420 5148 4827 4790 5176 5540 5971 6913 12301 26097 41298 49842 50899 56543 68359 79596 86357 90126 100142 116350 124293 121453 120445 118836 113327 108421 111314 121347 130444 133873 132869 127990 122416 117780 121416 133272 154353 175883 189517 189475 176922 167511 166905 161748 150072 136919 127786 118442 111113 106420 105218 108283 110873 113299 114158 114994 116213 116407 117815 117824 117243 116267 118045 121737 126972 133680 141338 148559 148918 146926 139281 130497 121836 119089 120798 124587 125777 126224 127111 129824 134565 137520 136045 131340 126713 124333 124707 126940 130709 135573 140353 144278 146154 146972 147872 151677 157461 164913 171694 178201 180974 182977 186498 190607 196927 203387 209237 214692 217377 218709 217336 216258 217995 221630 224598 229663 234211 236499 240221 244481 251565 255845 260611 265560 268832 271338 271139 272247 272518 271912 271163 268889 265392 263970 264699 265763 266444 269610 270741 270270 270592 269708 266342 266409 269413 270334 269644 267674 265687 265283 265371 264569 263940 261457 257853 252256 249237 247292 248011 245568 245233 242973 241531 239831 238600 237014 232266 227931 223047 220160 218396 215630 213582 212614 213099 210353 209325 207175 205118 202849 199452 196158 193184 191051 188818 187042 183586 179680 176326 175447 171992 170924 168100 165638 162037 159749 157891 153358 148990 145188 141366 138506 135657 134065 131149 128678 125883 123438 121316 119847 118631 115763 112237 109493 108445 106441 105491 103867 102089 99976 99591 97549 96838 95147 93958 92348 91586 90925 90121 88473 87723 86937 86419 86222 85107 84651 83821 82371 80908 79817 78486 77240 77319 77500 77510 76211 74596 74274 73865 73997 73718 72595 72089 72002 71716 71807 71943 72100 72811 72870 72494 72064 73201 74825 77166 79534 80831 81203 81299 79045 76513 74641 74209 74793 73865 74109 76072 76999 76612 73877 71438 69482 67149 65607 64311 61888 60607 59211 57602 57503 56549 56584 56689 56538 56091 55128 54768 54607 53988 52896 50769 49733 48664 47462 47122 47030 47221 47502 47811 46920 46433 45908 44378 42977 41891 41101 40884 39603 38875 39048 39362 39590 40553 40983 40969 40209 38761 37333 36590 36049 34948 33495 32773 31828 30602 29169 27950 26953 26256 25743 25847 25741 25103 24961 24516 24234 23794 23552 23297 23034 22886 23086 23114 22819 22479 22131 22116 21923 21542 21046 21530 21044 20904 20691 20799 20582 20102 20040 19926 19463 19581 19258 19240 18885 18590 18095 18033 17552 17586 17420 17353 17087 16938 16939 16786 16308 16060 16246 16124 15786 15570 15226 15224 14710 14692 14621 14581 14449 14165 14238 14210 14136 14065 13621 13577 13388 13315 13216 13066 12711 12719 12342 12473 12363 12330 12064 11877 11809 11709 11467 11413 11436 11067 11288 11076 10701 10532 10425 10310 10063 9829 9812 9758 9492 9472 9452 9364 9210 8815 8741 8589 8469 8056 8197 8025 8115 7959 8030 7670 7686 7778 7738 7718 7701 7536 7361 7011 7174 6849 6917 6750 6684 6646 6657 6657 6557 6515 6494 6417 6235 6072 5926 5885 5851 5754 5823 5712 5725 5933 5576 5648 5466 5359 5366 5231 5377 5446 5213 5300 5270 5186 5178 5109 5129 4989 4778 4858 4609 4779 4634 4495 4702 4568 4329 4318 4366 4332 4227 4258 4288 4300 4188 4068 4037 4184 4046 4128 3984 3979 3834 3974 3927 3920 3737 3782 3713 3685 3694 3587 3660 3563 3639 3569 3459 3435 3454 3400 3412 3462 3378 3345 3390 3264 3242 3296 3167 3203 3140 3215 3110 3183 3150 3174 3042 3213 3122 3001 3034 2988 2864 2938 2903 2853 2917 2923 2925 2853 2871 2893 2761 2785 2646 2724 2724 2669 2759 2692 2598 2727 2639 2612 2644 2590 2531 2482 2446 2419 2369 2401 2498 2394 2442 2315 2396 2268 2302 2352 2301 2273 2257 2222 2205 2218 2174 2064 2174 2188 2177 2145 2152 2102 2002 2076 1968 1971 1893 2008 2008 1871 1908 1877 1809 1967 1918 1934 1892 1871 1799 1820 1785 1708 1717 1802 1833 1724 1906 1826 1883 1788 1767 1668 1655 1651 1595 1604 1599 1635 1563 1517 1584 1535 1569 1540 1518 1504 1443 1484 1453 1483 1512 1395 1400 1369 1441 1434 1377 1388 1371 1473 1401 1379 1370 1254 1304 1310 1251 1338 1221 1266 1268 1292 1238 1220 1213 1163 1141 1247 1200 1215 1146 1128 1153 1179 1094 1137 1109 1182 1114 1076 1114 1104 1057 1038 1100 1091 1027 1059 1082 1060 1092 1078 1107 1132 974 1083 1035 1007 1099 1054 1026 997 1046 1006 1009 968 1010 1000 1002 976 995 938 900 907 1036 864 916 902 918 923 921 894 903 845 855 855 816 834 856 827 825 858 858 821 769 827 839 808 871 784 809 832 766 787 764 772 762 753 767 791 753 725 721 758 760 732 679 778 701 729 710 706 671 664 614 718 651 669 680 677 684 625 675 669 617 622 684 600 615 588 596 606 601 599 564 565 578 579 572 526 551 510 508 551 519 541 522 523 507 514 450 519 474 504 468 488 487 504 481 460 473 453 520 501 483 439 482 465 447 434 412 454 428 429 464 411 458 394 436 450 409 409 413 422 385 408 406 389 396 398 406 409 396 375 417 371 394 394 379 359 396 391 376 389 361 394 404 398 366 376 362 366 363 394 345 380 353 353 360 363 368 370 383 335 329 376 378 365 340 368 377 347 338 341 372 343 349 347 367 343 348 336 320 287 329 327 328 322 326 325 328 279 323 306 312 326 330 290 337 305 313 305 302 293 307 342 285 347 283 356 295 339 273 348 298 310 320 284 297 287 303 295 312 323 295 238 308 267 296 288 274 262 253 252 255 280 237 259 262 255 249 264 269 252 278 257 240 247 241 253 257 217 208 219 240 229 220 240 235 209 227 201 205 230 205 241 215 211 217 214 196 215 188 204 197 208 168 184 191 203 210 178 205 181 206 185 168 202 168 186 175 189 169 196 182 170 181 171 174 194 184 160 174 176 171 162 175 159 165 177 183 163 155 167 164 160 157 163 156 140 178 153 167 176 185 142 154 151 137 149 148 149 138 145 169 128 130 137 124 147 136 140 147 121 164 156 170 137 134 142 155 147 145 137 136 130 133 138 134 152 132 128 138 108 162 125 142 143 135 131 124 135 146 164 149 131 149 169 120 135 139 127 132 131 118 136 124 125 120 135 121 113 115 136 138 134 136 137 131 111 135 108 135 119 122 116 135 124 116 130 128 122 114 104 115 126 133 131 139 121 108 114 111 127 135 107 94 106 117 124 99 113 104 122 117 116 128 101 110 124 103 129 118 104 94 102 121 102 110 110 106 101 102 109 120 109 105 108 108 99 127 99 106 105 92 96 106 98 108 112 107 115 99 97 93 97 111 116 113 104 96 103 102 109 103 101 112 105 97 103 104 102 115 103 104 97 82 101 116 100 128 87 83 102 107 105 95 83 94 103 99 109 99 86 97 93 96 93 107 78 102 87 70 95 94 70 70 78 86 89 88 86 81 77 83 98 78 79 95 81 51 86 85 91 79 77 89 73 80 86 88 73 79 78 71 88 71 80 87 77 87 79 72 81 78 68 83 91 86 70 64 76 72 80 69 67 72 69 67 72 88 77 74 66 73 73 66 73 83 75 73 78 82 110 72 73 74 77 73 81 73 74 72 72 74 80 62 73 63 75 70 61 81 69 64 69 69 68 59 63 54 65 69 70 72 65 75 71 56 59 55 56 46 61 68 64 51 55 45 50 45 43 54 57 48 38 40 50 46 41 45 55 43 40 51 48 60 35 29 39 40 44 43 35 47 38 40 37 42 46 36 36 34 35 44 37 32 35 32 33 38 30 35 34 38 44 36 47 36 32 35 41 49 41 40 45 41 43 28 30 25 30 34 33 35 33 30 40 27 53 36 40 31 30 29 33 35 25 30 44 30 22 36 37 29 26 26 23 19 25 22 29 25 35 33 35 27 33 30 35 35 30 45 27 33 29 28 35 29 34 22 30 23 23 35 16 23 18 34 25 27 30 28 15 29 24 24 28 26 23 17 22 25 24 22 32 28 33 25 14 25 29 23 16 23 19 29 21 27 23 21 21 18 21 18 19 22 23 19 19 22 27 12 19 22 23 22 19 23 21 21 18 21 12 21 18 15 18 25 16 22 19 23 12 31 11 31 19 16 21 22 13 14 19 24 8 20 23 12 17 13 8 21 17 11 25 13 16 22 8 11 10 12 20 18 12 13 26 14 18 14 13 9 13 15 17 16 10 13 14 13 13 15 11 14 13 13 14 18 18 11 15 10 13 17 18 11 10 17 25 13 13 19 13 16 21 15 10 18 12 20 15 12 14 16 13 10 6 19 11 13 17 18 14 19 7 14 13 22 9 16 9 19 14 10 9 10 8 16 9 14 5 7 10 15 15 13 6 10 10 10 14 9 9 8 8 6 8 4 7 15 3 6 8 7 9 12 9 12 5 9 13 11 11 6 12 13 13 10 15 11 5 8 12 7 8 6 7 7 9 9 6 2 5 7 11 5 5 5 6 9 3 2 4 4 10 7 5 4 6 6 6 4 5 8 5 5 6 8 3 3 6 6 6 3 2 5 5 3 5 4 3 3 7 3 5 4 7 1 1 9 6 6 2 1 5 5 3 3 5 7 6 3 2 2 4 2 1 1 3 4 3 6 5 2 2 3 5 2 1 5 3 0 2 3 2 3 3 2 2 1 3 1 5 7 2 3 3 3 3 6 1 2 3 3 4 4 2 6 4 0 4 4 4 1 2 0 1 3 2 2 4 2 1 2 1 2 3 3 2 3 1 3 3 4 2 1 3 4 2 2 2 1 2 4 2 0 4 2 2 5 1 0 3 3 4 2 3 0 2 2 4 3 3 4 0 3 1 1 4 1 1 1 0 3 4 3 2 0 4 2 5 1 1 5 3 5 2 2 7 2 3 3 2 1 0 2 1 4 2 3 1 2 0 0 2 4 0 6 0 4 1 1 1 3 3 1 2 0 3 3 0 1 1 2 3 3 1 3 4 1 3 0 2 0 1 1 3 2 3 0 2 2 3 1 0 2 1 1 0 1 1 2 0 2 2 1 2 2 0 3 1 1 0 1 2 1 1 0 0 2 1 2 4 2 1 2 0 1 1 1 2 2 2 1 0 2 1 1 2 1 1 1 1 1 0 0 5 2 2 1 1 3 1 0 0 0 0 2 4 1 3 2 2 4 3 1 0 2 2 0 3 1 0 1 0 1 1 2 1 1 2 1 1 2 1 0 3 4 2 2 0 1 3 0 0 0 1 0 0 1 1 2 2 3 6 1 1 1 2 1 1 0 0 1 0 0 0 2 1 0 0 1 0 2 1 0 0 3 1 1 2 3 1 0 1 1 1 0 2 0 1 1 0 0 1 1 0 0 1 1 1 0 1 2 1 1 0 3 1 1 1 0 1 0 0 0 1 1 1 0 0 2 0 1 1 1 0 1 1 0 0 0 1 0 0 0 1 2 1 0 0 1 0 1 0 0 2 0 1 1 0 0 0 0 0 1 1 0 0 1 1 1 0 0 1 1 1 0 1 0 1 0 0 1 0 0 0 0 1 1 0 0 3 1 0 0 0 1 1 0 0 0 0 0 0 2 1 0 0 1 0 0 0 2 0 0 0 1 2 0 0 0 0 2 0 1 0 2 0 0 0 0 0 1 1 1 0 0 0 0 0 0 0 0 0 0 0 0 0 1 0 2 0 0 0 2 0 1 1 0 0 1 1 1 0 0 0 2 2 0 0 0 1 1 0 0 0 0 0 1 0 0 0 0 0 0 1 0 0 0 0 0 1 0 0 1 0 0 0 1 0 1 0 0 0 0 0 0 0 0 0 0 0 0 0 0 0 0 0 0 0 0 0 0 0 0 0 0 0 2 0 0 0 0 1 0 0 0 0 0 1 0 1 0 1 0 0 0 0 0 1 1 0 0 0 0 1 0 0 1 0 0 0 0 0 1 1 0 0 1 0 0 0 0 0 0 1 0 0 0 0 0 1 0 2 0 0 0 0 0 0 0 0 0 1 0 0 0 1 0 0 0 1 0 0 1 0 0 0 0 0 0 1 0 0 0 0 0 0 0 0 1 1 0 0 0 0 0 1 0 0 0 0 0 0 0 0 0 1 1 1 0 0 0 0 1 0 0 0 0 0 0 0 0 0 0 0 0 0 0 0 0 0 0 1 0 0 0 1 0 0 1 0 0 0 0 0 0 0 1 0 0 0 0 1 0 0 0 0 0 0 0 0 0 0 0 0 0 0 0 0 0 0 0 1 0 0 1 0 0 0 0 0 0 1 0 0 0 0 0 0 0 0 0 0 0 0 0 0 0 0 0 1 0 0 0 0 0 1 0 0 0 0 0 0 0 1 0 0 0 0 0 0 0 0 0 0 1 0 0 0 0 0 0 0 0 0 0 0 0 0 0 0 0 0 1 1 0 0 0 0 0 0 0 0 0 0 0 0 0 0 0 0 0 0 1 0 0 0 1 0 1 0 0 0 0 1 0 0 0 0 0 0 1 0 0 0 0 0 1 0 0 0 0 0 0 0 0 0 0 0 0 0 0 0 0 0 0 0 0 0 0 1 1 0 0 0 0 0 0 1 1 0 0 0 0 0 1 0 0 0 0 0 0 1 0 0 0 1 0 0 0 0 0 0 0 0 0 0 0 0 0 0 0 0 0 0 0 0 1 0 0 0 0 0 0 0 1 0 0 0 0 0 0 0 0 0 0 1 0 0 0 0 0 0 0 0 0 0 0 0 0 0 0 0 0 0 1 0 1 1 0 0 0 0 0 0 0 0 0 0 0 0 0 0 0 0 0 0 0 1 0 1 0 0 0 0 0 0 0 0 0 0 0 0 0 0 0 0 0 1 0 1 1 0 0 0 0 0 0 0 0 0 0 0 0 0 0 0 0 0 0 0 0 0 1 0 0 0 0 0 0 0 0 0 0 0 0 0 0 0 1 0 0 0 0 0 0 0 0 1 0 0 0 0 0 0 0 0 0 0 0 0 0 0 0 0 0 0 0 0 0 0 0 0 0 0 0 0 0 0 0 0 0 0 0 0 0 0 0 0 0 0 0 0 0 0 0 0 0 0 0 0 0 0 0 0 0 0 0 0 0 0 0 0 0 0 1 0 0 0 0 0 0 0 0 0 0 0 1 0 0 0 0 0 0 0 0 0 0 0 0 0 0 0 0 0 0 0 0 0 0 0 0 0 0 0 0 0 0 0 0 0 0 0 0 0 0 0 0 0 0 0 0 0 2 0 0 0 0 0 0 0 0 0 0 0 0 1 0 0 0 0 0 0 0 0 0 0 0 0 0 0 0 0 0 0 0 0 0 0 0 0 0 1 0 0 0 0 1 0 0 0 0 0 0 0 2 0 0 0 0 0 0 0 0 0 0 0 0 0 0 0 0 0 0 0 0 0 0 0 0 0 0 0 0 0 1 0 0 0 0 0 0 0 0 0 0 0 0 0 0 0 0 0 0 2 0 0 0 0 0 0 0 0 0 0 0 0 0 0 0 0 0 0 0 0 0 0 0 0 0 0 0 0 0 1 0 0 0 0 0 0 0 0 0 0 0 0 0 0 0 0 0 0 0 0 0 0 0 0 0 0 1 0 0 0 0 1 0 1 0 0 0 0 0 0 0 0 0 0 0 0 0 0 0 0 0 0 0 0 0 0 0 0 0 0 0 0 0 0 0 0 0 0 0 0 0 1 0 0 0 0 0 0 0 0 0 0 0 0 0 0 0 0 0 0 0 0 0 0 0 0 0 0 0 0 0 0 0 0 0 0 0 0 0 0 0 0 0 0 0 0 0 1 0 1 0 0 0 0 0 0 0 0 0 0 1 0 0 0 0 0 1 0 0 0 0 0 0 1 0 0 0 0 0 0 0 0 0 0 1 0 0 0 0 0 0 0 0 0 0 0 0 0 0 0 0 0 0 0 0 0 0 0 0 0 0 0 0 0 0 0 0 0 0 0 0 0 0 0 0 0 0 0 0 0 0 0 0 0 0 0 0 0 0 0 0 0 0 0 0 0 0 0 0 0 0 0 0 0 0 1 0 0 0 0 0 0 1 0 0 0 0 0 0 0 0 1 0 0 0 0 0 0 0 0 0 0 0 0 0 0 0 0 0 0 0 0 0 0 0 0 0 0 0 0 0 1 0 0 0 0 0 0 0 0 0 0 0 1 0 0 0 0 0 0 0 0 0 0 0 0 0 0 0 0 0 0 0 0 0 0 0 0 0 0 0 0 0 0 0 0 0 0 0 0 0 0 0 0 0 0 0 0 0 0 0 0 1 0 0 0 0 0 0 0 0 0 0 0 0 0 0 0 0 0 0 1 0 0 0 0 0 0 0 0 0 0 0 0 0 0 1 0 0 0 0 0 0 0 0 0 0 0 0 0 0 0 0 0 0 0 0 0 0 0 0 1 0 0 1 0 0 0 0 0 0 0 0 0 0 0 0 0 0 0 0 0 0 0 0 0 0 0 0 0 0 0 0 0 0 0 0 0 1 0 0 0 0 0 1 0 0 0 0 0 0 0 0 0 0 0 0 0 0 0 0 0 0 1 0 0 0 0 0 0 0 0 0 0 0 0 0 0 0 0 0 0 0 0 0 0 0 0 0 0 0 0 0 0 0 0 0 0 0 0 0 0 0 0 0 0 0 0 0 0 0 0 0 0 0 1 0 0 0 0 0 0 0 0 1 0 0 0 0 0 0 1 0 0 0 0 0 1 0 0 0 0 0 0 0 0 1 0 0 0 0 0 0 0 0 1 0 0 0 0 0 0 0 0 0 0 0 0 1 0 0 0 0 0 0 0 0 0 0 0 0 0 0 0 0 0 0 0 0 0 0 0 0 0 0 0 0 0 0 0 0 1 0 0 0 0 0 0 0 0 0 0 0 0 0 0 0 1 0 0 0 0 0 0 0 0 0 0 0 0 0 0 0 1 0 0 0 0 0 0 0 0 0 0 0 0 0 1 0 0 0 0 0 0 0 0 0 0 0 0 0 0 0 0 0 0 0 0 0 0 0 0 0 0 0 0 0 1 0 0 0 1 1 1 0 0 0 0 0 0 0 0 0 0 0 0 0 0 0 1 0</VALUES>
        <MIN>213</MIN>
        <MAX>4094</MAX>
        <MEAN>493.452</MEAN>
        <STDV>111.762</STDV>
      </Histogram_Band>
      <Histogram_Band>
        <BAND_ID>B2</BAND_ID>
        <VALUES>0 0 0 0 0 0 0 0 0 0 0 0 0 0 0 0 0 0 0 0 0 0 0 0 0 0 0 0 0 0 0 0 0 0 0 0 0 0 0 1 0 0 0 1 0 0 0 0 0 0 0 0 0 0 0 0 0 0 0 0 0 0 0 0 0 0 0 0 0 0 0 0 0 0 0 0 0 0 0 0 0 0 0 0 0 0 0 0 0 0 0 0 0 0 0 0 0 0 0 0 0 0 0 0 0 0 0 0 0 0 0 0 0 1 0 0 0 0 0 1 0 0 0 0 0 0 0 1 0 0 1 0 0 1 0 0 1 0 0 0 0 1 75 1044 3644 5162 5420 5835 6038 6191 5407 5350 5554 5463 5595 5919 7205 9299 11035 11617 13280 13492 11225 10046 9360 7513 6913 7778 7244 5793 5354 6099 18591 77621 195362 288846 277102 264156 270992 291243 333548 344803 327916 291508 260663 258901 270598 272931 260503 239801 212332 190831 177364 180378 188179 188575 186126 186448 189634 186840 181706 174232 168191 161338 152869 148204 146972 151692 154446 148013 138594 133433 130855 130424 133932 141693 143860 144778 146704 147865 151480 157082 155904 147180 137683 129153 122666 116938 112809 111238 109496 107907 104398 101128 100738 105228 112887 122541 124376 119718 116728 116192 113093 109898 106236 103500 101171 102122 102195 102268 100748 100917 103205 103943 101234 100100 98334 97595 98838 98590 99864 100868 100141 100360 101037 100658 100283 99387 100336 101134 102276 103061 105959 107438 108595 109170 108264 107198 108317 110050 111956 114630 116834 119087 121896 124467 124117 124080 124447 125461 128387 129114 129432 128430 128904 129935 131163 132023 132185 132081 131689 131513 131644 132059 132561 134068 134684 135970 137352 137811 137095 138870 140602 141292 141703 142353 142874 143547 143350 144254 145097 145178 145459 145640 146436 147898 147358 146717 148362 147459 148499 148523 149493 148996 149734 148684 148230 148222 147743 148649 149310 148892 148845 149509 150215 148389 148613 149008 148780 149580 148214 148339 148132 148489 149025 147660 147614 147070 148170 146929 146536 145279 144998 144767 144384 143695 144173 144359 143228 141730 142496 141179 142556 141811 141424 138835 138585 136082 134433 133115 132439 131980 132421 131379 131075 129833 129714 128282 127437 127177 127226 126044 126037 125054 123791 123919 122851 121238 119844 119355 118878 118366 117648 117747 116077 115335 114544 113937 113597 112735 111637 111009 110038 109563 109089 108048 107663 105400 104180 102546 101943 101039 99650 98684 97749 96553 96436 94822 93077 92218 91229 90730 90011 88701 86669 85499 84620 83318 82927 82314 80944 80448 78993 77803 76791 75526 74895 73581 73134 71987 71291 70186 68553 67472 66199 65006 64757 63644 63556 62394 61784 60834 60609 60422 59474 58764 57904 57436 57194 56674 55696 54827 53884 53411 53289 53147 52623 52191 51934 51189 50558 50012 49549 49480 48881 48445 48332 47769 48030 47817 47202 46833 46453 45880 45562 45357 45016 44828 44558 44390 44459 44056 44196 43429 43191 43006 41884 41676 41090 41052 40757 40462 40745 40323 40185 40249 39411 39564 39517 39274 39120 39114 39050 38659 38235 38360 37488 37601 37367 37363 36759 36844 37043 37378 36958 36333 36476 36259 36397 36326 36760 36919 36713 36832 36451 36465 36814 36067 35648 34881 34028 33241 32396 30876 30480 29868 29337 29113 28110 27637 26969 26547 25955 25741 25337 25972 26276 25838 24747 23779 23477 23237 22826 22472 22189 21934 21377 20737 20971 20622 20121 19814 19543 19329 19082 18928 18868 18754 18053 18257 17922 18106 18118 17872 17910 17757 17783 17928 17684 17745 17828 17798 17472 17602 17433 17389 17514 17650 17591 17735 17681 17790 17861 17535 17681 17745 17437 17767 17431 17286 17073 16840 16621 16533 16555 16543 16374 15896 15788 15726 15945 15819 15737 15489 15164 15070 14772 14852 14654 14752 14687 14446 14275 14236 14162 14033 14072 13834 14281 13794 13838 13823 13785 14217 14154 14138 14258 14344 14251 14354 14355 14576 14544 14708 14909 14754 14833 15142 15260 15649 15663 15610 15840 15743 16150 15877 16152 16119 16054 15937 15820 15950 15640 15882 15533 15760 15472 15212 15278 14927 14990 14887 14878 14899 14674 14816 14823 14624 14609 14775 14426 14298 14352 14075 14038 13886 13790 13774 13613 13785 13592 13573 13500 13409 13392 13475 13234 13010 13108 13057 12833 12688 12784 12746 12675 12469 12445 12081 12161 11996 11780 11769 11570 11547 11223 11291 11295 11008 11140 11125 10983 10973 10505 10736 10846 10603 10552 10311 10308 10084 10004 9940 9748 9562 9618 9486 9334 9370 9110 9149 8992 8742 9046 8947 8841 8942 8904 8741 8593 8440 8406 8570 8286 8539 8431 8410 8286 8241 8432 8232 8116 8208 8105 8060 8000 7944 7834 7930 7688 7757 7674 7591 7539 7334 7370 7276 7281 7324 7298 7189 6996 6952 6801 6804 6778 6622 6594 6584 6629 6502 6532 6505 6562 6541 6429 6235 6274 6106 6003 6134 6028 6032 5990 5952 5817 5739 5832 5633 5672 5643 5467 5451 5578 5491 5477 5279 5289 5263 5144 5093 5038 5006 5022 4942 5069 4841 4734 4762 4764 4796 4684 4564 4616 4485 4595 4496 4522 4415 4409 4399 4320 4148 4103 4152 4081 4038 4051 3978 4007 3795 3737 3609 3658 3644 3773 3694 3660 3596 3532 3678 3468 3462 3451 3429 3475 3345 3312 3271 3441 3265 3327 3297 3163 3205 3343 3172 3270 3130 3238 3217 3238 3224 3213 3210 3092 3112 2947 3055 3050 3027 2981 3001 2978 2946 2952 2819 2862 3021 2958 2858 2893 2919 2782 2850 2771 2779 2733 2681 2734 2598 2542 2573 2498 2508 2516 2566 2551 2425 2471 2547 2526 2440 2483 2365 2317 2333 2316 2286 2243 2265 2284 2314 2220 2171 2167 2191 2290 2258 2138 2180 2070 2187 2121 2095 2240 2166 2139 2136 2090 2108 2060 2064 2062 2030 2126 2004 2000 2024 2036 1926 1962 1869 1928 2016 2017 1954 1975 1869 1905 1898 1819 1940 1870 1903 1823 1836 1837 1800 1779 1836 1834 1815 1813 1850 1833 1749 1840 1767 1838 1832 1795 1742 1764 1782 1786 1709 1670 1767 1667 1714 1767 1718 1677 1653 1643 1704 1598 1649 1625 1618 1654 1633 1608 1504 1644 1585 1599 1551 1560 1530 1588 1555 1599 1589 1565 1570 1571 1544 1529 1559 1586 1410 1494 1493 1499 1480 1472 1426 1431 1452 1423 1365 1424 1428 1392 1456 1415 1491 1330 1381 1318 1415 1442 1436 1349 1425 1393 1442 1430 1359 1319 1357 1316 1317 1294 1344 1338 1301 1335 1178 1247 1304 1298 1281 1326 1254 1214 1184 1270 1274 1317 1224 1255 1200 1212 1255 1198 1274 1253 1196 1268 1180 1175 1246 1177 1183 1156 1129 1134 1156 1216 1147 1176 1141 1131 1142 1149 1106 1160 1098 1188 1158 1121 1120 1174 1165 1099 1126 1105 1095 1100 1086 1093 1015 1071 1024 1023 1070 1008 1037 1077 1083 1036 1024 1060 1064 1036 1035 1024 984 1035 1025 1056 1063 986 989 1037 1000 993 1080 1007 1030 1023 936 1012 1015 984 955 948 1025 991 990 997 957 1025 926 895 992 958 963 964 909 912 896 950 900 945 929 934 905 891 880 880 871 884 895 838 875 837 858 832 878 815 824 830 813 778 834 802 828 879 801 803 806 783 774 818 819 770 787 829 745 720 773 750 743 754 679 763 678 725 699 684 728 709 707 728 728 757 693 654 685 680 632 692 662 639 693 654 662 618 700 636 629 628 601 632 592 603 583 601 586 582 584 626 579 573 558 620 586 562 549 555 520 539 519 514 505 489 530 573 529 514 519 542 528 529 496 500 519 489 498 511 528 476 460 469 487 471 463 460 468 431 450 486 444 470 394 434 415 448 431 447 438 432 449 427 380 460 464 413 456 435 434 429 449 383 428 426 418 422 397 393 409 372 395 367 421 402 414 400 404 411 394 394 367 389 436 407 415 392 380 352 395 378 396 387 405 372 387 413 372 405 395 371 342 365 349 350 339 377 389 392 360 345 337 381 340 357 344 325 354 348 330 350 320 343 312 315 369 333 335 314 293 329 301 315 316 305 337 318 283 350 318 312 322 305 303 317 323 300 293 309 271 292 290 288 291 246 243 286 304 256 266 282 257 268 288 264 287 255 274 278 243 285 227 219 253 240 230 266 229 201 252 232 240 233 220 237 237 202 233 217 234 233 215 203 202 194 205 234 223 202 215 191 190 198 205 182 195 179 168 172 173 216 183 190 181 173 168 194 200 197 185 170 157 149 154 174 158 167 158 171 139 174 179 168 155 151 176 132 155 159 142 145 158 167 172 161 155 125 137 114 155 130 138 151 140 130 151 136 132 152 143 155 139 134 148 114 123 142 119 126 141 121 144 133 133 126 115 127 126 116 130 93 121 118 102 125 109 115 94 99 115 106 108 106 108 88 96 115 109 89 99 94 103 105 101 119 113 106 96 102 91 92 103 97 92 104 76 101 101 85 98 104 73 90 86 85 91 90 93 70 75 79 84 92 83 81 71 81 84 74 72 82 93 67 64 86 89 67 71 84 77 59 64 75 70 57 79 61 64 76 75 73 77 75 63 70 67 78 67 66 57 57 57 58 55 62 54 52 62 53 48 67 59 62 54 64 49 59 50 68 43 55 54 59 43 46 47 52 50 55 58 44 48 42 44 51 51 49 59 44 49 61 47 50 41 42 46 39 45 51 36 44 53 35 31 29 41 50 39 28 41 32 38 44 43 47 34 33 32 32 44 31 41 45 31 18 22 30 45 32 36 31 25 42 39 44 26 29 40 39 30 34 28 38 28 30 29 35 24 38 33 37 30 28 22 31 36 22 26 28 30 25 22 31 22 35 34 27 17 31 22 28 25 30 28 30 44 26 26 27 30 32 35 19 27 22 26 25 33 24 23 26 28 35 24 23 18 33 15 16 21 20 13 23 21 18 20 14 28 13 21 21 19 23 19 17 16 18 23 21 17 17 17 22 19 19 24 24 19 18 16 17 20 17 26 21 17 14 22 17 24 22 19 18 16 19 11 25 23 15 27 19 18 18 22 26 21 12 19 13 16 22 21 13 19 20 20 12 17 15 15 23 16 10 25 15 12 17 18 15 16 18 18 18 15 12 17 14 15 20 27 15 19 19 15 21 16 10 14 19 25 20 16 11 16 12 17 17 18 22 21 12 18 21 20 13 18 15 22 16 13 14 12 11 16 8 16 12 25 14 6 17 13 11 14 16 18 23 20 14 19 19 24 13 14 15 15 16 14 16 10 11 16 14 12 7 12 12 15 9 14 8 16 8 16 7 16 17 13 8 11 22 12 18 15 8 5 15 15 8 9 12 10 8 6 10 11 7 11 10 8 6 5 8 7 13 8 10 19 12 9 11 14 6 7 15 12 9 4 6 9 8 6 10 14 9 4 4 4 8 10 7 2 11 11 5 9 3 10 6 5 9 8 6 5 9 7 7 2 7 5 3 5 7 3 12 6 10 3 2 8 10 2 2 7 1 3 4 6 8 5 4 3 5 6 3 4 5 11 4 4 7 10 3 3 6 4 2 5 3 5 5 3 4 5 3 2 6 2 4 6 7 5 2 2 5 2 6 5 7 2 7 4 4 4 4 4 4 5 2 2 1 4 4 1 4 4 6 0 8 3 2 2 4 5 3 8 6 3 4 3 5 3 3 6 4 1 1 6 6 3 5 2 8 5 2 4 2 3 3 5 6 6 4 2 2 3 1 2 5 1 0 3 2 2 6 5 6 1 3 3 1 3 3 2 4 4 3 1 2 6 2 2 2 2 6 2 2 3 3 2 1 5 7 4 3 2 3 6 3 4 2 1 2 5 4 3 3 3 1 2 10 4 4 0 5 2 2 4 2 2 1 3 2 2 3 4 2 8 2 1 3 0 4 1 2 4 0 4 5 5 1 6 4 4 4 2 2 2 0 2 2 0 5 1 2 2 3 7 5 3 1 4 4 3 1 3 1 6 4 2 3 3 3 2 1 3 7 1 3 2 2 3 1 4 3 1 1 6 4 12 1 2 2 3 1 3 1 4 3 3 0 7 6 3 2 1 4 5 2 3 1 3 1 3 1 2 0 1 3 0 2 2 2 1 3 2 2 2 4 1 3 2 2 1 3 0 0 0 1 2 2 2 2 3 2 2 1 1 2 1 1 2 3 1 0 3 5 1 3 2 0 2 3 5 3 2 1 0 1 2 5 1 2 1 0 2 3 2 3 0 2 4 1 0 1 3 4 3 2 2 2 2 0 1 2 3 2 0 1 2 2 2 6 2 2 2 2 2 5 5 1 2 1 2 3 1 2 3 4 2 1 1 1 2 1 1 4 0 1 3 1 3 3 2 2 3 0 1 2 2 1 2 3 2 1 0 0 0 0 0 3 4 2 3 0 1 1 0 0 4 2 2 1 3 4 2 0 0 2 1 0 0 1 0 0 2 1 2 1 1 1 2 4 1 4 0 0 0 1 0 2 3 1 2 3 3 1 0 1 0 1 2 1 1 2 0 1 1 2 2 1 1 1 0 1 3 0 0 1 2 1 3 2 1 0 1 3 0 0 2 1 0 1 0 0 0 1 2 1 3 0 0 2 1 1 0 1 0 1 0 3 1 0 0 0 1 0 1 0 0 3 0 1 0 0 0 0 1 0 0 0 1 0 1 1 0 1 0 0 0 1 0 0 0 0 2 1 0 0 1 1 0 1 0 0 1 0 0 1 0 0 0 0 0 0 1 1 0 1 0 0 0 0 0 1 0 0 0 0 0 0 0 0 0 1 0 0 1 0 0 1 0 1 0 0 0 0 0 0 0 0 2 0 2 0 0 0 1 0 1 0 0 1 0 0 0 2 0 0 0 0 0 0 0 0 1 1 0 0 0 0 0 0 0 0 0 1 0 0 0 1 0 0 0 0 0 0 0 0 0 0 0 0 0 0 0 0 0 0 0 1 0 0 0 0 0 1 0 0 0 0 0 0 0 0 0 0 0 2 0 0 0 0 0 0 0 1 0 0 0 0 0 0 0 1 0 0 0 0 0 0 0 0 0 0 0 0 0 0 0 0 0 0 0 1 0 0 1 1 0 0 0 1 0 0 0 0 0 0 0 1 0 0 0 0 0 0 0 0 0 0 1 0 0 1 1 0 0 0 0 0 0 0 0 1 0 0 1 0 1 1 0 0 0 0 0 0 0 0 0 0 0 0 0 0 0 1 0 1 1 0 0 0 0 0 0 0 0 0 0 0 1 0 1 0 0 0 1 2 0 0 0 1 0 2 0 1 0 0 1 0 0 0 0 0 0 0 0 0 1 0 0 0 0 0 0 0 0 0 0 0 0 1 0 0 0 1 1 1 1 1 0 1 0 0 1 0 0 0 0 0 0 1 0 0 0 0 0 0 0 1 0 0 0 0 0 0 0 0 0 0 0 0 0 0 0 0 0 0 0 0 0 0 0 0 0 0 0 0 0 0 1 0 0 1 0 0 0 0 0 0 0 1 0 0 0 0 0 0 0 0 1 0 0 0 0 0 0 1 1 0 0 0 0 0 0 1 0 0 1 1 1 0 0 1 0 0 0 0 0 1 0 0 0 0 0 0 0 0 0 0 0 0 0 1 0 0 0 0 0 0 0 1 0 0 0 1 0 0 0 0 0 1 0 0 0 0 0 0 0 1 0 0 0 0 0 0 0 0 0 0 0 1 1 0 0 0 0 0 0 1 0 0 0 0 0 0 0 0 0 0 0 0 0 0 0 0 0 0 0 0 0 1 0 0 0 0 0 0 0 0 0 0 0 2 0 0 1 0 0 0 0 0 0 0 0 0 0 0 1 0 0 0 0 0 0 0 0 0 0 0 0 0 0 0 0 0 0 0 0 0 0 0 0 0 1 0 0 0 0 0 1 0 1 1 1 0 0 0 0 0 0 0 1 0 0 1 0 1 0 0 0 1 1 0 0 0 0 0 0 0 0 0 0 0 0 0 0 0 2 0 1 2 0 0 0 0 0 1 0 0 0 1 1 0 0 0 0 0 0 0 0 0 0 0 0 0 0 0 0 0 0 0 0 0 0 0 0 0 0 0 0 0 0 0 0 0 0 0 0 0 0 0 2 0 1 0 0 0 0 0 0 0 1 0 0 1 0 0 0 0 0 0 0 0 0 0 0 0 0 0 0 0 0 0 0 1 0 0 0 0 0 0 1 0 1 1 0 0 0 0 0 0 0 0 0 0 0 0 1 0 0 0 0 0 0 0 0 0 0 0 0 0 0 0 0 0 0 0 0 0 0 0 0 0 0 1 0 0 0 0 0 0 0 0 1 0 0 0 0 0 0 0 0 0 0 0 0 0 1 0 0 0 1 0 0 0 0 0 0 0 0 0 0 0 0 0 0 0 0 0 0 0 0 0 0 0 0 1 0 0 0 0 0 0 0 0 0 0 0 0 1 0 0 0 0 1 0 0 0 0 0 0 1 0 0 0 0 0 0 0 0 0 0 0 1 0 0 1 0 0 0 0 0 0 0 0 0 1 0 0 0 0 0 0 0 0 0 0 0 0 0 0 0 0 0 0 0 0 0 0 0 0 0 0 0 0 0 0 0 0 0 0 0 0 0 0 0 0 0 0 0 0 0 0 0 1 0 0 1 0 0 0 0 0 0 0 1 0 0 0 0 0 0 0 0 0 0 0 0 0 0 0 0 0 0 0 0 0 0 0 0 0 0 0 0 0 0 1 0 0 0 0 0 0 0 0 0 0 0 0 0 0 0 0 0 0 1 0 0 0 0 0 0 0 0 0 0 0 0 0 0 0 0 1 0 0 0 0 0 0 0 0 0 0 0 0 0 0 0 0 0 0 0 0 0 0 0 0 0 0 0 0 0 0 1 0 0 0 0 0 0 0 0 0 0 0 0 0 0 0 0 0 0 0 0 0 0 0 0 0 0 0 0 0 0 0 0 0 0 0 0 0 0 0 0 0 1 0 0 0 0 0 0 0 0 1 0 0 0 0 0 0 1 0 0 1 0 0 0 0 0 0 0 0 0 0 0 0 0 0 0 0 0 0 0 0 0 0 0 0 0 1 0 0 0 0 1 0 0 0 0 0 0 0 0 0 0 0 0 0 0 0 0 0 0 0 0 0 0 0 0 0 0 0 0 0 0 0 0 0 0 0 0 0 0 0 0 1 1 0 0 0 0 0 0 0 0 1 0 0 1 0 0 0 0 0 0 0 0 0 0 0 0 0 0 0 0 1 0 0 0 0 0 0 0 0 0 0 0 0 0 0 0 0 0 0 0 0 0 0 1 0 1 0 0 0 0 1 0 0 0 0 1 0 1 1 0 0 1 0 1 0 0 0 0 0 0 0 0 0 0 0 0 0 0 0 0 0 0 0 0 0 0 0 0 0 0 0 0 0 0 0 1 0 0 0 0 0 0 0 0 0 0 0 0 0 0 0 0 0 0 0 0 0 0 0 0 0 0 0 0 0 0 0 0 0 0 0 0 0 0 0 0 0 0 0 0 0 0 0 0 0 1 0 0 0 0 0 0 0 0 0 0 0 0 0 0 0 0 0 1 0 0 0 0 0 0 0 0 1 0 0 0 1 0 0 0 0 0 0 0 0 0 0 0 0 0 0 0 0 0 0 1 0 0 0 0 0 0 0 1 0 0 0 1 0 0 1 0 0 0 0 0 0 0 0 0 0 0 0 0 0 0 0 0 0 0 0 0 0 0 0 0 0 0 0 0 0 1 0 0 1 0 0 0 0 0 0 0 0 0 0 1 0 0 0 0 0 0 1 0 0 0 0 0 1 0 0 0 0 0 0 0 0 0 0 0 1 0 0 0 0 0 0 0 0 0 0 0 0 0 1 0 0 0 0 0 0 0 0 0 0 0 0 0 0 0 0 0 0 0 0 0 0 0 0 0 0 0 0 0 0 0 0 0 0 1 0 0 0 0 0 2 0 0 0 0 0 0 0 0 0 0 0 0 0 0 0 0 0 0 0 0 0 0 0 0 0 0 0 0 0 0 0 1 0 0 0 0 0 0 0 0 0 0 0 0 0 0 0 0 0 1 0 0 1 0 0 0 0 0 0 0 0 0 0 1 0 0 0 0</VALUES>
        <MIN>39</MIN>
        <MAX>4091</MAX>
        <MEAN>361.082</MEAN>
        <STDV>167.824</STDV>
      </Histogram_Band>
      <Histogram_Band>
        <BAND_ID>B3</BAND_ID>
        <VALUES>0 0 0 0 0 0 0 0 0 0 0 0 0 0 0 0 0 0 0 0 0 0 0 0 0 0 0 0 0 0 0 0 0 0 0 0 0 0 0 0 0 0 0 0 0 0 0 0 0 0 0 0 1 1 0 0 0 0 0 0 0 1 0 0 1 0 1 1 0 0 0 0 0 1 0 0 0 1 0 1 0 1 2 0 0 3 1 0 2 1 1 5 4 7 3 21 84 455 6859 47226 112713 141654 150717 153183 182340 211781 242854 285123 305987 317135 313818 321133 353711 366983 378102 412645 437320 419535 401901 395965 381668 341031 278916 248383 237373 223708 228975 254120 285114 306457 306294 299752 288069 272528 264141 264111 262917 256275 243304 233679 225133 214764 206446 196589 186204 177223 164818 150760 142322 138379 138562 136864 137634 134567 130448 127769 124010 122290 124720 121016 110821 103270 100058 97766 94391 92405 91724 89163 86571 87052 86140 82694 77130 71073 66351 63226 58933 56070 53425 49553 47004 46053 44658 42718 41253 40741 40954 38324 36209 34269 32936 32735 31089 29715 28712 27497 26779 26349 24807 24118 23851 23138 21865 21832 21684 21254 21026 21214 21037 20457 19917 19223 19113 19183 18333 17777 17728 17889 18179 17906 16994 16026 15482 15353 15273 15281 15449 15400 14714 13869 13133 12700 12532 12339 12501 12139 11905 11748 11194 11095 11289 11919 12559 12262 11560 11496 11149 11117 11007 10683 10916 11361 11588 11558 11220 10981 10920 10861 10655 10551 10487 10104 9994 9858 9836 9418 9474 9715 9469 9654 9295 9392 9426 9195 8870 9122 9227 9182 9317 9450 9295 9323 9114 9157 9334 9432 9282 9177 9213 9344 9259 9071 9057 9145 9149 9200 9416 9287 9268 9449 9111 9603 9631 9653 9772 9612 9784 9522 9375 9574 9692 9718 9619 9760 9787 9841 9891 9954 9629 9917 9644 9859 9754 9811 9762 9901 9867 10098 9699 9641 9600 9388 9658 9691 9748 9733 9757 9806 9652 9730 9507 9579 9424 9497 9426 9673 9817 9577 9702 9375 9329 9131 9282 9097 9043 9235 9398 9329 9471 9152 9260 9226 9083 9138 9230 8994 9008 9007 9092 9288 9400 9248 9162 9074 9270 9287 9265 9123 9083 9321 9399 9452 9387 9247 9227 9217 9298 9279 9229 8973 9139 9106 8979 8924 8949 8822 8835 8815 8988 8883 9209 9147 9261 9159 9166 9012 8894 8896 9049 8951 9233 9186 9286 9048 8977 8781 8614 8610 8652 8656 8551 8471 8509 8554 8446 8421 8346 8269 8197 8326 8264 8332 8217 8114 8056 8112 7874 8089 7946 7732 7852 7892 7730 7791 7783 7598 7691 7826 7599 7672 7527 7578 7537 7435 7449 7445 7657 7520 7540 7434 7482 7502 7502 7440 7348 7379 7344 7458 7372 7410 7306 7315 7337 7282 7150 7315 7144 7220 7103 7026 7015 6993 6892 6802 6888 6811 6662 6678 6632 6539 6409 6390 6425 6372 6373 6303 6102 6135 6318 6230 6177 6272 6272 6160 6147 6080 6149 6018 6201 6098 6001 6093 6020 6027 5974 5997 5923 5996 6019 5947 5924 6085 6097 6211 6115 6214 6196 6136 5983 6006 6029 6004 6066 6037 6116 6116 6151 5962 6015 5887 5946 5859 6044 6028 5918 6044 5943 5894 6015 5894 5938 5909 5825 5820 5774 5672 5684 5742 5849 5757 5752 5855 5963 5797 5843 5870 5833 6100 6055 6180 6271 6257 6279 6160 6296 6255 6316 5973 6297 6336 6133 6361 6314 6365 6363 6511 6583 6568 6538 6522 6543 6619 6632 6608 6628 6667 6774 6727 6659 6692 6819 7030 6996 7062 7212 7113 7225 7286 7201 7373 7473 7544 7558 7668 7582 7679 7610 7735 7810 7762 7994 7949 8083 8188 8360 8543 8680 8943 9070 9141 9419 9344 9364 9366 9426 9596 9513 9699 9807 9870 9777 9960 10039 10021 9848 9796 9878 9904 10151 10026 10178 10046 10249 10163 10243 10308 10200 10105 10335 10263 10259 10281 10444 10336 10198 10208 10145 10282 10256 10255 10360 10014 9759 9749 9878 9896 9783 9785 9649 9488 9663 9758 9796 9556 9625 9577 9654 9654 9729 9903 9863 9608 9485 9507 9565 9394 9279 9472 9468 9391 9503 9619 9454 9470 9396 9183 9332 9450 9233 9349 9438 9412 9248 9186 9073 9265 9048 9043 8995 9008 8997 9128 9031 9129 9257 9172 9292 9242 9235 9169 9030 9190 9003 9066 9169 9197 9184 9099 9295 9130 9141 9021 8918 9163 9105 9336 9188 9463 9111 9266 9296 9399 9408 9238 9351 9341 9514 9453 9534 9560 9497 9663 9664 9686 9656 9791 9777 9877 9903 9741 9971 9891 10186 10483 10122 10398 10330 10641 10542 10755 10689 10866 10741 11081 11089 11235 11271 11437 11737 11480 11490 11575 11628 11599 11539 11576 11813 11561 11622 11558 11605 11522 11696 11647 11762 11727 11843 11816 11872 11801 11955 11965 12102 12070 12078 12454 12461 12462 12522 12605 12681 12659 12702 12622 12712 12643 12801 12751 12816 13068 13060 12992 13058 13251 13402 13312 13280 13406 13205 13145 13280 13285 13060 13335 13110 13212 13246 13257 13149 13483 13523 13385 13404 13351 13582 13585 13753 13791 13809 13787 13767 14072 14239 13981 14016 14551 14514 14573 14519 14713 14558 14477 14861 14711 14877 14796 14854 14946 14907 14792 14977 14972 14856 14830 14823 14988 14907 15084 15061 14911 15435 15608 15540 15561 15586 15331 15193 15248 15238 15323 15016 15421 15052 15595 15330 15154 15269 15248 15092 15254 14914 15117 14858 14933 14908 14814 14733 14590 14505 14744 14737 14588 14463 14680 14888 14869 14859 14726 14709 14529 14535 14376 14676 14478 14552 14546 14664 14508 14693 14687 14633 14631 14445 14538 14282 14272 14674 14543 14467 14499 14344 14669 14436 14518 14535 14564 14410 14485 14380 14571 14595 14302 14342 14310 14228 14389 14186 14267 14165 14431 14145 14140 14247 14084 14164 14158 14242 14124 14264 14331 14301 14205 14352 14319 14174 14289 14394 14259 14465 14295 14098 14385 14356 14571 14229 14298 14257 14499 14622 14592 14719 14606 14511 14458 14627 14606 14539 14815 14999 14868 14902 14640 14836 14869 14984 14907 14985 14941 14998 14942 15102 15115 15119 15095 15224 15441 15447 15306 15264 15382 15284 15232 15110 15355 15359 15643 15294 15325 15538 15734 15658 15604 15550 15637 15753 16086 15825 15743 15696 15903 15917 15948 16004 15907 16101 15948 15980 15962 15925 15863 16137 16274 16050 16093 16062 16121 16318 16441 16329 16307 16480 16373 16345 16378 16710 16558 16507 16658 16766 16615 16761 16581 16802 16974 16749 16833 16768 17313 16980 16932 17111 17354 17072 17322 16947 17152 17212 17099 17283 17506 17326 17092 17279 17107 17443 17534 17336 17338 17512 17638 17740 17640 17519 17657 17688 17691 17794 17767 18092 17810 17767 18170 17812 18189 17981 18083 18031 18177 18223 18172 18282 18124 18319 18529 18685 18724 18523 18558 18730 19089 18750 18765 18825 19030 18807 19114 18973 19070 19528 18980 18944 19601 19458 19388 19431 19414 19556 19706 19475 19818 19489 19816 19722 19522 19617 19677 19524 19660 19802 19810 19887 19573 20011 19699 19979 19883 20025 19903 19868 19788 20048 20094 20312 20335 19961 20194 20119 20429 20406 20232 20321 20477 20687 20603 20316 20419 20331 20531 20279 20482 20486 20730 20632 20478 20627 20807 20546 20612 21047 20832 20675 20941 20806 20735 20909 20922 21139 20654 20800 20825 20996 20762 20688 20770 20937 20959 21089 20890 21338 21073 20836 21170 21062 21093 20802 21076 21041 21385 21202 21340 21240 21241 21365 21348 21377 21266 21143 21374 21187 21699 21456 21590 21408 21509 21931 21706 21625 21515 21377 21267 21351 21372 21575 21558 21359 21573 21406 21595 21673 21761 21737 21594 21827 21932 21472 21459 21395 21666 21625 21891 21547 21817 21610 21864 21584 21839 21466 21719 21709 22007 21752 21887 22017 21806 21949 21963 21986 21918 21772 22105 21928 22169 22170 22357 22244 22086 22446 22253 22329 22211 22293 22147 22627 22611 22571 22301 22449 22591 22321 22511 22652 22752 22788 22824 22769 22886 22786 22557 23158 23050 22830 23233 22959 23096 23401 22997 22989 23156 23079 23241 23277 23537 23392 23497 23636 23595 23773 23768 23903 24106 23819 23687 23908 24009 23824 24165 24342 24321 24106 24540 24290 24570 24425 24796 24553 24844 24872 24687 24704 24892 24921 24786 25045 25284 25309 24966 25280 25089 25239 25454 25380 25645 25208 25720 26077 25890 25931 26076 26124 25991 25952 26065 26164 26262 26300 26406 26508 26636 26415 26644 26574 26820 26966 26886 26959 26835 26764 26948 27046 27114 27184 27419 27538 27280 27561 27651 27650 27864 27780 27822 27464 27856 28032 28121 28089 27950 28392 28371 28326 28447 28419 28556 28715 28874 28926 28798 29062 29400 29207 29307 29279 29238 29828 29642 29503 29682 29737 29756 29619 29831 29873 30011 30082 29978 30315 30224 30014 30732 30792 30714 30474 30811 30720 31029 30922 31280 30853 30932 31059 31235 31467 31110 31275 31516 31489 31549 31361 31859 31887 31690 31976 31974 31737 31909 32164 31941 32156 32088 32501 32180 32165 32534 32435 32860 32467 32937 32475 32767 32939 32936 32977 33115 32848 33377 32859 33033 33070 33127 33725 33280 33252 33505 33012 33647 33421 33698 33539 33483 33708 33698 33824 33840 33714 33582 33592 33512 33806 33908 34260 33849 34166 33967 33734 34097 33982 34069 34176 33911 34010 33819 34093 34062 33915 34173 33958 34164 33945 33969 34002 34125 34059 34239 34023 34315 34160 34231 33939 34198 34054 34411 33968 34174 34016 34322 34343 34156 34040 34419 34009 34296 34081 33952 34335 33934 34275 34341 34392 34024 34234 34290 34043 34173 34142 33632 33853 34051 34125 34085 33832 33849 33788 33970 33808 33681 33876 33617 33611 33218 33793 33737 33427 33337 33249 33371 33385 33295 33415 32971 33019 33185 33526 33118 33629 33039 32838 33332 32796 33018 33037 32987 32578 33027 32605 32437 32546 32253 32468 32133 32095 32223 32103 32257 31777 32368 32435 31788 31927 31861 31566 31503 31617 31393 31566 31556 31177 31418 31184 31140 31253 30689 31170 30901 30896 30719 30585 30715 30424 30486 30308 30053 29841 30258 29851 29411 29976 29832 29160 29578 29261 29100 29110 29260 29125 29235 29026 28753 28913 28515 28858 28532 28066 28383 28145 27835 27897 28106 27920 27720 27834 27368 27255 26982 27284 27175 26671 27002 26447 26742 26582 26506 26637 26359 26016 26099 26223 25591 25950 25703 25420 25488 25407 24927 25222 25029 25173 24851 24701 24681 24475 24505 24168 24034 24084 23947 23584 23897 23527 23573 23388 23241 23137 23200 23222 23049 22676 22588 22510 22071 22163 22479 22010 21914 21675 21721 21892 21654 21384 21142 21021 21118 20786 20931 20775 20516 20660 20445 20364 20075 20090 19769 20020 19614 19571 19461 19516 19354 19105 18707 19216 18569 18550 18447 18238 18307 18408 18128 18369 17688 18070 17680 17914 17200 17458 17366 17168 17114 17314 17063 17039 16884 16836 16446 16495 16290 16251 15872 16188 15882 16033 15681 15779 15696 15474 15522 15373 15302 15036 14933 14898 14818 14618 14790 14443 14586 14322 14023 14129 13988 14093 14122 13930 13615 13706 13654 13546 13555 13632 13484 13193 13326 13164 13116 13061 12926 12743 12971 12524 12505 12438 12678 12516 12483 12144 12020 11939 11902 12139 11669 11747 11824 11552 11616 11413 11511 11224 11406 11224 11304 11305 11006 10810 10589 10846 10533 10642 10619 10524 10205 10384 10355 10275 10233 10073 9980 9920 10075 9831 9826 9773 9641 9591 9451 9642 9487 9277 9332 9272 9257 9355 9147 9116 8937 9036 9006 8890 8845 8779 8581 8825 8611 8539 8523 8348 8523 8523 8248 8231 8262 8000 8173 8058 8029 7825 7942 7822 7901 7796 7982 7647 7631 7665 7648 7705 7469 7437 7425 7296 7291 7276 7346 7064 7072 7054 7043 7027 7005 6994 6975 6889 6991 6824 6666 6627 6639 6547 6633 6397 6541 6293 6261 6295 6393 6343 6368 6203 6223 6049 6185 6101 6013 6067 5964 5963 5943 6004 5847 5706 5935 5679 5776 5728 5473 5513 5701 5560 5406 5474 5411 5357 5466 5378 5299 5186 5207 5130 5120 5063 5021 5029 4882 5128 5031 5030 4832 4723 4775 4816 4727 4754 4701 4664 4718 4711 4537 4657 4547 4446 4505 4392 4470 4309 4267 4343 4308 4246 4402 4276 4241 4202 4206 4040 4102 4192 4019 4032 4058 3991 3909 4125 3951 4011 3998 3884 3878 3849 3890 3898 3819 3631 3740 3700 3713 3798 3666 3609 3612 3647 3663 3556 3599 3456 3543 3640 3481 3589 3485 3496 3521 3382 3366 3327 3377 3366 3287 3398 3267 3347 3210 3197 3203 3130 3131 3125 3068 3184 3170 3166 3081 3018 2994 3052 2921 2975 2925 3053 2810 2938 2927 2734 2883 2807 2837 2788 2764 2734 2773 2598 2728 2648 2687 2569 2578 2651 2573 2499 2408 2497 2415 2515 2485 2425 2376 2288 2334 2308 2274 2205 2195 2236 2152 2225 2164 2107 2189 2065 2070 2137 2011 1995 1956 2006 1953 1878 1859 1836 1777 1809 1792 1802 1823 1749 1708 1694 1681 1665 1679 1717 1628 1616 1655 1606 1592 1595 1526 1517 1517 1421 1414 1401 1357 1371 1365 1345 1279 1401 1328 1234 1335 1293 1293 1256 1215 1218 1212 1179 1171 1130 1192 1179 1135 1148 1064 1045 1058 1051 1121 1041 1011 1120 1041 1010 996 983 1021 972 979 969 919 974 916 940 940 916 927 886 897 885 919 884 904 861 872 824 813 759 846 835 789 821 763 778 789 810 751 745 763 762 775 739 719 752 737 740 722 677 765 678 704 712 651 634 702 616 696 663 642 596 612 634 637 619 623 636 629 607 587 571 567 556 546 528 503 561 609 587 562 549 566 547 591 518 541 531 573 536 555 509 520 488 497 438 481 444 460 479 422 416 405 403 377 396 385 360 368 391 336 404 351 364 347 362 359 318 320 332 309 311 297 301 305 286 286 276 260 276 273 257 268 255 274 251 259 230 277 229 245 252 249 260 225 253 236 257 271 227 218 255 212 205 218 229 226 218 205 215 209 239 211 218 192 227 212 174 219 189 195 184 193 215 210 190 182 169 175 173 177 181 165 167 179 175 157 163 152 157 144 147 135 116 144 132 120 128 148 123 113 134 91 101 98 99 104 106 90 90 104 100 101 83 72 75 107 73 83 67 62 63 72 56 67 59 62 51 61 56 47 54 41 42 54 46 40 40 38 37 34 39 28 38 28 33 47 35 26 42 20 23 42 33 35 35 26 29 25 32 23 25 21 26 25 14 28 23 22 23 20 20 24 25 18 12 23 20 18 16 16 17 14 21 19 15 13 17 17 14 18 16 19 17 21 13 11 11 15 16 10 12 12 15 6 9 16 11 16 9 12 8 7 11 12 8 15 13 9 13 11 5 15 11 8 11 6 10 12 8 6 5 8 10 5 10 7 10 13 11 14 6 7 6 9 6 11 7 10 9 8 4 7 3 5 9 8 3 8 2 10 6 7 2 9 7 7 9 6 5 10 9 7 10 2 8 4 6 7 5 4 3 7 4 1 10 8 5 10 6 5 6 6 3 4 2 3 10 4 7 6 5 3 3 5 8 8 4 3 2 3 1 2 4 4 3 2 9 7 3 6 2 4 6 10 8 5 5 3 2 8 4 3 5 3 3 5 1 6 5 8 5 1 5 2 2 4 4 6 3 0 4 3 3 2 2 5 5 4 3 2 3 4 3 7 3 7 1 3 0 6 2 1 7 3 2 3 3 6 2 2 2 3 2 3 2 0 4 4 2 2 4 2 4 2 3 5 6 4 2 1 3 3 3 2 4 6 2 6 1 7 4 2 1 5 4 1 2 2 3 3 3 1 1 8 5 3 4 4 1 1 3 5 4 1 3 2 1 2 3 4 4 5 2 1 2 2 2 2 3 2 1 4 2 2 2 4 1 2 0 4 2 1 1 1 2 3 1 2 2 2 2 2 3 2 1 2 2 1 2 1 1 2 3 3 1 1 3 0 1 0 1 1 2 2 1 2 1 2 1 1 3 0 2 0 2 0 2 1 3 2 5 3 1 0 4 1 4 0 2 1 2 0 3 5 0 1 2 1 1 3 3 0 1 0 1 1 2 4 1 0 1 1 3 0 1 4 2 2 1 2 2 2 2 0 1 0 1 0 2 3 1 1 0 4 4 2 1 1 2 2 2 1 1 1 3 1 1 1 2 1 3 4 1 2 2 4 1 1 2 2 1 3 1 2 3 0 3 1 4 2 0 1 0 0 1 2 2 1 1 1 3 2 0 3 1 0 0 3 3 3 1 1 1 4 2 2 2 1 0 1 3 1 1 1 0 0 1 4 1 1 1 2 1 1 0 3 1 0 0 2 0 1 2 0 1 0 2 1 1 0 1 1 2 2 1 1 1 0 0 1 0 1 0 1 1 0 0 0 0 1 0 1 2 0 1 2 1 0 1 1 1 3 0 1 0 1 3 1 0 0 0 0 0 1 3 0 0 0 0 1 1 0 0 0 1 0 2 0 0 1 0 0 1 2 2 0 1 0 1 0 0 1 1 1 2 1 1 2 1 1 1 1 0 0 3 0 0 1 0 0 0 1 3 2 1 1 0 3 0 0 2 1 0 1 0 1 3 0 1 0 0 0 1 1 2 1 0 0 1 0 2 1 0 1 2 0 1 0 0 1 1 0 1 1 0 1 0 0 0 2 1 1 1 0 0 1 2 0 1 0 1 3 0 1 1 1 0 0 1 1 0 0 0 0 1 0 0 0 0 0 0 0 0 0 1 0 0 0 1 0 0 0 0 0 0 3 0 0 0 0 0 0 1 0 0 0 0 0 1 0 1 3 1 0 0 0 1 0 0 1 1 1 0 0 2 0 1 0 0 0 0 0 1 1 0 0 1 0 2 2 0 0 1 0 0 1 0 0 0 0 0 0 2 0 0 1 0 0 0 0 1 0 0 3 0 0 1 0 1 1 0 0 3 0 1 0 0 0 0 1 0 1 0 0 0 0 0 0 1 2 0 0 0 0 0 0 0 1 0 0 0 0 0 1 0 0 0 0 0 0 0 0 0 0 0 2 0 0 0 0 0 0 2 0 0 0 1 0 0 0 1 0 0 0 1 0 2 0 0 0 0 0 0 0 1 1 0 0 0 1 0 0 0 0 1 0 0 1 0 0 0 0 0 0 0 0 1 0 0 0 1 0 0 0 0 0 0 1 1 0 0 0 0 2 0 0 1 0 0 0 0 1 1 0 0 0 0 0 0 2 0 1 1 0 0 0 2 0 0 0 0 1 0 1 0 0 0 0 0 0 0 1 1 0 0 0 1 1 2 1 0 2 0 0 0 0 0 1 1 1 2 2 0 1 1 1 0 0 0 0 0 0 0 0 0 0 0 0 0 0 0 0 1 0 2 0 2 0 0 1 1 1 0 0 1 0 0 0 0 0 0 1 0 0 0 0 0 0 0 0 1 0 0 1 0 2 0 0 0 0 1 1 1 0 0 0 0 0 0 0 0 0 0 1 1 0 1 0 0 0 0 0 0 0 0 1 1 1 0 0 0 1 0 0 1 0 0 0 0 0 0 0 0 0 0 0 0 0 0 0 0 0 0 0 0 1 0 0 0 0 0 0 0 0 0 0 0 0 0 0 1 0 0 0 0 0 0 0 0 0 0 1 1 1 1 0 0 0 1 0 0 0 0 0 0 0 0 0 1 1 0 0 0 0 0 0 2 0 0 0 0 0 1 1 1 0 0 1 0 0 1 0 0 0 0 0 0 0 0 1 1 0 0 0 0 0 1 0 0 0 0 0 0 0 0 0 1 0 0 0 1 1 0 1 0 0 0 0 0 0 0 0 0 0 0 0 0 0 0 1 0 0 0 0 0 0 1 0 1 0 0 0 0 0 0 0 0 0 0 0 0 0 1 1 0 0 0 0 0 0 0 0 0 0 0 0 0 0 0 0 0 0 0 0 0 1 0 0 0 0 0 1 0 0 0 0 0 1 0 0 0 0 0 0 0 1 0 0 0 0 0 0 0 0 0 0 0 1 0 0 0 0 0 1 0 1 0 1 0 0 0 0 0 1 0 0 0 0 1 0 0 0 1 1 0 0 0 0 0 0 0 1 0 0 0 0 0 0 0 1 0 0 0 0 0 0 0 1 0 0 0 1 0 0 0 0 0 1 1 0 0 0 0 1 1 0 0 0 0 1 0 0 1 0 0 1 0 1 0 0 0 0 0 0 0 0 0 0 0 0 0 0 0 0 0 0 1 1 0 0 0 0 1 0 2 1 1 0 0 0 0 0 1 0 0 1 0 0 0 0 0 0 0 1 0 0 0 0 0 0 0 0 0 0 0 0 0 1 1 0 0 0 1 0 0 0 0 0 0 0 1 0 0 0 0 0 0 1 0 0 0 0 0 1 0 1 0 0 0 0 0 0 1 0 1 0 0 0 0 0 0 1 0 0 0 0 0 1 0 0 0 0 0 2 0 0 0 0 0 0 2 0 0 0 1 0 1 0 0 0 0 0 0 0 0 0 1 1 0 0 0 0 0 1 0 0 0 0 1 0 0 1 0 0 0 0 0 1 0 1 0 0 0 0 0 0 2 2 0 2 1 0 0 0 0 0 0 0 0 0 0 0 1 0 0 0 1 2 0 0 0 0 0 0 0 0 0 1 0 0 0 0 0 1 0 0 0 0 0 1 0 0 0 0 0 0 1 1 0 1 0 0 1 1 0 0 0 0 0 0 0 0 0 0 0 0 0 0 1 0 0 0 1 0 1 0 0 0 0 0 0 0 0 0 1 1 0 0 0 0 1 0 0 1 0 1 1 0 0 1 0 0 1 0 0 0 0 0 0 2 2 0 2 0 1 0 1 0 0 0 0 1 0 0 0 0 1 0 0 1 0 1 2 0 1 1 0 0 0 2 1 0 0 1 0 1 0 1 0 1 1 0 1 0 0 0 0 1 0 0</VALUES>
        <MIN>52</MIN>
        <MAX>4093</MAX>
        <MEAN>852.557</MEAN>
        <STDV>653.052</STDV>
      </Histogram_Band>
    </Histogram_Band_List>
    <Radiometric_Calibration>
      <Instrument_Calibration>
        <Band_Measurement_List>
          <Band_Spectral_Range>
            <BAND_ID>B0</BAND_ID>
            <CALIBRATION_DATE>2012-12-01T00:00:00.000Z</CALIBRATION_DATE>
            <MEASURE_DESC>Spectral range value of raw radiometric Band</MEASURE_DESC>
            <MEASURE_UNIT>micrometers</MEASURE_UNIT>
            <MEASURE_UNCERTAINTY>Specification accuracy value</MEASURE_UNCERTAINTY>
            <MIN>0.43</MIN>
            <MAX>0.55</MAX>
          </Band_Spectral_Range>
          <Band_Spectral_Range>
            <BAND_ID>B1</BAND_ID>
            <CALIBRATION_DATE>2012-12-01T00:00:00.000Z</CALIBRATION_DATE>
            <MEASURE_DESC>Spectral range value of raw radiometric Band</MEASURE_DESC>
            <MEASURE_UNIT>micrometers</MEASURE_UNIT>
            <MEASURE_UNCERTAINTY>Specification accuracy value</MEASURE_UNCERTAINTY>
            <MIN>0.49</MIN>
            <MAX>0.62</MAX>
          </Band_Spectral_Range>
          <Band_Spectral_Range>
            <BAND_ID>B2</BAND_ID>
            <CALIBRATION_DATE>2012-12-01T00:00:00.000Z</CALIBRATION_DATE>
            <MEASURE_DESC>Spectral range value of raw radiometric Band</MEASURE_DESC>
            <MEASURE_UNIT>micrometers</MEASURE_UNIT>
            <MEASURE_UNCERTAINTY>Specification accuracy value</MEASURE_UNCERTAINTY>
            <MIN>0.59</MIN>
            <MAX>0.73</MAX>
          </Band_Spectral_Range>
          <Band_Spectral_Range>
            <BAND_ID>B3</BAND_ID>
            <CALIBRATION_DATE>2012-12-01T00:00:00.000Z</CALIBRATION_DATE>
            <MEASURE_DESC>Spectral range value of raw radiometric Band</MEASURE_DESC>
            <MEASURE_UNIT>micrometers</MEASURE_UNIT>
            <MEASURE_UNCERTAINTY>Specification accuracy value</MEASURE_UNCERTAINTY>
            <MIN>0.74</MIN>
            <MAX>0.95</MAX>
          </Band_Spectral_Range>
          <Band_Radiance>
            <BAND_ID>B0</BAND_ID>
            <CALIBRATION_DATE>2021-04-01T16:00:00.000Z</CALIBRATION_DATE>
            <MEASURE_DESC>Raw radiometric count (DN) to TOA Radiance (L). Formulae L=DN/GAIN+BIAS</MEASURE_DESC>
            <MEASURE_UNIT>watt/m2/steradians/micrometers</MEASURE_UNIT>
            <MEASURE_UNCERTAINTY>Specification accuracy value</MEASURE_UNCERTAINTY>
            <GAIN>9.71</GAIN>
            <BIAS>0</BIAS>
          </Band_Radiance>
          <Band_Radiance>
            <BAND_ID>B1</BAND_ID>
            <CALIBRATION_DATE>2021-04-01T16:00:00.000Z</CALIBRATION_DATE>
            <MEASURE_DESC>Raw radiometric count (DN) to TOA Radiance (L). Formulae L=DN/GAIN+BIAS</MEASURE_DESC>
            <MEASURE_UNIT>watt/m2/steradians/micrometers</MEASURE_UNIT>
            <MEASURE_UNCERTAINTY>Specification accuracy value</MEASURE_UNCERTAINTY>
            <GAIN>9.76</GAIN>
            <BIAS>0</BIAS>
          </Band_Radiance>
          <Band_Radiance>
            <BAND_ID>B2</BAND_ID>
            <CALIBRATION_DATE>2021-04-01T16:00:00.000Z</CALIBRATION_DATE>
            <MEASURE_DESC>Raw radiometric count (DN) to TOA Radiance (L). Formulae L=DN/GAIN+BIAS</MEASURE_DESC>
            <MEASURE_UNIT>watt/m2/steradians/micrometers</MEASURE_UNIT>
            <MEASURE_UNCERTAINTY>Specification accuracy value</MEASURE_UNCERTAINTY>
            <GAIN>10.92</GAIN>
            <BIAS>0</BIAS>
          </Band_Radiance>
          <Band_Radiance>
            <BAND_ID>B3</BAND_ID>
            <CALIBRATION_DATE>2021-04-01T16:00:00.000Z</CALIBRATION_DATE>
            <MEASURE_DESC>Raw radiometric count (DN) to TOA Radiance (L). Formulae L=DN/GAIN+BIAS</MEASURE_DESC>
            <MEASURE_UNIT>watt/m2/steradians/micrometers</MEASURE_UNIT>
            <MEASURE_UNCERTAINTY>Specification accuracy value</MEASURE_UNCERTAINTY>
            <GAIN>16.95</GAIN>
            <BIAS>0</BIAS>
          </Band_Radiance>
          <Band_Solar_Irradiance>
            <BAND_ID>B0</BAND_ID>
            <CALIBRATION_DATE>2012-12-01T00:00:00.000Z</CALIBRATION_DATE>
            <MEASURE_DESC>Solar irradiance value of raw radiometric Band</MEASURE_DESC>
            <MEASURE_UNIT>watt/m2/micron</MEASURE_UNIT>
            <MEASURE_UNCERTAINTY>Specification</MEASURE_UNCERTAINTY>
            <VALUE>1912.0</VALUE>
          </Band_Solar_Irradiance>
          <Band_Solar_Irradiance>
            <BAND_ID>B1</BAND_ID>
            <CALIBRATION_DATE>2012-12-01T00:00:00.000Z</CALIBRATION_DATE>
            <MEASURE_DESC>Solar irradiance value of raw radiometric Band</MEASURE_DESC>
            <MEASURE_UNIT>watt/m2/micron</MEASURE_UNIT>
            <MEASURE_UNCERTAINTY>Specification</MEASURE_UNCERTAINTY>
            <VALUE>1835.6</VALUE>
          </Band_Solar_Irradiance>
          <Band_Solar_Irradiance>
            <BAND_ID>B2</BAND_ID>
            <CALIBRATION_DATE>2012-12-01T00:00:00.000Z</CALIBRATION_DATE>
            <MEASURE_DESC>Solar irradiance value of raw radiometric Band</MEASURE_DESC>
            <MEASURE_UNIT>watt/m2/micron</MEASURE_UNIT>
            <MEASURE_UNCERTAINTY>Specification</MEASURE_UNCERTAINTY>
            <VALUE>1547.8</VALUE>
          </Band_Solar_Irradiance>
          <Band_Solar_Irradiance>
            <BAND_ID>B3</BAND_ID>
            <CALIBRATION_DATE>2012-12-01T00:00:00.000Z</CALIBRATION_DATE>
            <MEASURE_DESC>Solar irradiance value of raw radiometric Band</MEASURE_DESC>
            <MEASURE_UNIT>watt/m2/micron</MEASURE_UNIT>
            <MEASURE_UNCERTAINTY>Specification</MEASURE_UNCERTAINTY>
            <VALUE>1041.4</VALUE>
          </Band_Solar_Irradiance>
        </Band_Measurement_List>
      </Instrument_Calibration>
    </Radiometric_Calibration>
  </Radiometric_Data>
  <Geometric_Data>
    <Refined_Model>
      <MODEL_USED>SENSOR</MODEL_USED>
      <Coordinate_Reference_System>
        <Geodetic_CRS>
          <GEODETIC_CRS_TYPE>GEOCENTRIC</GEODETIC_CRS_TYPE>
          <GEODETIC_CRS_NAME>WGS 1984</GEODETIC_CRS_NAME>
          <GEODETIC_CRS_CODE>urn:ogc:def:crs:EPSG::4978</GEODETIC_CRS_CODE>
          <Coordinate_System>
            <CS_TYPE>CARTESIAN</CS_TYPE>
            <CS_NAME>Earth centered, earth fixed, righthanded 3D coordinate system, consisting of 3 orthogonal axes with X and Y axes in the equatorial plane, positive Z-axis parallel to mean earth rotation axis and pointing towards North Pole. UoM: m</CS_NAME>
            <CS_CODE>urn:ogc:def:cs:EPSG::6500</CS_CODE>
            <CS_Axes>
              <CS_Axis>
                <CS_AXIS_NAME>Geocentric X</CS_AXIS_NAME>
                <CS_AXIS_ORIENTATION>Geocentre to equator/0degE</CS_AXIS_ORIENTATION>
                <CS_AXIS_UNIT>m</CS_AXIS_UNIT>
              </CS_Axis>
              <CS_Axis>
                <CS_AXIS_NAME>Geocentric Y</CS_AXIS_NAME>
                <CS_AXIS_ORIENTATION>Geocentre to equator/90degE</CS_AXIS_ORIENTATION>
                <CS_AXIS_UNIT>m</CS_AXIS_UNIT>
              </CS_Axis>
              <CS_Axis>
                <CS_AXIS_NAME>Geocentric Z</CS_AXIS_NAME>
                <CS_AXIS_ORIENTATION>Geocentre to north pole</CS_AXIS_ORIENTATION>
                <CS_AXIS_UNIT>m</CS_AXIS_UNIT>
              </CS_Axis>
            </CS_Axes>
          </Coordinate_System>
          <Geodetic_Datum>
            <GEODETIC_DATUM_NAME>World Geodetic System 1984</GEODETIC_DATUM_NAME>
            <GEODETIC_DATUM_CODE>urn:ogc:def:datum:EPSG::6326</GEODETIC_DATUM_CODE>
            <GEODETIC_DATUM_PARAMETERS>On 20/1/2002 WGS 84 (G1150)</GEODETIC_DATUM_PARAMETERS>
          </Geodetic_Datum>
          <Coordinate_Transformation>
            <CT_NAME>ITRF to WGS84 transformation parameters</CT_NAME>
            <CT_SOURCE_CRS_NAME>ITRF 2005</CT_SOURCE_CRS_NAME>
            <CT_SOURCE_CRS_CODE>urn:ogc:def:crs:EPSG::4896</CT_SOURCE_CRS_CODE>
            <CT_TARGET_CRS_NAME>WGS 1984</CT_TARGET_CRS_NAME>
            <CT_TARGET_CRS_CODE>urn:ogc:def:crs:EPSG::4978</CT_TARGET_CRS_CODE>
            <CT_Parameters>
              <CT_PARAMETERS_DESC>7-Parameter-Helmert-Transformation derived from : X-axis translation =0m, Y-axis translation=0m, Z-axis translation=0m, X-axis rotation=0m, Y-axis rotation=0m, Z-axis rotation=0m, Scale difference=0</CT_PARAMETERS_DESC>
            </CT_Parameters>
          </Coordinate_Transformation>
        </Geodetic_CRS>
        <Temporal_CRS>
          <CRS_TABLES version="0.0">ITU</CRS_TABLES>
          <TEMPORAL_CRS_NAME>UTC</TEMPORAL_CRS_NAME>
        </Temporal_CRS>
      </Coordinate_Reference_System>
      <Time>
        <Time_Range>
          <START>2021-04-21T11:19:06.6990000Z</START>
          <END>2021-04-21T11:19:09.6292980Z</END>
        </Time_Range>
        <Time_Stamp>
          <LINE_PERIOD>0.294</LINE_PERIOD>
        </Time_Stamp>
      </Time>
      <Ephemeris>
        <EPHEMERIS_USED>CORRECTED</EPHEMERIS_USED>
        <Point_List>
          <Point>
            <LOCATION_XYZ unit="m">4073989.159 29105.828 5778100.453</LOCATION_XYZ>
            <VELOCITY_XYZ unit="m/s">5963.198756148107 -1816.044213240166 -4185.674921840429</VELOCITY_XYZ>
            <TIME>2021-04-21T11:16:53.000000Z</TIME>
          </Point>
          <Point>
            <LOCATION_XYZ unit="m">4250727.909 -34680.164 5649620.062</LOCATION_XYZ>
            <VELOCITY_XYZ unit="m/s">5818.7794167744 -1828.842687062119 -4378.961807311513</VELOCITY_XYZ>
            <TIME>2021-04-21T11:17:23.000000Z</TIME>
          </Point>
          <Point>
            <LOCATION_XYZ unit="m">4422904.459 -99194.57799999999 5515406.965</LOCATION_XYZ>
            <VELOCITY_XYZ unit="m/s">5668.435279642232 -1839.153888572444 -4567.822866499424</VELOCITY_XYZ>
            <TIME>2021-04-21T11:17:53.000000Z</TIME>
          </Point>
          <Point>
            <LOCATION_XYZ unit="m">4590341.968 -164352.068 5375596.835</LOCATION_XYZ>
            <VELOCITY_XYZ unit="m/s">5512.32767820172 -1846.94147422578 -4752.065585427918</VELOCITY_XYZ>
            <TIME>2021-04-21T11:18:23.000000Z</TIME>
          </Point>
          <Point>
            <LOCATION_XYZ unit="m">4752868.717 -230065.865 5230331.053</LOCATION_XYZ>
            <VELOCITY_XYZ unit="m/s">5350.624065136537 -1852.172390974767 -4931.502007119358</VELOCITY_XYZ>
            <TIME>2021-04-21T11:18:53.000000Z</TIME>
          </Point>
          <Point>
            <LOCATION_XYZ unit="m">4910318.29 -296247.89 5079756.569</LOCATION_XYZ>
            <VELOCITY_XYZ unit="m/s">5183.497797601856 -1854.816935071372 -5105.948956596665</VELOCITY_XYZ>
            <TIME>2021-04-21T11:19:23.000000Z</TIME>
          </Point>
          <Point>
            <LOCATION_XYZ unit="m">5062529.754 -362808.863 4924025.751</LOCATION_XYZ>
            <VELOCITY_XYZ unit="m/s">5011.12792417407 -1854.848792941135 -5275.22819288075</VELOCITY_XYZ>
            <TIME>2021-04-21T11:19:53.000000Z</TIME>
          </Point>
          <Point>
            <LOCATION_XYZ unit="m">5209347.823 -429658.422 4763296.242</LOCATION_XYZ>
            <VELOCITY_XYZ unit="m/s">4833.699032528326 -1852.24507422396 -5439.166542991996</VELOCITY_XYZ>
            <TIME>2021-04-21T11:20:23.000000Z</TIME>
          </Point>
          <Point>
            <LOCATION_XYZ unit="m">5350623.034 -496705.237 4597730.802</LOCATION_XYZ>
            <VELOCITY_XYZ unit="m/s">4651.401136749424 -1846.986364939949 -5597.596087950282</VELOCITY_XYZ>
            <TIME>2021-04-21T11:20:53.000000Z</TIME>
          </Point>
          <Point>
            <LOCATION_XYZ unit="m">5486211.901 -563857.127 4427497.144</LOCATION_XYZ>
            <VELOCITY_XYZ unit="m/s">4464.429516867734 -1839.056799259852 -5750.354409772903</VELOCITY_XYZ>
            <TIME>2021-04-21T11:21:23.000000Z</TIME>
          </Point>
        </Point_List>
      </Ephemeris>
      <Attitudes>
        <ATTITUDES_USED>ACCURATE</ATTITUDES_USED>
        <Polynomial_Quaternions>
          <OFFSET>40748.21875</OFFSET>
          <SCALE>1.6875</SCALE>
          <Q0>
            <DEGREE>3</DEGREE>
            <COEFFICIENTS>0.0682999774425982 0.00180685567987188 -1.76779642920192e-05 1.61822208099444e-07</COEFFICIENTS>
          </Q0>
          <Q1>
            <DEGREE>3</DEGREE>
            <COEFFICIENTS>-0.925985067245908 0.000434221448120956 3.08818939613376e-06 -5.85563135597147e-07</COEFFICIENTS>
          </Q1>
          <Q2>
            <DEGREE>3</DEGREE>
            <COEFFICIENTS>0.0402152187078064 0.00190973335939913 1.538505911961e-05 1.02988176043807e-07</COEFFICIENTS>
          </Q2>
          <Q3>
            <DEGREE>3</DEGREE>
            <COEFFICIENTS>0.369146995708712 0.000546869313915653 -6.80265202306351e-07 -1.51047110923531e-06</COEFFICIENTS>
          </Q3>
        </Polynomial_Quaternions>
      </Attitudes>
      <Instrument_Configuration>
        <FOCAL_LENGTH>12.905</FOCAL_LENGTH>
        <DETECTOR_SIZE_COL>52e-06</DETECTOR_SIZE_COL>
        <DETECTOR_SIZE_ROW>52e-06</DETECTOR_SIZE_ROW>
      </Instrument_Configuration>
      <Geometric_Calibration>
        <Instrument_Calibration>
          <Swath_Range>
            <FIRST_COL>1</FIRST_COL>
            <LAST_COL>8488</LAST_COL>
          </Swath_Range>
          <Polynomial_Look_Angles>
            <XLOS_0>-0.01422</XLOS_0>
            <XLOS_1>2.844e-06</XLOS_1>
            <YLOS_0>8e-05</YLOS_0>
          </Polynomial_Look_Angles>
          <Instrument_Biases>
            <YAW>0.0</YAW>
            <PITCH>0.0</PITCH>
            <ROLL>0.0</ROLL>
          </Instrument_Biases>
        </Instrument_Calibration>
      </Geometric_Calibration>
    </Refined_Model>
    <Use_Area>
      <Located_Geometric_Values>
        <LOCATION_TYPE>Top Center</LOCATION_TYPE>
        <TIME>2021-04-21T11:19:06.781Z</TIME>
        <GEOMETRIC_GLIDING>3.140340115720345</GEOMETRIC_GLIDING>
        <Acquisition_Angles>
          <AZIMUTH_ANGLE>179.8913036784311</AZIMUTH_ANGLE>
          <VIEWING_ANGLE_ACROSS_TRACK unit="deg">6.379750811773025</VIEWING_ANGLE_ACROSS_TRACK>
          <VIEWING_ANGLE_ALONG_TRACK unit="deg">-1.870269223050022</VIEWING_ANGLE_ALONG_TRACK>
          <VIEWING_ANGLE unit="deg">6.64392038105958</VIEWING_ANGLE>
          <INCIDENCE_ANGLE_ALONG_TRACK>0.6243572635250427</INCIDENCE_ANGLE_ALONG_TRACK>
          <INCIDENCE_ANGLE_ACROSS_TRACK>-7.371099415339592</INCIDENCE_ANGLE_ACROSS_TRACK>
          <INCIDENCE_ANGLE>7.396917949220509</INCIDENCE_ANGLE>
        </Acquisition_Angles>
        <Solar_Incidences>
          <SUN_AZIMUTH unit="deg">160.047777386392</SUN_AZIMUTH>
          <SUN_ELEVATION unit="deg">53.66726005496568</SUN_ELEVATION>
        </Solar_Incidences>
        <Ground_Sample_Distance>
          <GSD_ACROSS_TRACK unit="m">0.7046793534870963</GSD_ACROSS_TRACK>
          <GSD_ALONG_TRACK unit="m">0.7173585259892632</GSD_ALONG_TRACK>
        </Ground_Sample_Distance>
      </Located_Geometric_Values>
      <Located_Geometric_Values>
        <LOCATION_TYPE>Center</LOCATION_TYPE>
        <TIME>2021-04-21T11:19:08.156Z</TIME>
        <GEOMETRIC_GLIDING>3.13979862985263</GEOMETRIC_GLIDING>
        <Acquisition_Angles>
          <AZIMUTH_ANGLE>180.0203051281855</AZIMUTH_ANGLE>
          <VIEWING_ANGLE_ACROSS_TRACK unit="deg">6.581019336388118</VIEWING_ANGLE_ACROSS_TRACK>
          <VIEWING_ANGLE_ALONG_TRACK unit="deg">-1.892929146487389</VIEWING_ANGLE_ALONG_TRACK>
          <VIEWING_ANGLE unit="deg">6.843274027475787</VIEWING_ANGLE>
          <INCIDENCE_ANGLE_ALONG_TRACK>0.6150159391520467</INCIDENCE_ANGLE_ALONG_TRACK>
          <INCIDENCE_ANGLE_ACROSS_TRACK>-7.593313329772362</INCIDENCE_ANGLE_ACROSS_TRACK>
          <INCIDENCE_ANGLE>7.617602606221999</INCIDENCE_ANGLE>
        </Acquisition_Angles>
        <Solar_Incidences>
          <SUN_AZIMUTH unit="deg">160.0088183663568</SUN_AZIMUTH>
          <SUN_ELEVATION unit="deg">53.74635138171649</SUN_ELEVATION>
        </Solar_Incidences>
        <Ground_Sample_Distance>
          <GSD_ACROSS_TRACK unit="m">0.703169269501985</GSD_ACROSS_TRACK>
          <GSD_ALONG_TRACK unit="m">0.7180339431092366</GSD_ALONG_TRACK>
        </Ground_Sample_Distance>
      </Located_Geometric_Values>
      <Located_Geometric_Values>
        <LOCATION_TYPE>Bottom Center</LOCATION_TYPE>
        <TIME>2021-04-21T11:19:09.531Z</TIME>
        <GEOMETRIC_GLIDING>3.140308436897766</GEOMETRIC_GLIDING>
        <Acquisition_Angles>
          <AZIMUTH_ANGLE>180.0918121126898</AZIMUTH_ANGLE>
          <VIEWING_ANGLE_ACROSS_TRACK unit="deg">6.780925202171082</VIEWING_ANGLE_ACROSS_TRACK>
          <VIEWING_ANGLE_ALONG_TRACK unit="deg">-1.914556802320788</VIEWING_ANGLE_ALONG_TRACK>
          <VIEWING_ANGLE unit="deg">7.041201394675573</VIEWING_ANGLE>
          <INCIDENCE_ANGLE_ALONG_TRACK>0.5979817983349027</INCIDENCE_ANGLE_ALONG_TRACK>
          <INCIDENCE_ANGLE_ACROSS_TRACK>-7.814477834686167</INCIDENCE_ANGLE_ACROSS_TRACK>
          <INCIDENCE_ANGLE>7.836763174247719</INCIDENCE_ANGLE>
        </Acquisition_Angles>
        <Solar_Incidences>
          <SUN_AZIMUTH unit="deg">159.9692446350877</SUN_AZIMUTH>
          <SUN_ELEVATION unit="deg">53.82544266360442</SUN_ELEVATION>
        </Solar_Incidences>
        <Ground_Sample_Distance>
          <GSD_ACROSS_TRACK unit="m">0.7042705199412167</GSD_ACROSS_TRACK>
          <GSD_ALONG_TRACK unit="m">0.7187255017655108</GSD_ALONG_TRACK>
        </Ground_Sample_Distance>
      </Located_Geometric_Values>
    </Use_Area>
  </Geometric_Data>
  <Quality_Assessment>
    <Planimetric_Accuracy_Measurement>
      <QUALITY_TABLES>DTED2</QUALITY_TABLES>
      <MEASURE_ID>AHA</MEASURE_ID>
      <MEASURE_NAME>Absolute Horizontal Accuracy</MEASURE_NAME>
      <MEASURE_TYPE>MATCHING</MEASURE_TYPE>
      <MEASURE_UNIT>m</MEASURE_UNIT>
      <Quality_Values>
        <ACCURACY_MEAN>0.0228711184669968</ACCURACY_MEAN>
        <ACCURACY_STDV>2.848208241280823</ACCURACY_STDV>
        <ACCURACY_CE90>4.306619039621729</ACCURACY_CE90>
      </Quality_Values>
    </Planimetric_Accuracy_Measurement>
    <Imaging_Quality_Measurement>
      <QUALITY_TABLES>PHR</QUALITY_TABLES>
      <MEASURE_NAME>Area_Of_Interest (ROI)</MEASURE_NAME>
      <MEASURE_TYPE>AUTOMATIC</MEASURE_TYPE>
      <Quality_Mask>
        <Component>
          <COMPONENT_TITLE>Area_Of_Interest Mask</COMPONENT_TITLE>
          <COMPONENT_CONTENT>GML MASK</COMPONENT_CONTENT>
          <COMPONENT_TYPE>ENCAPSULATED</COMPONENT_TYPE>
          <COMPONENT_PATH href="MASKS/ROI_PHR1B_MS_202104211119066_SEN_6005996101-2_MSK.GML"/>
        </Component>
      </Quality_Mask>
    </Imaging_Quality_Measurement>
    <Imaging_Quality_Measurement>
      <QUALITY_TABLES>PHR</QUALITY_TABLES>
      <MEASURE_NAME>Detector_Quality (DET)</MEASURE_NAME>
      <MEASURE_TYPE>AUTOMATIC</MEASURE_TYPE>
      <Quality_Mask>
        <Component>
          <COMPONENT_TITLE>Detector_Quality Mask</COMPONENT_TITLE>
          <COMPONENT_CONTENT>GML MASK</COMPONENT_CONTENT>
          <COMPONENT_TYPE>ENCAPSULATED</COMPONENT_TYPE>
          <COMPONENT_PATH href="MASKS/DET_PHR1B_MS_202104211119066_SEN_6005996101-2_MSK.GML"/>
        </Component>
      </Quality_Mask>
    </Imaging_Quality_Measurement>
    <Imaging_Quality_Measurement>
      <QUALITY_TABLES>PHR</QUALITY_TABLES>
      <MEASURE_NAME>Saturation_Cotation (SLT)</MEASURE_NAME>
      <MEASURE_TYPE>AUTOMATIC</MEASURE_TYPE>
      <Quality_Mask>
        <Component>
          <COMPONENT_TITLE>Saturation_Cotation Mask</COMPONENT_TITLE>
          <COMPONENT_CONTENT>GML MASK</COMPONENT_CONTENT>
          <COMPONENT_TYPE>ENCAPSULATED</COMPONENT_TYPE>
          <COMPONENT_PATH href="MASKS/SLT_PHR1B_MS_202104211119066_SEN_6005996101-2_MSK.GML"/>
        </Component>
      </Quality_Mask>
    </Imaging_Quality_Measurement>
    <Imaging_Quality_Measurement>
      <QUALITY_TABLES>PHR</QUALITY_TABLES>
      <MEASURE_NAME>Visibility_Cotation (VIS)</MEASURE_NAME>
      <MEASURE_TYPE>AUTOMATIC</MEASURE_TYPE>
      <Quality_Mask>
        <Component>
          <COMPONENT_TITLE>Visibility_Cotation Mask</COMPONENT_TITLE>
          <COMPONENT_CONTENT>GML MASK</COMPONENT_CONTENT>
          <COMPONENT_TYPE>ENCAPSULATED</COMPONENT_TYPE>
          <COMPONENT_PATH href="MASKS/VIS_PHR1B_MS_202104211119066_SEN_6005996101-2_MSK.GML"/>
        </Component>
      </Quality_Mask>
    </Imaging_Quality_Measurement>
    <Imaging_Quality_Measurement>
      <QUALITY_TABLES>PHR</QUALITY_TABLES>
      <MEASURE_NAME>Snow_Cotation (SNW)</MEASURE_NAME>
      <MEASURE_TYPE>AUTOMATIC</MEASURE_TYPE>
      <Quality_Mask>
        <Component>
          <COMPONENT_TITLE>Snow_Cotation Mask</COMPONENT_TITLE>
          <COMPONENT_CONTENT>GML MASK</COMPONENT_CONTENT>
          <COMPONENT_TYPE>ENCAPSULATED</COMPONENT_TYPE>
          <COMPONENT_PATH href="MASKS/SNW_PHR1B_MS_202104211119066_SEN_6005996101-2_MSK.GML"/>
        </Component>
      </Quality_Mask>
    </Imaging_Quality_Measurement>
    <Imaging_Quality_Measurement>
      <QUALITY_TABLES>PHR</QUALITY_TABLES>
      <MEASURE_NAME>Cloud_Cotation (CLD)</MEASURE_NAME>
      <MEASURE_TYPE>AUTOMATIC</MEASURE_TYPE>
      <Quality_Mask>
        <Component>
          <COMPONENT_TITLE>Cloud_Cotation Mask</COMPONENT_TITLE>
          <COMPONENT_CONTENT>GML MASK</COMPONENT_CONTENT>
          <COMPONENT_TYPE>ENCAPSULATED</COMPONENT_TYPE>
          <COMPONENT_PATH href="MASKS/CLD_PHR1B_MS_202104211119066_SEN_6005996101-2_MSK.GML"/>
        </Component>
      </Quality_Mask>
    </Imaging_Quality_Measurement>
    <Imaging_Quality_Measurement>
      <QUALITY_TABLES>PHR</QUALITY_TABLES>
      <MEASURE_NAME>Technical_Index (QTE)</MEASURE_NAME>
      <MEASURE_TYPE>AUTOMATIC</MEASURE_TYPE>
      <Quality_Mask>
        <Component>
          <COMPONENT_TITLE>Technical_Index Mask</COMPONENT_TITLE>
          <COMPONENT_CONTENT>GML MASK</COMPONENT_CONTENT>
          <COMPONENT_TYPE>ENCAPSULATED</COMPONENT_TYPE>
          <COMPONENT_PATH href="MASKS/QTE_PHR1B_MS_202104211119066_SEN_6005996101-2_MSK.GML"/>
        </Component>
      </Quality_Mask>
    </Imaging_Quality_Measurement>
  </Quality_Assessment>
  <Dataset_Sources>
    <Source_Identification>
      <SOURCE_ID>DS_PHR1B_202104211119066_FR1_PX_W003N47_1201_01804</SOURCE_ID>
      <SOURCE_TYPE>Strip_Source</SOURCE_TYPE>
      <SOURCE_DESCRIPTION>PHR1B Data Strip</SOURCE_DESCRIPTION>
      <Strip_Source>
        <MISSION>PHR</MISSION>
        <MISSION_INDEX>1B</MISSION_INDEX>
        <INSTRUMENT>PHR</INSTRUMENT>
        <INSTRUMENT_INDEX>1B</INSTRUMENT_INDEX>
        <IMAGING_DATE>2021-04-21</IMAGING_DATE>
        <IMAGING_TIME>11:19:06.6Z</IMAGING_TIME>
        <BAND_MODE>PX</BAND_MODE>
      </Strip_Source>
      <Component>
        <COMPONENT_TITLE>Strip Source</COMPONENT_TITLE>
        <COMPONENT_CONTENT>Lineage Information</COMPONENT_CONTENT>
        <COMPONENT_TYPE>DIMAP</COMPONENT_TYPE>
        <COMPONENT_PATH href="LINEAGE/STRIP_DS_PHR1B_202104211119066_FR1_PX_W003N47_1201_01804_DIM.XML"/>
      </Component>
    </Source_Identification>
    <Source_Identification>
      <SOURCE_TYPE>Ground_Source</SOURCE_TYPE>
      <SOURCE_DESCRIPTION>Reference3D ORTHO Layer</SOURCE_DESCRIPTION>
      <Component>
        <COMPONENT_TITLE>Source for Ground reset</COMPONENT_TITLE>
        <COMPONENT_CONTENT>Lineage Information</COMPONENT_CONTENT>
        <COMPONENT_TYPE>DIMAP</COMPONENT_TYPE>
        <COMPONENT_PATH href="LINEAGE/GROUND_R3D_OR_SPOTView_N46W003_DIM.XML"/>
      </Component>
    </Source_Identification>
    <Source_Identification>
      <SOURCE_TYPE>Ground_Source</SOURCE_TYPE>
      <SOURCE_DESCRIPTION>Reference3D ORTHO Layer</SOURCE_DESCRIPTION>
      <Component>
        <COMPONENT_TITLE>Source for Ground reset</COMPONENT_TITLE>
        <COMPONENT_CONTENT>Lineage Information</COMPONENT_CONTENT>
        <COMPONENT_TYPE>DIMAP</COMPONENT_TYPE>
        <COMPONENT_PATH href="LINEAGE/GROUND_R3D_OR_SPOTView_N46W002_DIM.XML"/>
      </Component>
    </Source_Identification>
    <Source_Identification>
      <SOURCE_TYPE>Ground_Source</SOURCE_TYPE>
      <SOURCE_DESCRIPTION>Reference3D ORTHO Layer</SOURCE_DESCRIPTION>
      <Component>
        <COMPONENT_TITLE>Source for Ground reset</COMPONENT_TITLE>
        <COMPONENT_CONTENT>Lineage Information</COMPONENT_CONTENT>
        <COMPONENT_TYPE>DIMAP</COMPONENT_TYPE>
        <COMPONENT_PATH href="LINEAGE/GROUND_R3D_OR_SPOTView_N47W003_DIM.XML"/>
      </Component>
    </Source_Identification>
    <Source_Identification>
      <SOURCE_TYPE>Ground_Source</SOURCE_TYPE>
      <SOURCE_DESCRIPTION>Reference3D ORTHO Layer</SOURCE_DESCRIPTION>
      <Component>
        <COMPONENT_TITLE>Source for Ground reset</COMPONENT_TITLE>
        <COMPONENT_CONTENT>Lineage Information</COMPONENT_CONTENT>
        <COMPONENT_TYPE>DIMAP</COMPONENT_TYPE>
        <COMPONENT_PATH href="LINEAGE/GROUND_R3D_OR_SPOTView_N47W002_DIM.XML"/>
      </Component>
    </Source_Identification>
  </Dataset_Sources>
</Dimap_Document>
