<?xml version="1.0" encoding="UTF-8" standalone="yes"?>
<Dimap_Document>
  <Metadata_Identification>
    <METADATA_FORMAT version="2.15">DIMAP</METADATA_FORMAT>
    <METADATA_PROFILE>PHR_SENSOR</METADATA_PROFILE>
    <METADATA_SUBPROFILE>RPC</METADATA_SUBPROFILE>
    <METADATA_LANGUAGE>en</METADATA_LANGUAGE>
  </Metadata_Identification>
  <Rational_Function_Model>
    <Resource_Reference>
      <RESOURCE_TITLE version="2.1">NITF</RESOURCE_TITLE>
      <RESOURCE_ID>RPC00B</RESOURCE_ID>
    </Resource_Reference>
    <Global_RFM>
      <Direct_Model>
        <SAMP_NUM_COEFF_1>-0.000923164108955742</SAMP_NUM_COEFF_1>
        <SAMP_NUM_COEFF_2>0.99851379917003</SAMP_NUM_COEFF_2>
        <SAMP_NUM_COEFF_3>-0.000136658086067712</SAMP_NUM_COEFF_3>
        <SAMP_NUM_COEFF_4>-0.000529589183460328</SAMP_NUM_COEFF_4>
        <SAMP_NUM_COEFF_5>-0.000338058917418073</SAMP_NUM_COEFF_5>
        <SAMP_NUM_COEFF_6>-2.7828394299788e-05</SAMP_NUM_COEFF_6>
        <SAMP_NUM_COEFF_7>-1.63374210873918e-05</SAMP_NUM_COEFF_7>
        <SAMP_NUM_COEFF_8>0.00130907140571628</SAMP_NUM_COEFF_8>
        <SAMP_NUM_COEFF_9>-0.00116010660443824</SAMP_NUM_COEFF_9>
        <SAMP_NUM_COEFF_10>-1.52251211352763e-08</SAMP_NUM_COEFF_10>
        <SAMP_NUM_COEFF_11>-1.77293503221397e-08</SAMP_NUM_COEFF_11>
        <SAMP_NUM_COEFF_12>8.76990568571842e-06</SAMP_NUM_COEFF_12>
        <SAMP_NUM_COEFF_13>6.99016293097482e-06</SAMP_NUM_COEFF_13>
        <SAMP_NUM_COEFF_14>2.73298940210584e-06</SAMP_NUM_COEFF_14>
        <SAMP_NUM_COEFF_15>3.2774994835034e-05</SAMP_NUM_COEFF_15>
        <SAMP_NUM_COEFF_16>2.62755135611874e-05</SAMP_NUM_COEFF_16>
        <SAMP_NUM_COEFF_17>-6.10344695815492e-10</SAMP_NUM_COEFF_17>
        <SAMP_NUM_COEFF_18>-2.44755017361849e-08</SAMP_NUM_COEFF_18>
        <SAMP_NUM_COEFF_19>5.11805884396196e-08</SAMP_NUM_COEFF_19>
        <SAMP_NUM_COEFF_20>-1.46465918061924e-09</SAMP_NUM_COEFF_20>
        <SAMP_DEN_COEFF_1>1</SAMP_DEN_COEFF_1>
        <SAMP_DEN_COEFF_2>-0.000385416558776566</SAMP_DEN_COEFF_2>
        <SAMP_DEN_COEFF_3>0.000337277354959804</SAMP_DEN_COEFF_3>
        <SAMP_DEN_COEFF_4>2.72965873406004e-05</SAMP_DEN_COEFF_4>
        <SAMP_DEN_COEFF_5>-1.76980348564868e-05</SAMP_DEN_COEFF_5>
        <SAMP_DEN_COEFF_6>1.42617374090884e-08</SAMP_DEN_COEFF_6>
        <SAMP_DEN_COEFF_7>-2.80235865885699e-08</SAMP_DEN_COEFF_7>
        <SAMP_DEN_COEFF_8>-1.38704596720604e-06</SAMP_DEN_COEFF_8>
        <SAMP_DEN_COEFF_9>-6.3275715955394e-06</SAMP_DEN_COEFF_9>
        <SAMP_DEN_COEFF_10>2.73066530617638e-06</SAMP_DEN_COEFF_10>
        <SAMP_DEN_COEFF_11>7.16052706728156e-10</SAMP_DEN_COEFF_11>
        <SAMP_DEN_COEFF_12>-4.01529049277462e-08</SAMP_DEN_COEFF_12>
        <SAMP_DEN_COEFF_13>2.05406557679206e-07</SAMP_DEN_COEFF_13>
        <SAMP_DEN_COEFF_14>-4.71090948157133e-09</SAMP_DEN_COEFF_14>
        <SAMP_DEN_COEFF_15>-1.41707648214568e-07</SAMP_DEN_COEFF_15>
        <SAMP_DEN_COEFF_16>3.60771451323026e-07</SAMP_DEN_COEFF_16>
        <SAMP_DEN_COEFF_17>1.83693049978269e-09</SAMP_DEN_COEFF_17>
        <SAMP_DEN_COEFF_18>5.98788215867223e-10</SAMP_DEN_COEFF_18>
        <SAMP_DEN_COEFF_19>-1.22128204269199e-10</SAMP_DEN_COEFF_19>
        <SAMP_DEN_COEFF_20>1.51226126699858e-10</SAMP_DEN_COEFF_20>
        <LINE_NUM_COEFF_1>-0.000444147822756241</LINE_NUM_COEFF_1>
        <LINE_NUM_COEFF_2>0.00144978411454685</LINE_NUM_COEFF_2>
        <LINE_NUM_COEFF_3>-0.998208472606413</LINE_NUM_COEFF_3>
        <LINE_NUM_COEFF_4>-3.72844710795647e-05</LINE_NUM_COEFF_4>
        <LINE_NUM_COEFF_5>-0.00080175974031957</LINE_NUM_COEFF_5>
        <LINE_NUM_COEFF_6>6.10981613204598e-07</LINE_NUM_COEFF_6>
        <LINE_NUM_COEFF_7>8.71137076548624e-07</LINE_NUM_COEFF_7>
        <LINE_NUM_COEFF_8>-0.000621004599160058</LINE_NUM_COEFF_8>
        <LINE_NUM_COEFF_9>4.08146827496615e-05</LINE_NUM_COEFF_9>
        <LINE_NUM_COEFF_10>-1.90209004138766e-08</LINE_NUM_COEFF_10>
        <LINE_NUM_COEFF_11>6.27938242037461e-08</LINE_NUM_COEFF_11>
        <LINE_NUM_COEFF_12>-1.57209814106965e-06</LINE_NUM_COEFF_12>
        <LINE_NUM_COEFF_13>-1.4832060244954e-05</LINE_NUM_COEFF_13>
        <LINE_NUM_COEFF_14>4.05174211511439e-08</LINE_NUM_COEFF_14>
        <LINE_NUM_COEFF_15>-1.87799163380021e-05</LINE_NUM_COEFF_15>
        <LINE_NUM_COEFF_16>-9.85432312288167e-05</LINE_NUM_COEFF_16>
        <LINE_NUM_COEFF_17>-2.81120584366713e-05</LINE_NUM_COEFF_17>
        <LINE_NUM_COEFF_18>6.82400326397683e-08</LINE_NUM_COEFF_18>
        <LINE_NUM_COEFF_19>2.04960448933666e-08</LINE_NUM_COEFF_19>
        <LINE_NUM_COEFF_20>-1.05006107455847e-09</LINE_NUM_COEFF_20>
        <LINE_DEN_COEFF_1>1</LINE_DEN_COEFF_1>
        <LINE_DEN_COEFF_2>-0.000798819623462858</LINE_DEN_COEFF_2>
        <LINE_DEN_COEFF_3>-0.000401522255047129</LINE_DEN_COEFF_3>
        <LINE_DEN_COEFF_4>8.4933812265974e-07</LINE_DEN_COEFF_4>
        <LINE_DEN_COEFF_5>-9.30195051191684e-06</LINE_DEN_COEFF_5>
        <LINE_DEN_COEFF_6>4.30781431453654e-08</LINE_DEN_COEFF_6>
        <LINE_DEN_COEFF_7>9.88406323272647e-11</LINE_DEN_COEFF_7>
        <LINE_DEN_COEFF_8>1.82486114965645e-05</LINE_DEN_COEFF_8>
        <LINE_DEN_COEFF_9>-5.52040768972554e-05</LINE_DEN_COEFF_9>
        <LINE_DEN_COEFF_10>2.81520561279072e-05</LINE_DEN_COEFF_10>
        <LINE_DEN_COEFF_11>1.15846683672468e-09</LINE_DEN_COEFF_11>
        <LINE_DEN_COEFF_12>-1.01835751057342e-07</LINE_DEN_COEFF_12>
        <LINE_DEN_COEFF_13>5.56407459664365e-09</LINE_DEN_COEFF_13>
        <LINE_DEN_COEFF_14>-4.50647482855248e-08</LINE_DEN_COEFF_14>
        <LINE_DEN_COEFF_15>-7.51661391965639e-08</LINE_DEN_COEFF_15>
        <LINE_DEN_COEFF_16>2.0530751562094e-08</LINE_DEN_COEFF_16>
        <LINE_DEN_COEFF_17>-1.00781592529384e-08</LINE_DEN_COEFF_17>
        <LINE_DEN_COEFF_18>2.62442410613402e-11</LINE_DEN_COEFF_18>
        <LINE_DEN_COEFF_19>8.2654543120731e-09</LINE_DEN_COEFF_19>
        <LINE_DEN_COEFF_20>4.86551436127889e-11</LINE_DEN_COEFF_20>
        <ERR_BIAS_X>0.0003305474649571156</ERR_BIAS_X>
        <ERR_BIAS_Y>0.0001856489150259565</ERR_BIAS_Y>
      </Direct_Model>
      <Inverse_Model>
        <SAMP_NUM_COEFF_1>0.000924512415758906</SAMP_NUM_COEFF_1>
        <SAMP_NUM_COEFF_2>1.0014858244649</SAMP_NUM_COEFF_2>
        <SAMP_NUM_COEFF_3>-0.00013606699628923</SAMP_NUM_COEFF_3>
        <SAMP_NUM_COEFF_4>0.00053036441638938</SAMP_NUM_COEFF_4>
        <SAMP_NUM_COEFF_5>-0.000339784706477872</SAMP_NUM_COEFF_5>
        <SAMP_NUM_COEFF_6>2.66415850836301e-05</SAMP_NUM_COEFF_6>
        <SAMP_NUM_COEFF_7>-1.63033135593468e-05</SAMP_NUM_COEFF_7>
        <SAMP_NUM_COEFF_8>-0.00131194260779393</SAMP_NUM_COEFF_8>
        <SAMP_NUM_COEFF_9>0.001165667815327</SAMP_NUM_COEFF_9>
        <SAMP_NUM_COEFF_10>6.29123988748627e-09</SAMP_NUM_COEFF_10>
        <SAMP_NUM_COEFF_11>7.37307432373194e-08</SAMP_NUM_COEFF_11>
        <SAMP_NUM_COEFF_12>-5.84330947593094e-06</SAMP_NUM_COEFF_12>
        <SAMP_NUM_COEFF_13>-1.27565676304037e-05</SAMP_NUM_COEFF_13>
        <SAMP_NUM_COEFF_14>-3.43970877765464e-06</SAMP_NUM_COEFF_14>
        <SAMP_NUM_COEFF_15>3.5711351678679e-05</SAMP_NUM_COEFF_15>
        <SAMP_NUM_COEFF_16>2.73009028969942e-05</SAMP_NUM_COEFF_16>
        <SAMP_NUM_COEFF_17>-4.7482153809128e-11</SAMP_NUM_COEFF_17>
        <SAMP_NUM_COEFF_18>-8.86068682739085e-08</SAMP_NUM_COEFF_18>
        <SAMP_NUM_COEFF_19>-5.27648182402706e-08</SAMP_NUM_COEFF_19>
        <SAMP_NUM_COEFF_20>-1.79008341139385e-09</SAMP_NUM_COEFF_20>
        <SAMP_DEN_COEFF_1>1</SAMP_DEN_COEFF_1>
        <SAMP_DEN_COEFF_2>0.00038806107531232</SAMP_DEN_COEFF_2>
        <SAMP_DEN_COEFF_3>0.00034052541727825</SAMP_DEN_COEFF_3>
        <SAMP_DEN_COEFF_4>-2.71739057098345e-05</SAMP_DEN_COEFF_4>
        <SAMP_DEN_COEFF_5>-1.93947686621423e-05</SAMP_DEN_COEFF_5>
        <SAMP_DEN_COEFF_6>3.56972099014612e-08</SAMP_DEN_COEFF_6>
        <SAMP_DEN_COEFF_7>-3.92398370710085e-08</SAMP_DEN_COEFF_7>
        <SAMP_DEN_COEFF_8>3.5208136167159e-07</SAMP_DEN_COEFF_8>
        <SAMP_DEN_COEFF_9>7.76842150306288e-06</SAMP_DEN_COEFF_9>
        <SAMP_DEN_COEFF_10>-3.44339607404636e-06</SAMP_DEN_COEFF_10>
        <SAMP_DEN_COEFF_11>-3.08516445518671e-09</SAMP_DEN_COEFF_11>
        <SAMP_DEN_COEFF_12>-5.25955810836123e-08</SAMP_DEN_COEFF_12>
        <SAMP_DEN_COEFF_13>-2.90679364159903e-07</SAMP_DEN_COEFF_13>
        <SAMP_DEN_COEFF_14>-5.75312787896982e-09</SAMP_DEN_COEFF_14>
        <SAMP_DEN_COEFF_15>2.0292429097266e-07</SAMP_DEN_COEFF_15>
        <SAMP_DEN_COEFF_16>3.27607685539514e-07</SAMP_DEN_COEFF_16>
        <SAMP_DEN_COEFF_17>-2.37472861270049e-09</SAMP_DEN_COEFF_17>
        <SAMP_DEN_COEFF_18>3.50620794837744e-10</SAMP_DEN_COEFF_18>
        <SAMP_DEN_COEFF_19>1.53779361216075e-09</SAMP_DEN_COEFF_19>
        <SAMP_DEN_COEFF_20>1.78187631888675e-10</SAMP_DEN_COEFF_20>
        <LINE_NUM_COEFF_1>-0.00044361376998271</LINE_NUM_COEFF_1>
        <LINE_NUM_COEFF_2>0.0014533887206536</LINE_NUM_COEFF_2>
        <LINE_NUM_COEFF_3>-1.00179334126421</LINE_NUM_COEFF_3>
        <LINE_NUM_COEFF_4>-3.65810629625946e-05</LINE_NUM_COEFF_4>
        <LINE_NUM_COEFF_5>0.00080088944759168</LINE_NUM_COEFF_5>
        <LINE_NUM_COEFF_6>2.99251103388828e-08</LINE_NUM_COEFF_6>
        <LINE_NUM_COEFF_7>-4.39907865554719e-07</LINE_NUM_COEFF_7>
        <LINE_NUM_COEFF_8>-0.000626369991319713</LINE_NUM_COEFF_8>
        <LINE_NUM_COEFF_9>4.2968304259102e-05</LINE_NUM_COEFF_9>
        <LINE_NUM_COEFF_10>1.9650168905889e-08</LINE_NUM_COEFF_10>
        <LINE_NUM_COEFF_11>-1.8459202741636e-08</LINE_NUM_COEFF_11>
        <LINE_NUM_COEFF_12>4.74832721044889e-07</LINE_NUM_COEFF_12>
        <LINE_NUM_COEFF_13>-1.7238491071873e-05</LINE_NUM_COEFF_13>
        <LINE_NUM_COEFF_14>-4.14930092283673e-08</LINE_NUM_COEFF_14>
        <LINE_NUM_COEFF_15>1.88215324704535e-05</LINE_NUM_COEFF_15>
        <LINE_NUM_COEFF_16>0.000100223758702631</LINE_NUM_COEFF_16>
        <LINE_NUM_COEFF_17>2.88179621627664e-05</LINE_NUM_COEFF_17>
        <LINE_NUM_COEFF_18>4.01574496274697e-10</LINE_NUM_COEFF_18>
        <LINE_NUM_COEFF_19>-5.0306865775683e-09</LINE_NUM_COEFF_19>
        <LINE_NUM_COEFF_20>1.04965539452126e-09</LINE_NUM_COEFF_20>
        <LINE_DEN_COEFF_1>1</LINE_DEN_COEFF_1>
        <LINE_DEN_COEFF_2>0.00080399364376942</LINE_DEN_COEFF_2>
        <LINE_DEN_COEFF_3>-0.0004025667097197</LINE_DEN_COEFF_3>
        <LINE_DEN_COEFF_4>-4.54187704027023e-07</LINE_DEN_COEFF_4>
        <LINE_DEN_COEFF_5>-1.02323339577119e-05</LINE_DEN_COEFF_5>
        <LINE_DEN_COEFF_6>1.83433710838218e-08</LINE_DEN_COEFF_6>
        <LINE_DEN_COEFF_7>-6.88803312797211e-10</LINE_DEN_COEFF_7>
        <LINE_DEN_COEFF_8>-1.99484525826758e-05</LINE_DEN_COEFF_8>
        <LINE_DEN_COEFF_9>5.62400207361765e-05</LINE_DEN_COEFF_9>
        <LINE_DEN_COEFF_10>-2.87769523802693e-05</LINE_DEN_COEFF_10>
        <LINE_DEN_COEFF_11>-2.91788496650561e-12</LINE_DEN_COEFF_11>
        <LINE_DEN_COEFF_12>-5.56112919392356e-08</LINE_DEN_COEFF_12>
        <LINE_DEN_COEFF_13>-6.27417952528148e-07</LINE_DEN_COEFF_13>
        <LINE_DEN_COEFF_14>-4.61376392679407e-08</LINE_DEN_COEFF_14>
        <LINE_DEN_COEFF_15>3.59598239701862e-07</LINE_DEN_COEFF_15>
        <LINE_DEN_COEFF_16>1.46668536883558e-07</LINE_DEN_COEFF_16>
        <LINE_DEN_COEFF_17>1.01964515612009e-08</LINE_DEN_COEFF_17>
        <LINE_DEN_COEFF_18>2.76048501254081e-11</LINE_DEN_COEFF_18>
        <LINE_DEN_COEFF_19>-7.6949466322658e-09</LINE_DEN_COEFF_19>
        <LINE_DEN_COEFF_20>2.53404396550062e-11</LINE_DEN_COEFF_20>
        <ERR_BIAS_ROW>8.917593204438002e-05</ERR_BIAS_ROW>
        <ERR_BIAS_COL>0.0001434915435165739</ERR_BIAS_COL>
      </Inverse_Model>
      <RFM_Validity>
        <Direct_Model_Validity_Domain>
            <FIRST_ROW>1</FIRST_ROW>
            <FIRST_COL>1</FIRST_COL>
            <LAST_ROW>9967</LAST_ROW>
            <LAST_COL>8487</LAST_COL>
          </Direct_Model_Validity_Domain>
        <Inverse_Model_Validity_Domain>
            <FIRST_LON>-2.146283538164949</FIRST_LON>
            <FIRST_LAT>46.94964167097466</FIRST_LAT>
            <LAST_LON>-1.91319208654679</LAST_LON>
            <LAST_LAT>47.13306651948433</LAST_LAT>
          </Inverse_Model_Validity_Domain>
        <LONG_SCALE>0.1138275988563344</LONG_SCALE>
        <LONG_OFF>-2.029775283319792</LONG_OFF>
        <LAT_SCALE>0.08975759254375859</LAT_SCALE>
        <LAT_OFF>47.04151064411205</LAT_OFF>
        <HEIGHT_SCALE>35</HEIGHT_SCALE>
        <HEIGHT_OFF>65</HEIGHT_OFF>
        <SAMP_SCALE>4243</SAMP_SCALE>
        <SAMP_OFF>4244</SAMP_OFF>
        <LINE_SCALE>4983</LINE_SCALE>
        <LINE_OFF>4984</LINE_OFF>
      </RFM_Validity>
    </Global_RFM>
  </Rational_Function_Model>
</Dimap_Document>
