<?xml version="1.0" encoding="UTF-8" standalone="yes"?>
<Dimap_Document>
  <Metadata_Identification>
    <METADATA_FORMAT version="2.15">DIMAP</METADATA_FORMAT>
    <METADATA_PROFILE>PHR_SENSOR</METADATA_PROFILE>
    <METADATA_SUBPROFILE>STRIP</METADATA_SUBPROFILE>
    <METADATA_LANGUAGE>en</METADATA_LANGUAGE>
  </Metadata_Identification>
  <Strip_Identification>
    <STRIP_ID>DS_PHR1B_202104211119066_FR1_PX_W003N47_1201_01804</STRIP_ID>
    <STRIP_TYPE>NOMINAL</STRIP_TYPE>
    <Mission_Identification>
      <MISSION>PHR</MISSION>
      <MISSION_INDEX>1B</MISSION_INDEX>
    </Mission_Identification>
    <Instrument_Identification>
      <INSTRUMENT>PHR</INSTRUMENT>
      <INSTRUMENT_INDEX>1B</INSTRUMENT_INDEX>
      <INSTRUMENT_TYPE>PUSHBROOM</INSTRUMENT_TYPE>
    </Instrument_Identification>
  </Strip_Identification>
  <Acquisition_Configuration>
    <Platform_Configuration>
      <Coordinate_Reference_System>
        <Temporal_CRS>
          <CRS_TABLES version="0.0">IERS</CRS_TABLES>
          <TEMPORAL_CRS_NAME>TAI</TEMPORAL_CRS_NAME>
        </Temporal_CRS>
      </Coordinate_Reference_System>
      <Ephemeris_Configuration>
        <NADIR_LAT unit="deg">46.97527335837514</NADIR_LAT>
        <NADIR_LON unit="deg">-3.12042266397829</NADIR_LON>
        <ACQUISITION_ORBIT_NUMBER>264</ACQUISITION_ORBIT_NUMBER>
        <ACQUISITION_ORBIT_DIRECTION>DESCENDING</ACQUISITION_ORBIT_DIRECTION>
        <Sensors_In_Use>
          <DORIS>true</DORIS>
        </Sensors_In_Use>
      </Ephemeris_Configuration>
      <Attitudes_Configuration>
        <HYBRIDATION_FLAG>false</HYBRIDATION_FLAG>
        <ATTITUDE_TYPE>ACCURATE_ATTITUDE</ATTITUDE_TYPE>
        <Sensors_In_Use>
          <SST1>true</SST1>
          <SST2>true</SST2>
          <SST3>true</SST3>
          <FOG1>true</FOG1>
          <FOG2>true</FOG2>
          <FOG3>true</FOG3>
          <FOG4>true</FOG4>
          <TIME>2021-04-21T11:19:42.031250</TIME>
        </Sensors_In_Use>
      </Attitudes_Configuration>
    </Platform_Configuration>
    <Instrument_Configuration>
      <Coordinate_Reference_System>
        <Temporal_CRS>
          <CRS_TABLES version="0.0">IERS</CRS_TABLES>
          <TEMPORAL_CRS_NAME>TAI</TEMPORAL_CRS_NAME>
        </Temporal_CRS>
      </Coordinate_Reference_System>
      <Sensors_In_Use>
        <BAND_MODE>PX</BAND_MODE>
      </Sensors_In_Use>
      <Instrument_Configuration_List>
        <TDI_CONFIG>13 13 13 13 13</TDI_CONFIG>
        <Band_Configuration>
          <BAND_ID>P</BAND_ID>
          <COMPRESSION_RATIO>2.86</COMPRESSION_RATIO>
          <THEORETICAL_RESOLUTION unit="m">0.7</THEORETICAL_RESOLUTION>
          <Subswath_Configuration>
            <ARRAY_MODE>ABCDE</ARRAY_MODE>
          </Subswath_Configuration>
        </Band_Configuration>
        <Band_Configuration>
          <BAND_ID>B0</BAND_ID>
          <COMPRESSION_RATIO>3.33</COMPRESSION_RATIO>
          <THEORETICAL_RESOLUTION unit="m">2.8</THEORETICAL_RESOLUTION>
          <Subswath_Configuration>
            <ARRAY_MODE>ABCDE</ARRAY_MODE>
          </Subswath_Configuration>
        </Band_Configuration>
        <Band_Configuration>
          <BAND_ID>B1</BAND_ID>
          <COMPRESSION_RATIO>3.33</COMPRESSION_RATIO>
          <THEORETICAL_RESOLUTION unit="m">2.8</THEORETICAL_RESOLUTION>
          <Subswath_Configuration>
            <ARRAY_MODE>ABCDE</ARRAY_MODE>
          </Subswath_Configuration>
        </Band_Configuration>
        <Band_Configuration>
          <BAND_ID>B2</BAND_ID>
          <COMPRESSION_RATIO>3.33</COMPRESSION_RATIO>
          <THEORETICAL_RESOLUTION unit="m">2.8</THEORETICAL_RESOLUTION>
          <Subswath_Configuration>
            <ARRAY_MODE>ABCDE</ARRAY_MODE>
          </Subswath_Configuration>
        </Band_Configuration>
        <Band_Configuration>
          <BAND_ID>B3</BAND_ID>
          <COMPRESSION_RATIO>3.33</COMPRESSION_RATIO>
          <THEORETICAL_RESOLUTION unit="m">2.8</THEORETICAL_RESOLUTION>
          <Subswath_Configuration>
            <ARRAY_MODE>ABCDE</ARRAY_MODE>
          </Subswath_Configuration>
        </Band_Configuration>
      </Instrument_Configuration_List>
      <Time_Configuration>
        <Time_Range>
          <Coordinate_Reference_System>
            <Temporal_CRS>
              <CRS_TABLES version="0.0">ITU</CRS_TABLES>
              <TEMPORAL_CRS_NAME>UTC</TEMPORAL_CRS_NAME>
            </Temporal_CRS>
          </Coordinate_Reference_System>
          <START>2021-04-21T11:19:06.6809720Z</START>
          <END>2021-04-21T11:19:09.8297293Z</END>
        </Time_Range>
      </Time_Configuration>
    </Instrument_Configuration>
    <Quality_Assessment>
      <Ephemeris_Quality>
        <MEASURE_DESC>On ground ephemeris quality assessment after filtering</MEASURE_DESC>
        <Quality_Values>
          <EPHEMERIS_QUALITY>EXCELLENT</EPHEMERIS_QUALITY>
          <TRIODE_INDICATOR>10</TRIODE_INDICATOR>
        </Quality_Values>
      </Ephemeris_Quality>
      <Attitudes_Quality>
        <MEASURE_DESC>On ground attitudes quality assessment after filtering</MEASURE_DESC>
        <Quality_Values>
          <NB_OF_DEGRADED_AUX_DATA_8HZ>0</NB_OF_DEGRADED_AUX_DATA_8HZ>
          <NB_OF_DEGRADED_AUX_DATA_32HZ>0</NB_OF_DEGRADED_AUX_DATA_32HZ>
        </Quality_Values>
      </Attitudes_Quality>
      <Location_Quality>
        <MEASURE_DESC>On ground image performance assessment</MEASURE_DESC>
        <Quality_Values>
          <ABSOLUTE_LOCATION>6</ABSOLUTE_LOCATION>
          <PLANIMETRIC_STABILITY>1</PLANIMETRIC_STABILITY>
        </Quality_Values>
      </Location_Quality>
    </Quality_Assessment>
  </Acquisition_Configuration>
  <Telemetry_Configuration>
    <Telemetry>
      <COMPRESSION_RATIO_PAN>2.86</COMPRESSION_RATIO_PAN>
      <COMPRESSION_RATIO_MS>3.33</COMPRESSION_RATIO_MS>
    </Telemetry>
    <Receiving>
      <RECEIVING_STATION>FR1</RECEIVING_STATION>
      <ARCHIVING_CENTER>FR1</ARCHIVING_CENTER>
    </Receiving>
  </Telemetry_Configuration>
  <Raster_Data>
    <Full_Strip>
      <Raw_Raster>
        <PROCESSING_LEVEL>L1</PROCESSING_LEVEL>
        <Coordinate_Reference_System>
          <Temporal_CRS>
            <CRS_TABLES version="0.0">ITU</CRS_TABLES>
            <TEMPORAL_CRS_NAME>UTC</TEMPORAL_CRS_NAME>
          </Temporal_CRS>
        </Coordinate_Reference_System>
        <ARCHIVING_TIME>2021-04-21T12:08:44Z</ARCHIVING_TIME>
      </Raw_Raster>
    </Full_Strip>
    <Use_Area_List>
      <Use_Area>
        <Frame_Counters>
          <Band_Frame_List>
            <Band_Frame>
              <BAND_ID>P</BAND_ID>
              <Subswath_Frame_List>
                <Subswath_Frame>
                  <ARRAY_ID>E</ARRAY_ID>
                  <DATA_STRIP_START>6</DATA_STRIP_START>
                  <NB_OF_SOURCE_FRAMES>1796</NB_OF_SOURCE_FRAMES>
                </Subswath_Frame>
                <Subswath_Frame>
                  <ARRAY_ID>D</ARRAY_ID>
                  <DATA_STRIP_START>6</DATA_STRIP_START>
                  <NB_OF_SOURCE_FRAMES>1796</NB_OF_SOURCE_FRAMES>
                </Subswath_Frame>
                <Subswath_Frame>
                  <ARRAY_ID>C</ARRAY_ID>
                  <DATA_STRIP_START>6</DATA_STRIP_START>
                  <NB_OF_SOURCE_FRAMES>1796</NB_OF_SOURCE_FRAMES>
                </Subswath_Frame>
                <Subswath_Frame>
                  <ARRAY_ID>B</ARRAY_ID>
                  <DATA_STRIP_START>6</DATA_STRIP_START>
                  <NB_OF_SOURCE_FRAMES>1796</NB_OF_SOURCE_FRAMES>
                </Subswath_Frame>
                <Subswath_Frame>
                  <ARRAY_ID>A</ARRAY_ID>
                  <DATA_STRIP_START>6</DATA_STRIP_START>
                  <NB_OF_SOURCE_FRAMES>1796</NB_OF_SOURCE_FRAMES>
                </Subswath_Frame>
              </Subswath_Frame_List>
            </Band_Frame>
            <Band_Frame>
              <BAND_ID>B0</BAND_ID>
              <Subswath_Frame_List>
                <Subswath_Frame>
                  <ARRAY_ID>E</ARRAY_ID>
                  <DATA_STRIP_START>29</DATA_STRIP_START>
                  <NB_OF_SOURCE_FRAMES>449</NB_OF_SOURCE_FRAMES>
                </Subswath_Frame>
                <Subswath_Frame>
                  <ARRAY_ID>D</ARRAY_ID>
                  <DATA_STRIP_START>29</DATA_STRIP_START>
                  <NB_OF_SOURCE_FRAMES>449</NB_OF_SOURCE_FRAMES>
                </Subswath_Frame>
                <Subswath_Frame>
                  <ARRAY_ID>C</ARRAY_ID>
                  <DATA_STRIP_START>29</DATA_STRIP_START>
                  <NB_OF_SOURCE_FRAMES>449</NB_OF_SOURCE_FRAMES>
                </Subswath_Frame>
                <Subswath_Frame>
                  <ARRAY_ID>B</ARRAY_ID>
                  <DATA_STRIP_START>29</DATA_STRIP_START>
                  <NB_OF_SOURCE_FRAMES>449</NB_OF_SOURCE_FRAMES>
                </Subswath_Frame>
                <Subswath_Frame>
                  <ARRAY_ID>A</ARRAY_ID>
                  <DATA_STRIP_START>29</DATA_STRIP_START>
                  <NB_OF_SOURCE_FRAMES>449</NB_OF_SOURCE_FRAMES>
                </Subswath_Frame>
              </Subswath_Frame_List>
            </Band_Frame>
            <Band_Frame>
              <BAND_ID>B1</BAND_ID>
              <Subswath_Frame_List>
                <Subswath_Frame>
                  <ARRAY_ID>E</ARRAY_ID>
                  <DATA_STRIP_START>28</DATA_STRIP_START>
                  <NB_OF_SOURCE_FRAMES>449</NB_OF_SOURCE_FRAMES>
                </Subswath_Frame>
                <Subswath_Frame>
                  <ARRAY_ID>D</ARRAY_ID>
                  <DATA_STRIP_START>28</DATA_STRIP_START>
                  <NB_OF_SOURCE_FRAMES>449</NB_OF_SOURCE_FRAMES>
                </Subswath_Frame>
                <Subswath_Frame>
                  <ARRAY_ID>C</ARRAY_ID>
                  <DATA_STRIP_START>28</DATA_STRIP_START>
                  <NB_OF_SOURCE_FRAMES>449</NB_OF_SOURCE_FRAMES>
                </Subswath_Frame>
                <Subswath_Frame>
                  <ARRAY_ID>B</ARRAY_ID>
                  <DATA_STRIP_START>28</DATA_STRIP_START>
                  <NB_OF_SOURCE_FRAMES>449</NB_OF_SOURCE_FRAMES>
                </Subswath_Frame>
                <Subswath_Frame>
                  <ARRAY_ID>A</ARRAY_ID>
                  <DATA_STRIP_START>28</DATA_STRIP_START>
                  <NB_OF_SOURCE_FRAMES>449</NB_OF_SOURCE_FRAMES>
                </Subswath_Frame>
              </Subswath_Frame_List>
            </Band_Frame>
            <Band_Frame>
              <BAND_ID>B2</BAND_ID>
              <Subswath_Frame_List>
                <Subswath_Frame>
                  <ARRAY_ID>E</ARRAY_ID>
                  <DATA_STRIP_START>31</DATA_STRIP_START>
                  <NB_OF_SOURCE_FRAMES>449</NB_OF_SOURCE_FRAMES>
                </Subswath_Frame>
                <Subswath_Frame>
                  <ARRAY_ID>D</ARRAY_ID>
                  <DATA_STRIP_START>31</DATA_STRIP_START>
                  <NB_OF_SOURCE_FRAMES>449</NB_OF_SOURCE_FRAMES>
                </Subswath_Frame>
                <Subswath_Frame>
                  <ARRAY_ID>C</ARRAY_ID>
                  <DATA_STRIP_START>31</DATA_STRIP_START>
                  <NB_OF_SOURCE_FRAMES>449</NB_OF_SOURCE_FRAMES>
                </Subswath_Frame>
                <Subswath_Frame>
                  <ARRAY_ID>B</ARRAY_ID>
                  <DATA_STRIP_START>31</DATA_STRIP_START>
                  <NB_OF_SOURCE_FRAMES>449</NB_OF_SOURCE_FRAMES>
                </Subswath_Frame>
                <Subswath_Frame>
                  <ARRAY_ID>A</ARRAY_ID>
                  <DATA_STRIP_START>31</DATA_STRIP_START>
                  <NB_OF_SOURCE_FRAMES>449</NB_OF_SOURCE_FRAMES>
                </Subswath_Frame>
              </Subswath_Frame_List>
            </Band_Frame>
            <Band_Frame>
              <BAND_ID>B3</BAND_ID>
              <Subswath_Frame_List>
                <Subswath_Frame>
                  <ARRAY_ID>E</ARRAY_ID>
                  <DATA_STRIP_START>30</DATA_STRIP_START>
                  <NB_OF_SOURCE_FRAMES>449</NB_OF_SOURCE_FRAMES>
                </Subswath_Frame>
                <Subswath_Frame>
                  <ARRAY_ID>D</ARRAY_ID>
                  <DATA_STRIP_START>30</DATA_STRIP_START>
                  <NB_OF_SOURCE_FRAMES>449</NB_OF_SOURCE_FRAMES>
                </Subswath_Frame>
                <Subswath_Frame>
                  <ARRAY_ID>C</ARRAY_ID>
                  <DATA_STRIP_START>30</DATA_STRIP_START>
                  <NB_OF_SOURCE_FRAMES>449</NB_OF_SOURCE_FRAMES>
                </Subswath_Frame>
                <Subswath_Frame>
                  <ARRAY_ID>B</ARRAY_ID>
                  <DATA_STRIP_START>30</DATA_STRIP_START>
                  <NB_OF_SOURCE_FRAMES>449</NB_OF_SOURCE_FRAMES>
                </Subswath_Frame>
                <Subswath_Frame>
                  <ARRAY_ID>A</ARRAY_ID>
                  <DATA_STRIP_START>30</DATA_STRIP_START>
                  <NB_OF_SOURCE_FRAMES>449</NB_OF_SOURCE_FRAMES>
                </Subswath_Frame>
              </Subswath_Frame_List>
            </Band_Frame>
          </Band_Frame_List>
        </Frame_Counters>
        <Coordinates_Counters>
          <Band_Coordinates_List>
            <Band_Coordinates>
              <BAND_ID>P</BAND_ID>
              <Subswath_Coordinates_List>
                <Subswath_Coordinates>
                  <SUBSWATH_NUMBER>1</SUBSWATH_NUMBER>
                  <ARRAY_ID>E</ARRAY_ID>
                  <FIRST_ROW>33</FIRST_ROW>
                  <FIRST_COL>1</FIRST_COL>
                  <FIRST_COL_IN_THE_IMAGE_LINE>1</FIRST_COL_IN_THE_IMAGE_LINE>
                </Subswath_Coordinates>
                <Subswath_Coordinates>
                  <SUBSWATH_NUMBER>2</SUBSWATH_NUMBER>
                  <ARRAY_ID>D</ARRAY_ID>
                  <FIRST_ROW>33</FIRST_ROW>
                  <FIRST_COL>1</FIRST_COL>
                  <FIRST_COL_IN_THE_IMAGE_LINE>5985</FIRST_COL_IN_THE_IMAGE_LINE>
                </Subswath_Coordinates>
                <Subswath_Coordinates>
                  <SUBSWATH_NUMBER>3</SUBSWATH_NUMBER>
                  <ARRAY_ID>C</ARRAY_ID>
                  <FIRST_ROW>33</FIRST_ROW>
                  <FIRST_COL>1</FIRST_COL>
                  <FIRST_COL_IN_THE_IMAGE_LINE>11969</FIRST_COL_IN_THE_IMAGE_LINE>
                </Subswath_Coordinates>
                <Subswath_Coordinates>
                  <SUBSWATH_NUMBER>4</SUBSWATH_NUMBER>
                  <ARRAY_ID>B</ARRAY_ID>
                  <FIRST_ROW>33</FIRST_ROW>
                  <FIRST_COL>1</FIRST_COL>
                  <FIRST_COL_IN_THE_IMAGE_LINE>17953</FIRST_COL_IN_THE_IMAGE_LINE>
                </Subswath_Coordinates>
                <Subswath_Coordinates>
                  <SUBSWATH_NUMBER>5</SUBSWATH_NUMBER>
                  <ARRAY_ID>A</ARRAY_ID>
                  <FIRST_ROW>33</FIRST_ROW>
                  <FIRST_COL>1</FIRST_COL>
                  <FIRST_COL_IN_THE_IMAGE_LINE>23937</FIRST_COL_IN_THE_IMAGE_LINE>
                </Subswath_Coordinates>
              </Subswath_Coordinates_List>
            </Band_Coordinates>
            <Band_Coordinates>
              <BAND_ID>B0</BAND_ID>
              <Subswath_Coordinates_List>
                <Subswath_Coordinates>
                  <SUBSWATH_NUMBER>1</SUBSWATH_NUMBER>
                  <ARRAY_ID>E</ARRAY_ID>
                  <FIRST_ROW>49</FIRST_ROW>
                  <FIRST_COL>1</FIRST_COL>
                  <FIRST_COL_IN_THE_IMAGE_LINE>1</FIRST_COL_IN_THE_IMAGE_LINE>
                </Subswath_Coordinates>
                <Subswath_Coordinates>
                  <SUBSWATH_NUMBER>2</SUBSWATH_NUMBER>
                  <ARRAY_ID>D</ARRAY_ID>
                  <FIRST_ROW>49</FIRST_ROW>
                  <FIRST_COL>1</FIRST_COL>
                  <FIRST_COL_IN_THE_IMAGE_LINE>1497</FIRST_COL_IN_THE_IMAGE_LINE>
                </Subswath_Coordinates>
                <Subswath_Coordinates>
                  <SUBSWATH_NUMBER>3</SUBSWATH_NUMBER>
                  <ARRAY_ID>C</ARRAY_ID>
                  <FIRST_ROW>49</FIRST_ROW>
                  <FIRST_COL>1</FIRST_COL>
                  <FIRST_COL_IN_THE_IMAGE_LINE>2993</FIRST_COL_IN_THE_IMAGE_LINE>
                </Subswath_Coordinates>
                <Subswath_Coordinates>
                  <SUBSWATH_NUMBER>4</SUBSWATH_NUMBER>
                  <ARRAY_ID>B</ARRAY_ID>
                  <FIRST_ROW>49</FIRST_ROW>
                  <FIRST_COL>1</FIRST_COL>
                  <FIRST_COL_IN_THE_IMAGE_LINE>4489</FIRST_COL_IN_THE_IMAGE_LINE>
                </Subswath_Coordinates>
                <Subswath_Coordinates>
                  <SUBSWATH_NUMBER>5</SUBSWATH_NUMBER>
                  <ARRAY_ID>A</ARRAY_ID>
                  <FIRST_ROW>49</FIRST_ROW>
                  <FIRST_COL>1</FIRST_COL>
                  <FIRST_COL_IN_THE_IMAGE_LINE>5985</FIRST_COL_IN_THE_IMAGE_LINE>
                </Subswath_Coordinates>
              </Subswath_Coordinates_List>
            </Band_Coordinates>
            <Band_Coordinates>
              <BAND_ID>B1</BAND_ID>
              <Subswath_Coordinates_List>
                <Subswath_Coordinates>
                  <SUBSWATH_NUMBER>1</SUBSWATH_NUMBER>
                  <ARRAY_ID>E</ARRAY_ID>
                  <FIRST_ROW>49</FIRST_ROW>
                  <FIRST_COL>1</FIRST_COL>
                  <FIRST_COL_IN_THE_IMAGE_LINE>1</FIRST_COL_IN_THE_IMAGE_LINE>
                </Subswath_Coordinates>
                <Subswath_Coordinates>
                  <SUBSWATH_NUMBER>2</SUBSWATH_NUMBER>
                  <ARRAY_ID>D</ARRAY_ID>
                  <FIRST_ROW>49</FIRST_ROW>
                  <FIRST_COL>1</FIRST_COL>
                  <FIRST_COL_IN_THE_IMAGE_LINE>1497</FIRST_COL_IN_THE_IMAGE_LINE>
                </Subswath_Coordinates>
                <Subswath_Coordinates>
                  <SUBSWATH_NUMBER>3</SUBSWATH_NUMBER>
                  <ARRAY_ID>C</ARRAY_ID>
                  <FIRST_ROW>49</FIRST_ROW>
                  <FIRST_COL>1</FIRST_COL>
                  <FIRST_COL_IN_THE_IMAGE_LINE>2993</FIRST_COL_IN_THE_IMAGE_LINE>
                </Subswath_Coordinates>
                <Subswath_Coordinates>
                  <SUBSWATH_NUMBER>4</SUBSWATH_NUMBER>
                  <ARRAY_ID>B</ARRAY_ID>
                  <FIRST_ROW>49</FIRST_ROW>
                  <FIRST_COL>1</FIRST_COL>
                  <FIRST_COL_IN_THE_IMAGE_LINE>4489</FIRST_COL_IN_THE_IMAGE_LINE>
                </Subswath_Coordinates>
                <Subswath_Coordinates>
                  <SUBSWATH_NUMBER>5</SUBSWATH_NUMBER>
                  <ARRAY_ID>A</ARRAY_ID>
                  <FIRST_ROW>49</FIRST_ROW>
                  <FIRST_COL>1</FIRST_COL>
                  <FIRST_COL_IN_THE_IMAGE_LINE>5985</FIRST_COL_IN_THE_IMAGE_LINE>
                </Subswath_Coordinates>
              </Subswath_Coordinates_List>
            </Band_Coordinates>
            <Band_Coordinates>
              <BAND_ID>B2</BAND_ID>
              <Subswath_Coordinates_List>
                <Subswath_Coordinates>
                  <SUBSWATH_NUMBER>1</SUBSWATH_NUMBER>
                  <ARRAY_ID>E</ARRAY_ID>
                  <FIRST_ROW>33</FIRST_ROW>
                  <FIRST_COL>1</FIRST_COL>
                  <FIRST_COL_IN_THE_IMAGE_LINE>1</FIRST_COL_IN_THE_IMAGE_LINE>
                </Subswath_Coordinates>
                <Subswath_Coordinates>
                  <SUBSWATH_NUMBER>2</SUBSWATH_NUMBER>
                  <ARRAY_ID>D</ARRAY_ID>
                  <FIRST_ROW>33</FIRST_ROW>
                  <FIRST_COL>1</FIRST_COL>
                  <FIRST_COL_IN_THE_IMAGE_LINE>1497</FIRST_COL_IN_THE_IMAGE_LINE>
                </Subswath_Coordinates>
                <Subswath_Coordinates>
                  <SUBSWATH_NUMBER>3</SUBSWATH_NUMBER>
                  <ARRAY_ID>C</ARRAY_ID>
                  <FIRST_ROW>33</FIRST_ROW>
                  <FIRST_COL>1</FIRST_COL>
                  <FIRST_COL_IN_THE_IMAGE_LINE>2993</FIRST_COL_IN_THE_IMAGE_LINE>
                </Subswath_Coordinates>
                <Subswath_Coordinates>
                  <SUBSWATH_NUMBER>4</SUBSWATH_NUMBER>
                  <ARRAY_ID>B</ARRAY_ID>
                  <FIRST_ROW>33</FIRST_ROW>
                  <FIRST_COL>1</FIRST_COL>
                  <FIRST_COL_IN_THE_IMAGE_LINE>4489</FIRST_COL_IN_THE_IMAGE_LINE>
                </Subswath_Coordinates>
                <Subswath_Coordinates>
                  <SUBSWATH_NUMBER>5</SUBSWATH_NUMBER>
                  <ARRAY_ID>A</ARRAY_ID>
                  <FIRST_ROW>33</FIRST_ROW>
                  <FIRST_COL>1</FIRST_COL>
                  <FIRST_COL_IN_THE_IMAGE_LINE>5985</FIRST_COL_IN_THE_IMAGE_LINE>
                </Subswath_Coordinates>
              </Subswath_Coordinates_List>
            </Band_Coordinates>
            <Band_Coordinates>
              <BAND_ID>B3</BAND_ID>
              <Subswath_Coordinates_List>
                <Subswath_Coordinates>
                  <SUBSWATH_NUMBER>1</SUBSWATH_NUMBER>
                  <ARRAY_ID>E</ARRAY_ID>
                  <FIRST_ROW>49</FIRST_ROW>
                  <FIRST_COL>1</FIRST_COL>
                  <FIRST_COL_IN_THE_IMAGE_LINE>1</FIRST_COL_IN_THE_IMAGE_LINE>
                </Subswath_Coordinates>
                <Subswath_Coordinates>
                  <SUBSWATH_NUMBER>2</SUBSWATH_NUMBER>
                  <ARRAY_ID>D</ARRAY_ID>
                  <FIRST_ROW>49</FIRST_ROW>
                  <FIRST_COL>1</FIRST_COL>
                  <FIRST_COL_IN_THE_IMAGE_LINE>1497</FIRST_COL_IN_THE_IMAGE_LINE>
                </Subswath_Coordinates>
                <Subswath_Coordinates>
                  <SUBSWATH_NUMBER>3</SUBSWATH_NUMBER>
                  <ARRAY_ID>C</ARRAY_ID>
                  <FIRST_ROW>49</FIRST_ROW>
                  <FIRST_COL>1</FIRST_COL>
                  <FIRST_COL_IN_THE_IMAGE_LINE>2993</FIRST_COL_IN_THE_IMAGE_LINE>
                </Subswath_Coordinates>
                <Subswath_Coordinates>
                  <SUBSWATH_NUMBER>4</SUBSWATH_NUMBER>
                  <ARRAY_ID>B</ARRAY_ID>
                  <FIRST_ROW>49</FIRST_ROW>
                  <FIRST_COL>1</FIRST_COL>
                  <FIRST_COL_IN_THE_IMAGE_LINE>4489</FIRST_COL_IN_THE_IMAGE_LINE>
                </Subswath_Coordinates>
                <Subswath_Coordinates>
                  <SUBSWATH_NUMBER>5</SUBSWATH_NUMBER>
                  <ARRAY_ID>A</ARRAY_ID>
                  <FIRST_ROW>49</FIRST_ROW>
                  <FIRST_COL>1</FIRST_COL>
                  <FIRST_COL_IN_THE_IMAGE_LINE>5985</FIRST_COL_IN_THE_IMAGE_LINE>
                </Subswath_Coordinates>
              </Subswath_Coordinates_List>
            </Band_Coordinates>
          </Band_Coordinates_List>
        </Coordinates_Counters>
      </Use_Area>
    </Use_Area_List>
  </Raster_Data>
  <Radiometric_Data>
    <Full_Strip>
      <Raw_Radiometry>
        <PROCESSING_LEVEL>L1</PROCESSING_LEVEL>
        <Bad_Data>
          <Bad_Frames>
            <Band_BF_List>
              <Band_BF>
                <BAND_ID>P</BAND_ID>
                <Subswath_BF_List>
                  <Subswath_BF>
                    <ARRAY_ID>A</ARRAY_ID>
                    <STRING_ID>3</STRING_ID>
                    <BF_List>
                      <BF_Range>
                        <FIRST_FRAME_COUNTER>1819</FIRST_FRAME_COUNTER>
                        <NB_OF_FRAME_COUNTERS>1</NB_OF_FRAME_COUNTERS>
                        <STATUS>LOST</STATUS>
                      </BF_Range>
                    </BF_List>
                  </Subswath_BF>
                  <Subswath_BF>
                    <ARRAY_ID>A</ARRAY_ID>
                    <STRING_ID>2</STRING_ID>
                    <BF_List>
                      <BF_Range>
                        <FIRST_FRAME_COUNTER>1819</FIRST_FRAME_COUNTER>
                        <NB_OF_FRAME_COUNTERS>1</NB_OF_FRAME_COUNTERS>
                        <STATUS>LOST</STATUS>
                      </BF_Range>
                    </BF_List>
                  </Subswath_BF>
                  <Subswath_BF>
                    <ARRAY_ID>A</ARRAY_ID>
                    <STRING_ID>1</STRING_ID>
                    <BF_List>
                      <BF_Range>
                        <FIRST_FRAME_COUNTER>1819</FIRST_FRAME_COUNTER>
                        <NB_OF_FRAME_COUNTERS>1</NB_OF_FRAME_COUNTERS>
                        <STATUS>LOST</STATUS>
                      </BF_Range>
                    </BF_List>
                  </Subswath_BF>
                  <Subswath_BF>
                    <ARRAY_ID>A</ARRAY_ID>
                    <STRING_ID>0</STRING_ID>
                    <BF_List>
                      <BF_Range>
                        <FIRST_FRAME_COUNTER>1819</FIRST_FRAME_COUNTER>
                        <NB_OF_FRAME_COUNTERS>1</NB_OF_FRAME_COUNTERS>
                        <STATUS>LOST</STATUS>
                      </BF_Range>
                    </BF_List>
                  </Subswath_BF>
                  <Subswath_BF>
                    <ARRAY_ID>B</ARRAY_ID>
                    <STRING_ID>3</STRING_ID>
                    <BF_List>
                      <BF_Range>
                        <FIRST_FRAME_COUNTER>1819</FIRST_FRAME_COUNTER>
                        <NB_OF_FRAME_COUNTERS>1</NB_OF_FRAME_COUNTERS>
                        <STATUS>LOST</STATUS>
                      </BF_Range>
                    </BF_List>
                  </Subswath_BF>
                  <Subswath_BF>
                    <ARRAY_ID>B</ARRAY_ID>
                    <STRING_ID>2</STRING_ID>
                    <BF_List>
                      <BF_Range>
                        <FIRST_FRAME_COUNTER>1819</FIRST_FRAME_COUNTER>
                        <NB_OF_FRAME_COUNTERS>1</NB_OF_FRAME_COUNTERS>
                        <STATUS>LOST</STATUS>
                      </BF_Range>
                    </BF_List>
                  </Subswath_BF>
                  <Subswath_BF>
                    <ARRAY_ID>B</ARRAY_ID>
                    <STRING_ID>1</STRING_ID>
                    <BF_List>
                      <BF_Range>
                        <FIRST_FRAME_COUNTER>1819</FIRST_FRAME_COUNTER>
                        <NB_OF_FRAME_COUNTERS>1</NB_OF_FRAME_COUNTERS>
                        <STATUS>LOST</STATUS>
                      </BF_Range>
                    </BF_List>
                  </Subswath_BF>
                  <Subswath_BF>
                    <ARRAY_ID>B</ARRAY_ID>
                    <STRING_ID>0</STRING_ID>
                    <BF_List>
                      <BF_Range>
                        <FIRST_FRAME_COUNTER>1819</FIRST_FRAME_COUNTER>
                        <NB_OF_FRAME_COUNTERS>1</NB_OF_FRAME_COUNTERS>
                        <STATUS>LOST</STATUS>
                      </BF_Range>
                    </BF_List>
                  </Subswath_BF>
                  <Subswath_BF>
                    <ARRAY_ID>C</ARRAY_ID>
                    <STRING_ID>3</STRING_ID>
                    <BF_List>
                      <BF_Range>
                        <FIRST_FRAME_COUNTER>1819</FIRST_FRAME_COUNTER>
                        <NB_OF_FRAME_COUNTERS>1</NB_OF_FRAME_COUNTERS>
                        <STATUS>LOST</STATUS>
                      </BF_Range>
                    </BF_List>
                  </Subswath_BF>
                  <Subswath_BF>
                    <ARRAY_ID>C</ARRAY_ID>
                    <STRING_ID>2</STRING_ID>
                    <BF_List>
                      <BF_Range>
                        <FIRST_FRAME_COUNTER>1819</FIRST_FRAME_COUNTER>
                        <NB_OF_FRAME_COUNTERS>1</NB_OF_FRAME_COUNTERS>
                        <STATUS>LOST</STATUS>
                      </BF_Range>
                    </BF_List>
                  </Subswath_BF>
                  <Subswath_BF>
                    <ARRAY_ID>C</ARRAY_ID>
                    <STRING_ID>1</STRING_ID>
                    <BF_List>
                      <BF_Range>
                        <FIRST_FRAME_COUNTER>1819</FIRST_FRAME_COUNTER>
                        <NB_OF_FRAME_COUNTERS>1</NB_OF_FRAME_COUNTERS>
                        <STATUS>LOST</STATUS>
                      </BF_Range>
                    </BF_List>
                  </Subswath_BF>
                  <Subswath_BF>
                    <ARRAY_ID>C</ARRAY_ID>
                    <STRING_ID>0</STRING_ID>
                    <BF_List>
                      <BF_Range>
                        <FIRST_FRAME_COUNTER>1819</FIRST_FRAME_COUNTER>
                        <NB_OF_FRAME_COUNTERS>1</NB_OF_FRAME_COUNTERS>
                        <STATUS>LOST</STATUS>
                      </BF_Range>
                    </BF_List>
                  </Subswath_BF>
                </Subswath_BF_List>
              </Band_BF>
              <Band_BF>
                <BAND_ID>B0</BAND_ID>
                <Subswath_BF_List>
                  <Subswath_BF>
                    <ARRAY_ID>A</ARRAY_ID>
                    <STRING_ID>0</STRING_ID>
                    <BF_List>
                      <BF_Range>
                        <FIRST_FRAME_COUNTER>563</FIRST_FRAME_COUNTER>
                        <NB_OF_FRAME_COUNTERS>2</NB_OF_FRAME_COUNTERS>
                        <STATUS>LOST</STATUS>
                      </BF_Range>
                    </BF_List>
                  </Subswath_BF>
                  <Subswath_BF>
                    <ARRAY_ID>D</ARRAY_ID>
                    <STRING_ID>0</STRING_ID>
                    <BF_List>
                      <BF_Range>
                        <FIRST_FRAME_COUNTER>564</FIRST_FRAME_COUNTER>
                        <NB_OF_FRAME_COUNTERS>1</NB_OF_FRAME_COUNTERS>
                        <STATUS>LOST</STATUS>
                      </BF_Range>
                    </BF_List>
                  </Subswath_BF>
                  <Subswath_BF>
                    <ARRAY_ID>E</ARRAY_ID>
                    <STRING_ID>0</STRING_ID>
                    <BF_List>
                      <BF_Range>
                        <FIRST_FRAME_COUNTER>564</FIRST_FRAME_COUNTER>
                        <NB_OF_FRAME_COUNTERS>1</NB_OF_FRAME_COUNTERS>
                        <STATUS>LOST</STATUS>
                      </BF_Range>
                    </BF_List>
                  </Subswath_BF>
                </Subswath_BF_List>
              </Band_BF>
              <Band_BF>
                <BAND_ID>B1</BAND_ID>
                <Subswath_BF_List>
                  <Subswath_BF>
                    <ARRAY_ID>A</ARRAY_ID>
                    <STRING_ID>0</STRING_ID>
                    <BF_List>
                      <BF_Range>
                        <FIRST_FRAME_COUNTER>562</FIRST_FRAME_COUNTER>
                        <NB_OF_FRAME_COUNTERS>3</NB_OF_FRAME_COUNTERS>
                        <STATUS>LOST</STATUS>
                      </BF_Range>
                    </BF_List>
                  </Subswath_BF>
                  <Subswath_BF>
                    <ARRAY_ID>B</ARRAY_ID>
                    <STRING_ID>0</STRING_ID>
                    <BF_List>
                      <BF_Range>
                        <FIRST_FRAME_COUNTER>564</FIRST_FRAME_COUNTER>
                        <NB_OF_FRAME_COUNTERS>1</NB_OF_FRAME_COUNTERS>
                        <STATUS>LOST</STATUS>
                      </BF_Range>
                    </BF_List>
                  </Subswath_BF>
                  <Subswath_BF>
                    <ARRAY_ID>C</ARRAY_ID>
                    <STRING_ID>0</STRING_ID>
                    <BF_List>
                      <BF_Range>
                        <FIRST_FRAME_COUNTER>564</FIRST_FRAME_COUNTER>
                        <NB_OF_FRAME_COUNTERS>1</NB_OF_FRAME_COUNTERS>
                        <STATUS>LOST</STATUS>
                      </BF_Range>
                    </BF_List>
                  </Subswath_BF>
                  <Subswath_BF>
                    <ARRAY_ID>D</ARRAY_ID>
                    <STRING_ID>0</STRING_ID>
                    <BF_List>
                      <BF_Range>
                        <FIRST_FRAME_COUNTER>563</FIRST_FRAME_COUNTER>
                        <NB_OF_FRAME_COUNTERS>2</NB_OF_FRAME_COUNTERS>
                        <STATUS>LOST</STATUS>
                      </BF_Range>
                    </BF_List>
                  </Subswath_BF>
                  <Subswath_BF>
                    <ARRAY_ID>E</ARRAY_ID>
                    <STRING_ID>0</STRING_ID>
                    <BF_List>
                      <BF_Range>
                        <FIRST_FRAME_COUNTER>563</FIRST_FRAME_COUNTER>
                        <NB_OF_FRAME_COUNTERS>2</NB_OF_FRAME_COUNTERS>
                        <STATUS>LOST</STATUS>
                      </BF_Range>
                    </BF_List>
                  </Subswath_BF>
                </Subswath_BF_List>
              </Band_BF>
              <Band_BF>
                <BAND_ID>B2</BAND_ID>
                <Subswath_BF_List>
                  <Subswath_BF>
                    <ARRAY_ID>A</ARRAY_ID>
                    <STRING_ID>0</STRING_ID>
                    <BF_List>
                      <BF_Range>
                        <FIRST_FRAME_COUNTER>563</FIRST_FRAME_COUNTER>
                        <NB_OF_FRAME_COUNTERS>2</NB_OF_FRAME_COUNTERS>
                        <STATUS>LOST</STATUS>
                      </BF_Range>
                    </BF_List>
                  </Subswath_BF>
                  <Subswath_BF>
                    <ARRAY_ID>B</ARRAY_ID>
                    <STRING_ID>0</STRING_ID>
                    <BF_List>
                      <BF_Range>
                        <FIRST_FRAME_COUNTER>564</FIRST_FRAME_COUNTER>
                        <NB_OF_FRAME_COUNTERS>1</NB_OF_FRAME_COUNTERS>
                        <STATUS>LOST</STATUS>
                      </BF_Range>
                    </BF_List>
                  </Subswath_BF>
                  <Subswath_BF>
                    <ARRAY_ID>C</ARRAY_ID>
                    <STRING_ID>0</STRING_ID>
                    <BF_List>
                      <BF_Range>
                        <FIRST_FRAME_COUNTER>564</FIRST_FRAME_COUNTER>
                        <NB_OF_FRAME_COUNTERS>1</NB_OF_FRAME_COUNTERS>
                        <STATUS>LOST</STATUS>
                      </BF_Range>
                    </BF_List>
                  </Subswath_BF>
                  <Subswath_BF>
                    <ARRAY_ID>D</ARRAY_ID>
                    <STRING_ID>0</STRING_ID>
                    <BF_List>
                      <BF_Range>
                        <FIRST_FRAME_COUNTER>563</FIRST_FRAME_COUNTER>
                        <NB_OF_FRAME_COUNTERS>2</NB_OF_FRAME_COUNTERS>
                        <STATUS>LOST</STATUS>
                      </BF_Range>
                    </BF_List>
                  </Subswath_BF>
                  <Subswath_BF>
                    <ARRAY_ID>E</ARRAY_ID>
                    <STRING_ID>0</STRING_ID>
                    <BF_List>
                      <BF_Range>
                        <FIRST_FRAME_COUNTER>563</FIRST_FRAME_COUNTER>
                        <NB_OF_FRAME_COUNTERS>2</NB_OF_FRAME_COUNTERS>
                        <STATUS>LOST</STATUS>
                      </BF_Range>
                    </BF_List>
                  </Subswath_BF>
                </Subswath_BF_List>
              </Band_BF>
              <Band_BF>
                <BAND_ID>B3</BAND_ID>
                <Subswath_BF_List>
                  <Subswath_BF>
                    <ARRAY_ID>A</ARRAY_ID>
                    <STRING_ID>0</STRING_ID>
                    <BF_List>
                      <BF_Range>
                        <FIRST_FRAME_COUNTER>563</FIRST_FRAME_COUNTER>
                        <NB_OF_FRAME_COUNTERS>2</NB_OF_FRAME_COUNTERS>
                        <STATUS>LOST</STATUS>
                      </BF_Range>
                    </BF_List>
                  </Subswath_BF>
                  <Subswath_BF>
                    <ARRAY_ID>D</ARRAY_ID>
                    <STRING_ID>0</STRING_ID>
                    <BF_List>
                      <BF_Range>
                        <FIRST_FRAME_COUNTER>564</FIRST_FRAME_COUNTER>
                        <NB_OF_FRAME_COUNTERS>1</NB_OF_FRAME_COUNTERS>
                        <STATUS>LOST</STATUS>
                      </BF_Range>
                    </BF_List>
                  </Subswath_BF>
                  <Subswath_BF>
                    <ARRAY_ID>E</ARRAY_ID>
                    <STRING_ID>0</STRING_ID>
                    <BF_List>
                      <BF_Range>
                        <FIRST_FRAME_COUNTER>564</FIRST_FRAME_COUNTER>
                        <NB_OF_FRAME_COUNTERS>1</NB_OF_FRAME_COUNTERS>
                        <STATUS>LOST</STATUS>
                      </BF_Range>
                    </BF_List>
                  </Subswath_BF>
                </Subswath_BF_List>
              </Band_BF>
            </Band_BF_List>
          </Bad_Frames>
        </Bad_Data>
      </Raw_Radiometry>
    </Full_Strip>
  </Radiometric_Data>
  <Geometric_Data>
    <Full_Strip>
      <GEOMETRIC_MODEL>RAW</GEOMETRIC_MODEL>
      <Raw_Model>
        <PROCESSING_LEVEL>ARCHIVE</PROCESSING_LEVEL>
        <Time_Range>
          <Coordinate_Reference_System>
            <Temporal_CRS>
              <CRS_TABLES version="0.0">ITU</CRS_TABLES>
              <TEMPORAL_CRS_NAME>UTC</TEMPORAL_CRS_NAME>
            </Temporal_CRS>
          </Coordinate_Reference_System>
          <START>2021-04-21T11:19:06.6809720Z</START>
          <END>2021-04-21T11:19:09.8297293Z</END>
        </Time_Range>
      </Raw_Model>
    </Full_Strip>
  </Geometric_Data>
  <Catalog>
    <Coordinate_Reference_System>
      <Geodetic_CRS>
        <GEODETIC_CRS_TYPE>GEOGRAPHIC2D</GEODETIC_CRS_TYPE>
        <GEODETIC_CRS_NAME>WGS 1984</GEODETIC_CRS_NAME>
        <GEODETIC_CRS_CODE>urn:ogc:def:crs:EPSG::4326</GEODETIC_CRS_CODE>
      </Geodetic_CRS>
      <Temporal_CRS>
        <CRS_TABLES version="0.0">ITU</CRS_TABLES>
        <TEMPORAL_CRS_NAME>UTC</TEMPORAL_CRS_NAME>
      </Temporal_CRS>
    </Coordinate_Reference_System>
    <Full_Strip>
      <PROCESSING_LEVEL>ARCHIVE</PROCESSING_LEVEL>
      <Album_Footprint>
        <Vertex>
          <LON>-2.143482169225875</LON>
          <LAT>46.95071795474532</LAT>
          <COL>1</COL>
          <ROW>892</ROW>
        </Vertex>
        <Vertex>
          <LON>-2.143666384147628</LON>
          <LAT>47.13074268988627</LAT>
          <COL>1</COL>
          <ROW>1</ROW>
        </Vertex>
        <Vertex>
          <LON>-1.973385018281726</LON>
          <LAT>47.1318286450985</LAT>
          <COL>573</COL>
          <ROW>1</ROW>
        </Vertex>
        <Vertex>
          <LON>-1.875404760376688</LON>
          <LAT>47.1313594168621</LAT>
          <COL>903</COL>
          <ROW>1</ROW>
        </Vertex>
        <Vertex>
          <LON>-1.875589884236919</LON>
          <LAT>46.95065179333621</LAT>
          <COL>903</COL>
          <ROW>892</ROW>
        </Vertex>
        <Vertex>
          <LON>-2.033097115401304</LON>
          <LAT>46.95142036161626</LAT>
          <COL>375</COL>
          <ROW>892</ROW>
        </Vertex>
      </Album_Footprint>
    </Full_Strip>
  </Catalog>
  <Programming>
    <Coupling_Information>
      <PROGRAMMING_REQUEST_ID>PR_FC_311989_1</PROGRAMMING_REQUEST_ID>
      <COUPLING_MODE>NONE</COUPLING_MODE>
    </Coupling_Information>
  </Programming>
</Dimap_Document>
