<?xml version="1.0" encoding="UTF-8" standalone="yes"?>
<?xml-stylesheet href="LIBRARY/STYLE.XSL" type="text/xsl"?><Dimap_Document>
  <Metadata_Identification>
    <METADATA_FORMAT version="2.15">DIMAP</METADATA_FORMAT>
    <METADATA_PROFILE>PHR_SENSOR</METADATA_PROFILE>
    <METADATA_SUBPROFILE>PRODUCT</METADATA_SUBPROFILE>
    <METADATA_LANGUAGE>en</METADATA_LANGUAGE>
  </Metadata_Identification>
  <Dataset_Identification>
    <DATASET_TYPE>RASTER_SENSOR</DATASET_TYPE>
    <DATASET_NAME version="1.0">DS_PHR1A_202103261029476_FR1_PX_E009N41_0314_01321</DATASET_NAME>
    <DATASET_TN_PATH href="ICON_PHR1A_MS_202103261030221_SEN_5672535101-2.JPG"/>
    <DATASET_TN_FORMAT>image/jpeg</DATASET_TN_FORMAT>
    <DATASET_QL_PATH href="PREVIEW_PHR1A_MS_202103261030221_SEN_5672535101-2.JPG"/>
    <DATASET_QL_FORMAT>image/jpeg</DATASET_QL_FORMAT>
    <Legal_Constraints>
      <COPYRIGHT>©CNES_2021, distribution AIRBUS DS, France, all rights reserved</COPYRIGHT>
    </Legal_Constraints>
  </Dataset_Identification>
  <Dataset_Content>
    <SURFACE_AREA unit="square km">162.11</SURFACE_AREA>
    <CLOUD_COVERAGE unit="percent">0</CLOUD_COVERAGE>
    <Dataset_Components>
      <Component>
        <COMPONENT_TITLE>Processing</COMPONENT_TITLE>
        <COMPONENT_CONTENT>Lineage Information</COMPONENT_CONTENT>
        <COMPONENT_TYPE>DIMAP</COMPONENT_TYPE>
        <COMPONENT_PATH href="LINEAGE/PROCESSING_PHR1A_MS_202103261030221_SEN_5672535101-2_DIM.XML"/>
      </Component>
      <Component>
        <COMPONENT_TITLE>Strip Source</COMPONENT_TITLE>
        <COMPONENT_CONTENT>Lineage Information</COMPONENT_CONTENT>
        <COMPONENT_TYPE>DIMAP</COMPONENT_TYPE>
        <COMPONENT_PATH href="LINEAGE/STRIP_DS_PHR1A_202103261030221_FR1_PX_E009N41_0212_02862_DIM.XML"/>
      </Component>
      <Component>
        <COMPONENT_TITLE>RPC Model</COMPONENT_TITLE>
        <COMPONENT_CONTENT>Geoposition Model</COMPONENT_CONTENT>
        <COMPONENT_TYPE>DIMAP</COMPONENT_TYPE>
        <COMPONENT_PATH href="RPC_PHR1A_MS_202103261030221_SEN_5672535101-2.XML"/>
      </Component>
      <Component>
        <COMPONENT_TITLE>Source for Ground reset</COMPONENT_TITLE>
        <COMPONENT_CONTENT>Lineage Information</COMPONENT_CONTENT>
        <COMPONENT_TYPE>DIMAP</COMPONENT_TYPE>
        <COMPONENT_PATH href="LINEAGE/GROUND_R3D_OR_SPOTView_N41E009_DIM.XML"/>
      </Component>
    </Dataset_Components>
    <Dataset_Extent>
      <EXTENT_TYPE>Bounding_Polygon</EXTENT_TYPE>
      <Vertex>
        <LON>9.121354935076228</LON>
        <LAT>41.47013562878461</LAT>
        <COL>1</COL>
        <ROW>1</ROW>
      </Vertex>
      <Vertex>
        <LON>9.285821240139468</LON>
        <LAT>41.46899804222918</LAT>
        <COL>6487</COL>
        <ROW>1</ROW>
      </Vertex>
      <Vertex>
        <LON>9.285386811618533</LON>
        <LAT>41.33508671853449</LAT>
        <COL>6487</COL>
        <ROW>7299</ROW>
      </Vertex>
      <Vertex>
        <LON>9.121524265422998</LON>
        <LAT>41.33673975475192</LAT>
        <COL>1</COL>
        <ROW>7299</ROW>
      </Vertex>
      <Center>
        <LON>9.203521813064306</LON>
        <LAT>41.40274003607504</LAT>
        <COL>3244</COL>
        <ROW>3650</ROW>
      </Center>
    </Dataset_Extent>
  </Dataset_Content>
  <Product_Information>
    <Producer_Information>
      <PRODUCER_NAME>AIRBUS DS GEO</PRODUCER_NAME>
      <PRODUCER_URL href="http://www.geo-airbusds.com"/>
      <PRODUCER_CONTACT>contact@geo-airbus.com</PRODUCER_CONTACT>
      <PRODUCER_ADDRESS>5 rue des Satellites - BP 14359 - F 31030 Toulouse Cedex 4 - France</PRODUCER_ADDRESS>
    </Producer_Information>
    <Delivery_Identification>
      <PRODUCTION_DATE>2021-04-06T21:22:42.554</PRODUCTION_DATE>
      <JOB_ID>5672535101-2</JOB_ID>
      <PRODUCT_CODE>PLEIADES</PRODUCT_CODE>
      <DELIVERY_TYPE>NETWORK</DELIVERY_TYPE>
      <Order_Identification>
        <CUSTOMER_REFERENCE>C100036</CUSTOMER_REFERENCE>
        <INTERNAL_REFERENCE>PHR_PRO_5672535101_20210406211514016_1_2</INTERNAL_REFERENCE>
        <COMMERCIAL_REFERENCE>SO21015546</COMMERCIAL_REFERENCE>
        <COMMERCIAL_ITEM>33</COMMERCIAL_ITEM>
      </Order_Identification>
    </Delivery_Identification>
  </Product_Information>
  <Coordinate_Reference_System>
    <Geodetic_CRS>
      <CRS_TABLES version="6.3">EPSG</CRS_TABLES>
      <GEODETIC_CRS_TYPE>GEOGRAPHIC2D</GEODETIC_CRS_TYPE>
      <GEODETIC_CRS_NAME>WGS84</GEODETIC_CRS_NAME>
      <GEODETIC_CRS_CODE>urn:ogc:def:crs:EPSG::4326</GEODETIC_CRS_CODE>
    </Geodetic_CRS>
    <Temporal_CRS>
      <CRS_TABLES version="0.0">ITU</CRS_TABLES>
      <TEMPORAL_CRS_NAME>UTC</TEMPORAL_CRS_NAME>
    </Temporal_CRS>
  </Coordinate_Reference_System>
  <Geoposition>
    <Raster_CRS>
      <RASTER_GEOMETRY>SENSOR</RASTER_GEOMETRY>
      <PIXEL_ORIENTATION>CENTER</PIXEL_ORIENTATION>
      <PIXEL_CRS_TYPE>POINT</PIXEL_CRS_TYPE>
      <PIXEL_ORIGIN>1</PIXEL_ORIGIN>
    </Raster_CRS>
    <Geoposition_Models>
      <Rational_Function_Model>
        <Component>
          <COMPONENT_TITLE>RPC Model</COMPONENT_TITLE>
          <COMPONENT_CONTENT>Geoposition Model</COMPONENT_CONTENT>
          <COMPONENT_TYPE>DIMAP</COMPONENT_TYPE>
          <COMPONENT_PATH href="RPC_PHR1A_MS_202103261030221_SEN_5672535101-2.XML"/>
        </Component>
      </Rational_Function_Model>
    </Geoposition_Models>
  </Geoposition>
  <Processing_Information>
    <Production_Facility>
      <SOFTWARE version="V2.9">DRS-MM V2.9</SOFTWARE>
      <PROCESSING_CENTER>FCMUGC</PROCESSING_CENTER>
      <PROCESSING_PLACE>FCMUGC</PROCESSING_PLACE>
    </Production_Facility>
    <Product_Settings>
      <PROCESSING_LEVEL>SENSOR</PROCESSING_LEVEL>
      <SPECTRAL_PROCESSING>MS</SPECTRAL_PROCESSING>
      <Geometric_Settings>
        <GEOMETRIC_PROCESSING>SENSOR</GEOMETRIC_PROCESSING>
        <EPHEMERIS_USED>CORRECTED</EPHEMERIS_USED>
        <ATTITUDES_USED>ACCURATE</ATTITUDES_USED>
        <GROUND_SETTING>true</GROUND_SETTING>
        <GROUND_DESC>R3D_ORTHO</GROUND_DESC>
        <VERTICAL_SETTING>false</VERTICAL_SETTING>
      </Geometric_Settings>
      <Radiometric_Settings>
        <RADIOMETRIC_PROCESSING>BASIC</RADIOMETRIC_PROCESSING>
        <INTER_DETECTOR_NORMALIZATION>false</INTER_DETECTOR_NORMALIZATION>
        <DETECTORS_INTERPOLATION>true</DETECTORS_INTERPOLATION>
        <STRAYLIGHT_CORRECTION>false</STRAYLIGHT_CORRECTION>
        <VCTI_CORRECTION>false</VCTI_CORRECTION>
        <INTER_ARRAY_RECONSTRUCTION>true</INTER_ARRAY_RECONSTRUCTION>
        <RADIOMETRIC_STRETCH>false</RADIOMETRIC_STRETCH>
        <OUT_OF_ORDER_THRESHOLD>0.5</OUT_OF_ORDER_THRESHOLD>
      </Radiometric_Settings>
      <Sampling_Settings>
        <RESAMPLING_SPACING unit="m">2</RESAMPLING_SPACING>
        <RESAMPLING_KERNEL>SPLINE</RESAMPLING_KERNEL>
      </Sampling_Settings>
      <MTF_Settings>
        <PAN_RESTORATION>true</PAN_RESTORATION>
        <MS_RESTORATION>false</MS_RESTORATION>
      </MTF_Settings>
    </Product_Settings>
    <Processing_Lineage>
      <Component>
        <COMPONENT_TITLE>Processing</COMPONENT_TITLE>
        <COMPONENT_CONTENT>Lineage Information</COMPONENT_CONTENT>
        <COMPONENT_TYPE>DIMAP</COMPONENT_TYPE>
        <COMPONENT_PATH href="LINEAGE/PROCESSING_PHR1A_MS_202103261030221_SEN_5672535101-2_DIM.XML"/>
      </Component>
    </Processing_Lineage>
  </Processing_Information>
  <Raster_Data>
    <Data_Access>
      <DATA_FILE_ORGANISATION>BAND_COMPOSITE</DATA_FILE_ORGANISATION>
      <DATA_FILE_FORMAT>image/jp2</DATA_FILE_FORMAT>
      <DATA_FILE_TILES>false</DATA_FILE_TILES>
      <Data_Files>
        <Data_File tile_R="1" tile_C="1">
          <DATA_FILE_PATH href="IMG_PHR1A_MS_202103261030221_SEN_5672535101-2_R1C1.JP2"/>
        </Data_File>
      </Data_Files>
    </Data_Access>
    <Raster_Dimensions>
      <NROWS>7299</NROWS>
      <NCOLS>6487</NCOLS>
      <NBANDS>4</NBANDS>
    </Raster_Dimensions>
    <Raster_Encoding>
      <DATA_TYPE>INTEGER</DATA_TYPE>
      <NBITS>16</NBITS>
      <SIGN>UNSIGNED</SIGN>
      <COMPRESSION_TYPE>LOSSLESS</COMPRESSION_TYPE>
    </Raster_Encoding>
    <Raster_Display>
      <Band_Display_Order>
        <RED_CHANNEL>B2</RED_CHANNEL>
        <GREEN_CHANNEL>B1</GREEN_CHANNEL>
        <BLUE_CHANNEL>B0</BLUE_CHANNEL>
        <ALPHA_CHANNEL>B3</ALPHA_CHANNEL>
      </Band_Display_Order>
      <Special_Value>
        <SPECIAL_VALUE_TEXT>NODATA</SPECIAL_VALUE_TEXT>
        <SPECIAL_VALUE_COUNT>0</SPECIAL_VALUE_COUNT>
      </Special_Value>
      <Special_Value>
        <SPECIAL_VALUE_TEXT>SATURATED</SPECIAL_VALUE_TEXT>
        <SPECIAL_VALUE_COUNT>4095</SPECIAL_VALUE_COUNT>
      </Special_Value>
    </Raster_Display>
  </Raster_Data>
  <Radiometric_Data>
    <Dynamic_Range>
      <ACQUISITION_RANGE>12</ACQUISITION_RANGE>
      <PRODUCT_RANGE>12</PRODUCT_RANGE>
    </Dynamic_Range>
    <Histogram_Band_List>
      <Histogram_Band>
        <BAND_ID>B0</BAND_ID>
        <VALUES>0 0 0 0 0 0 0 0 0 0 0 0 0 0 0 0 0 0 0 0 0 0 0 0 0 0 0 0 0 0 0 0 0 0 0 0 0 0 0 0 0 0 0 0 0 0 0 0 0 0 0 0 0 0 0 0 0 0 0 0 0 0 0 0 0 0 0 0 0 0 0 0 0 0 0 0 0 0 0 0 0 0 0 0 0 0 0 0 0 0 0 0 0 0 0 0 0 0 0 0 0 0 0 0 0 0 0 0 0 0 0 0 0 0 0 0 0 0 0 0 0 0 0 0 0 0 0 0 0 0 0 0 0 0 0 0 0 0 0 0 0 0 0 0 0 0 0 0 0 0 0 0 0 0 0 0 0 0 0 0 0 0 0 0 0 0 0 0 0 0 0 0 0 0 0 0 0 0 0 0 0 0 0 0 0 0 0 0 1 0 0 0 0 0 0 0 1 0 0 0 0 0 0 0 0 0 0 0 0 0 0 0 0 0 0 0 0 0 0 0 0 0 0 0 0 0 0 0 0 0 0 0 0 0 0 0 0 0 0 0 0 0 0 0 0 0 0 0 0 1 0 0 0 0 1 1 0 0 1 0 0 0 0 1 0 0 1 0 1 0 0 0 0 0 0 0 0 0 0 0 0 0 0 1 0 0 2 2 0 1 1 0 0 0 1 1 1 0 1 1 1 1 0 0 1 0 1 1 0 0 1 2 3 0 1 2 0 2 1 2 4 1 1 7 5 8 15 13 22 32 81 102 162 194 274 403 571 819 1139 1499 2149 2848 3798 4798 6387 8087 10128 12902 16150 20764 26073 32176 39548 46570 55478 66223 78527 91990 107553 127217 147455 169001 190194 211865 234404 255039 270185 288347 304812 322203 338136 352576 365157 374422 389715 404715 424367 448134 479084 521088 568580 624793 687303 747942 803973 860888 906535 949217 982223 1000223 990646 974179 945455 919390 892269 862688 832487 802877 768722 732484 695618 659279 621630 586162 548861 512470 475431 442405 408481 377166 346093 319875 292978 268495 247238 227345 209879 194161 179041 167266 157191 146731 138388 130513 123015 116865 111135 106565 101795 97223 94043 90042 86862 83886 80717 77812 75442 73385 70758 68605 66180 64066 62191 60672 58615 56980 55444 54113 53020 51502 49791 49021 47850 46749 45345 44297 43252 42040 41200 39887 39510 37954 37147 36266 35386 34679 33425 33304 31916 31667 30733 30501 29744 29118 28259 27734 27655 26470 26048 25953 24820 24786 23936 23484 23236 22720 22070 21922 21329 21077 20550 20534 20248 20085 19624 19252 18898 18770 18315 18349 17750 17593 17447 17163 16742 16533 16347 16172 15679 15559 15481 15149 15533 14734 14759 14574 14311 14192 14327 13994 13667 13305 13427 12934 12942 12700 12510 12489 11925 12003 12050 11925 11680 11591 11295 11137 11190 10871 10862 10665 10644 10450 10458 10403 10178 10114 9866 9962 9872 9562 9566 9394 9351 9504 9132 8998 8919 8885 8652 8531 8352 8193 8245 8028 8017 7989 7881 7894 7668 7897 7651 7552 7568 7357 7521 7187 7226 7227 7206 7201 7158 7145 6995 6850 6765 6869 6700 6678 6657 6648 6483 6448 6275 6290 6240 6271 6079 6083 5848 5980 5798 5735 5712 5780 5558 5681 5411 5283 5514 5344 5278 5142 5093 5119 5177 4931 5027 4934 4919 4837 4709 4668 4698 4616 4552 4513 4585 4537 4390 4394 4331 4300 4287 4312 4203 4153 4130 4106 4058 4065 3952 3857 4014 3834 3877 3854 3815 3859 3786 3680 3794 3680 3546 3528 3492 3536 3460 3455 3272 3353 3268 3346 3194 3309 3222 3149 3227 3248 3097 3076 2997 3047 3083 2991 3013 2882 2895 2842 2916 2838 2881 2779 2721 2700 2752 2586 2718 2625 2655 2540 2628 2469 2527 2551 2420 2454 2412 2398 2353 2314 2235 2305 2253 2230 2278 2146 2306 2188 2220 2140 2260 2138 2099 2013 2099 2065 1968 1975 1950 1946 1876 1858 1916 1885 1781 1799 1733 1703 1701 1680 1680 1633 1646 1593 1550 1604 1530 1547 1454 1507 1463 1531 1507 1588 1509 1451 1474 1435 1454 1423 1410 1335 1377 1388 1287 1277 1339 1333 1288 1301 1217 1265 1282 1215 1231 1190 1199 1216 1278 1231 1212 1242 1096 1100 1122 1138 1069 1046 1015 1019 981 986 943 905 949 932 980 884 853 903 894 887 996 813 841 818 795 830 716 786 767 742 728 768 711 752 714 695 678 672 688 677 635 664 659 671 647 661 641 618 607 610 614 653 662 578 557 558 598 564 578 556 569 553 580 541 553 604 545 512 547 516 515 502 495 468 498 504 479 443 506 507 467 431 440 441 433 452 469 434 451 396 475 450 464 389 476 411 452 406 418 400 449 401 435 437 372 416 427 417 377 415 412 427 372 403 375 333 435 356 407 389 371 373 368 369 399 357 360 353 364 338 382 328 335 344 341 347 318 329 344 350 307 332 345 331 329 325 318 317 302 275 319 318 310 289 312 280 298 275 279 314 278 295 258 237 254 266 251 263 254 245 266 239 248 239 221 223 264 230 245 236 244 233 197 231 198 242 232 216 232 242 218 234 236 226 211 217 213 211 222 190 220 224 208 219 197 236 188 212 189 167 204 192 216 200 187 175 205 184 165 166 178 169 183 202 176 172 182 175 164 135 165 158 160 150 161 169 188 127 163 134 133 138 159 158 146 143 154 152 129 122 159 160 137 134 131 157 133 136 156 149 127 161 134 178 141 129 151 112 130 129 142 116 141 128 154 113 140 120 143 142 142 161 144 136 166 122 142 145 122 144 136 156 111 137 122 132 127 140 128 121 130 98 104 117 124 112 122 114 117 121 117 105 116 115 133 113 125 111 111 125 107 116 94 105 117 100 103 100 105 129 108 92 117 104 120 111 101 106 93 93 92 118 93 99 102 117 99 114 98 92 112 88 94 101 95 95 103 105 92 111 89 93 108 89 90 107 107 94 90 93 84 112 89 84 78 104 107 95 84 118 77 93 82 86 77 92 89 89 80 81 101 97 88 91 75 74 67 99 82 82 75 61 88 79 84 76 86 82 76 66 65 80 76 64 86 81 47 72 66 66 67 86 66 58 58 75 64 65 63 80 65 66 51 58 75 62 62 55 62 55 56 53 57 64 49 64 59 61 73 58 48 67 49 49 49 46 52 53 67 58 62 42 50 41 39 43 50 42 48 54 41 54 44 52 50 44 44 33 38 38 39 52 41 43 29 31 53 37 38 49 38 43 41 46 27 36 39 53 35 38 41 36 27 38 37 34 30 47 32 40 36 36 27 40 26 28 31 37 36 26 23 37 26 28 28 37 29 33 20 28 32 23 28 25 17 29 25 28 29 34 29 34 16 22 26 24 26 31 28 22 23 30 33 26 24 26 28 22 26 21 31 26 29 35 19 31 17 17 29 25 16 23 21 12 22 20 23 25 25 23 21 21 19 22 21 14 21 14 22 24 23 16 20 14 16 21 20 17 13 17 21 18 14 14 18 16 24 17 15 14 12 21 30 9 16 16 12 11 13 11 13 20 17 12 18 16 16 15 20 16 16 16 18 10 17 14 14 13 11 18 20 17 18 12 17 19 6 9 14 15 11 14 12 15 10 17 8 13 12 12 16 10 20 13 26 9 14 13 13 9 13 14 10 15 17 18 12 13 10 8 15 9 10 17 7 8 11 19 7 14 20 12 13 11 10 12 20 15 10 8 14 5 15 9 13 4 18 15 12 12 12 10 8 9 23 9 8 17 6 13 15 10 11 17 8 13 6 9 9 13 13 7 12 12 8 15 13 9 12 7 1 11 11 7 13 8 13 10 6 7 9 10 6 15 13 10 11 14 11 8 7 13 10 12 12 13 8 4 9 11 6 5 11 4 13 10 15 5 6 9 9 11 11 8 19 16 9 7 7 6 10 9 16 9 9 5 11 12 6 7 7 13 15 11 10 8 4 7 14 10 10 6 8 5 14 7 8 4 9 9 4 5 7 7 9 11 14 12 13 5 10 13 5 12 10 9 10 8 7 8 12 8 9 7 7 9 11 13 10 9 4 6 8 6 7 9 6 7 8 16 8 8 10 8 10 7 9 11 8 4 8 10 2 7 8 6 8 8 8 11 7 5 7 6 8 6 5 8 10 2 9 6 10 9 6 8 12 2 6 3 7 10 6 9 8 5 5 9 12 7 4 10 6 8 8 11 6 6 6 8 8 9 5 7 8 4 8 9 8 7 8 5 2 8 12 6 1 9 4 8 9 5 5 8 9 10 5 3 3 4 7 3 6 9 17 6 8 5 2 9 8 3 7 9 11 4 8 3 5 6 9 5 5 4 4 9 6 7 6 3 5 3 7 7 4 4 7 7 5 8 7 6 6 8 4 6 6 7 7 8 7 5 12 5 4 9 9 5 5 9 3 15 13 6 4 9 9 7 6 7 8 8 6 11 6 5 8 4 7 3 7 7 4 2 4 5 4 4 8 9 10 6 3 5 5 9 8 6 6 3 6 7 3 6 16 9 5 4 4 6 3 3 4 8 8 6 5 5 5 4 8 6 4 8 3 9 4 7 5 10 5 7 8 5 8 11 4 7 5 8 2 9 3 3 3 5 4 8 6 9 8 6 6 4 3 7 3 3 8 8 8 4 6 6 4 6 1 3 6 6 3 5 6 4 7 5 9 5 6 4 4 5 7 7 1 4 3 5 6 6 4 7 7 2 9 3 6 8 9 4 1 5 7 4 6 4 1 2 4 7 5 6 5 8 4 6 6 4 5 6 6 5 4 9 3 2 2 4 3 4 7 3 4 2 7 4 7 6 5 10 9 4 5 2 2 3 3 4 0 5 6 3 3 6 3 3 4 2 0 2 2 4 2 3 2 4 1 0 1 2 0 3 3 4 0 3 2 0 4 4 3 2 1 4 2 2 3 3 2 0 3 1 0 0 2 0 3 2 1 4 0 2 0 2 2 2 2 1 2 3 3 1 1 3 6 2 2 1 1 1 8 3 2 1 5 1 4 6 1 0 4 2 4 3 1 2 2 5 3 1 3 1 3 2 3 2 1 2 3 1 1 2 3 2 3 5 2 3 1 1 2 1 1 4 4 1 1 3 1 0 1 3 5 2 2 2 5 4 4 0 3 0 0 3 6 7 2 2 0 0 2 4 5 1 1 1 0 3 2 2 1 2 1 2 2 1 2 2 3 2 2 2 0 3 3 2 3 7 1 2 2 1 1 2 2 1 3 4 2 1 1 1 0 2 6 8 2 3 4 6 6 5 4 2 2 4 1 6 1 1 2 2 1 3 0 2 3 1 3 3 3 4 7 0 2 3 3 0 0 0 4 1 3 2 3 1 4 1 2 1 1 2 1 1 4 0 2 1 2 2 2 3 1 1 1 0 1 1 0 1 0 0 0 0 1 0 0 0 0 0 1 0 1 1 0 1 0 0 0 1 1 0 0 0 0 0 0 0 0 0 0 1 0 0 0 0 1 0 1 0 1 1 0 1 0 1 1 0 1 0 0 0 0 0 0 0 0 0 1 0 2 0 1 0 0 0 1 0 0 0 0 0 0 0 0 0 1 1 0 1 0 0 1 0 1 1 0 0 0 0 0 1 0 1 0 0 0 0 0 0 2 0 2 2 0 0 0 2 0 0 0 0 1 2 0 0 0 0 2 0 0 1 0 0 0 0 0 0 0 0 0 0 0 0 0 0 0 0 0 0 0 0 0 1 0 0 0 0 0 0 0 0 0 0 0 0 0 0 0 0 0 0 0 0 0 0 0 0 0 0 0 0 0 0 0 0 0 0 0 0 0 0 1 0 0 0 0 0 0 0 0 0 0 0 0 0 0 0 0 0 0 0 0 0 0 0 0 0 0 0 0 0 0 0 0 0 0 0 0 0 0 0 0 0 0 0 0 0 0 0 0 0 0 0 0 0 0 0 0 0 0 0 0 0 0 0 0 0 0 0 0 0 0 0 0 0 0 0 0 1 0 0 0 0 0 0 0 0 0 0 0 0 0 0 0 0 0 0 0 0 0 0 0 0 1 0 0 0 0 0 0 0 0 0 0 0 0 0 0 0 0 0 0 0 0 0 0 0 0 0 0 0 0 0 0 0 0 0 0 0 0 0 0 0 0 0 0 0 0 0 0 0 0 0 0 0 0 0 0 0 0 0 0 0 0 0 0 0 0 0 0 0 0 0 0 0 0 0 0 0 0 0 0 0 0 0 0 0 0 0 0 0 0 0 0 0 0 0 0 0 0 0 0 0 0 0 0 0 0 0 0 0 0 0 0 0 0 0 0 0 0 0 0 0 0 0 0 0 0 0 0 0 0 0 0 0 0 0 0 0 0 0 0 0 0 0 0 0 0 0 0 0 0 0 0 0 0 0 0 0 0 0 0 0 0 0 0 0 0 0 0 0 0 0 0 0 0 0 0 0 0 0 0 0 0 0 0 0 0 0 0 0 0 0 0 0 0 0 0 0 0 0 0 0 0 0 0 0 0 0 0 0 0 0 0 0 0 0 0 0 0 0 0 0 0 0 0 0 0 0 0 0 0 0 0 0 0 0 0 0 0 0 0 0 0 0 0 0 0 0 0 0 0 0 0 0 0 0 0 0 0 0 0 0 0 0 0 0 0 0 0 0 0 0 0 0 0 0 0 0 0 0 0 0 0 0 0 0 0 0 0 0 0 0 0 0 0 0 0 0 0 0 0 0 0 0 0 0 0 0 0 0 0 0 0 0 0 0 0 0 0 0 0 0 0 0 0 0 0 0 0 0 0 0 0 0 0 0 0 0 0 0 0 0 0 0 0 0 0 0 0 0 0 0 0 0 0 0 0 0 1 0 0 0 0 0 0 0 0 0 0 0 0 0 0 0 0 0 0 0 0 0 0 0 0 0 0 0 0 0 0 0 0 0 0 0 0 0 0 0 0 0 0 0 0 0 0 0 0 0 0 0 0 0 0 0 0 0 0 0 0 0 0 0 0 0 0 0 0 0 0 0 0 0 0 0 0 0 0 0 0 0 0 0 0 0 0 0 0 0 0 0 0 0 0 0 0 0 0 0 0 0 0 0 0 0 0 0 0 0 0 0 0 0 0 0 0 0 0 0 0 0 0 0 0 0 0 0 0 0 0 0 0 0 0 0 0 0 0 0 0 0 0 0 0 0 0 0 0 0 0 0 0 0 0 0 0 0 0 0 0 0 0 0 0 0 0 0 0 0 0 0 0 0 0 0 0 0 0 0 0 0 0 0 0 0 0 0 0 0 0 0 0 0 0 0 0 0 0 0 0 0 0 0 0 0 0 0 0 0 0 0 0 0 0 0 0 0 0 0 0 0 0 0 0 0 0 0 0 0 0 0 0 0 0 0 0 0 0 0 0 0 0 0 0 0 0 0 0 0 0 0 0 0 0 0 0 0 0 0 0 0 0 0 0 0 0 0 0 0 0 0 0 0 0 0 0 0 0 0 0 0 0 0 0 0 0 0 0 0 0 0 0 0 0 0 0 0 0 0 0 0 0 0 0 0 0 0 0 0 0 0 0 0 0 0 0 0 0 0 0 0 0 0 0 0 0 0 0 0 0 0 0 0 0 0 0 0 0 0 0 0 0 0 0 0 0 0 0 0 0 0 0 0 0 0 0 0 0 0 0 0 0 0 0 0 0 0 0 0 0 0 0 0 0 0 0 0 0 0 0 0 0 0 0 0 0 0 0 0 0 0 0 0 0 0 0 0 0 0 0 0 0 0 0 0 0 0 0 0 0 0 0 0 0 0 0 0 0 0 0 0 0 0 0 0 0 0 0 0 0 0 0 0 0 0 0 0 0 0 0 0 0 0 0 0 0 0 0 0 0 0 0 0 0 0 0 0 0 0 0 0 0 0 0 0 0 0 0 0 0 0 0 0 0 0 0 0 0 0 0 0 0 0 0 0 0 0 0 0 0 0 0 0 0 0 0 0 0 0 0 0 0 0 0 0 0 0 0 0 0 0 0 0 0 0 0 0 0 0 0 0 0 0 0 0 0 0 0 0 0 0 0 0 0 0 0 0 0 0 0 0 0 0 0 0 0 0 0 0 0 0 0 0 0 0 0 0 0 0 0 0 0 0 0 0 0 0 0 0 0 0 0 0 0 0 0 0 0 0 0 0 0 0 0 0 0 0 0 0 0 0 0 0 0 0 0 0 0 0 0 0 0 0 0 0 0 0 0 0 0 0 0 0 0 0 0 0 0 0 0 0 1 0 0 0 0 0 0 0 0 0 0 0 0 0 0 0 0 0 0 0 0 0 0 0 0 0 0 0 0 0 0 0 0 0 0 0 0 0 0 0 0 0 0 0 0 0 0 0 0 0 0 0 0 0 0 0 0 0 0 0 0 0 0 0 0 0 0 0 0 0 0 0 0 0 0 0 0 0 0 0 0 0 0 0 0 0 0 0 0 0 0 0 0 0 0 0 0 0 0 0 0 0 0 0 0 0 0 0 0 0 0 0 0 0 0 0 0 0 0 0 0 0 0 0 0 0 0 0 0 0 0 0 0 1 0 0 0 0 0 0 0 0 0 0 0 0 0 0 0 0 0 0 0 0 0 0 0 0 0 0 0 0 0 0 0 0 0 0 0 0 0 0 0 0 0 0 0 0 0 0 0 0 0 0 0 0 0 0 0 0 0 0 0 0 0 0 0 0 0 0 0 0 0 0 0 0 0 0 0 0 0 0 0 0 0 0 0 0 0 0 0 0 0 0 0 0 0 0 0 0 0 0 0 0 0 0 0 0 0 0 0 0 0 0 0 0 0 0 0 0 0 0 0 0 0 0 0 0 0 0 0 0 0 0 0 0 0 0 0 0 0 0 0 0 0 0 0 0 0 0 0 0 0 0 0 0 0 0 0 0 0 0 0 0 0 0 0 0 0 0 0 0 0 0 0 0 0 0 0 0 0 0 0 0 0 0 0 0 0 0 0 0 0 0 0 0 0 0 0 0 0 0 0 0 0 0 0 0 0 0 0 0 0 0 0 0 0 0 0 0 0 0 0 0 0 0 0 0 0 0 0 0 0 0 0 0 0 0 0 0 0 0 0 0 0 0 0 0 0 0 0 0 0 0 0 0 0 0 0 0 0 0 0 0 0 0 0 0 0 0 0 0 0 0 0 0 0 0 0 0 0 0 0 0 0 0 0 0 0 0 0 0 0 0 0 0 0 0 0 0 0 0 0 0 0 0 0 0 0 0 0 0 0 0 0 0 0 0 0 0 0 0 0 0 0 0 0 0 0 0 0 0 0 0 0 0 0 0 0 0 0 0 0 0 0 0 0 0 0 0 0 0 0 0 0 0 0 0 0 0 0 0 0 0 0 0 0 0 0 0 0 0 0 0 0 0 0 0 0 0 0 0 0 0 0 0 0 0 0 0 0 0 0 0 0 0 0 0 0 0 0 0 0 0 0 0 0 0 0 0 0 0 0 0 0 0 0 0 0 0 0 0 0 0 0 0 0 0 0 0 0 0 0 0 0 0 0 0 0 0 0 0 0 0 0 0 0 0 0 0 0 0 0 0 0 0 0 0 0 0 0 0 0 0 0 0 0 0 0 0 0 0 0 0 0 0 0 0 0 0 0 0</VALUES>
        <MIN>188</MIN>
        <MAX>3617</MAX>
        <MEAN>405.334</MEAN>
        <STDV>57.0009</STDV>
      </Histogram_Band>
      <Histogram_Band>
        <BAND_ID>B1</BAND_ID>
        <VALUES>0 0 0 0 0 0 0 0 0 0 0 0 0 0 0 0 0 0 0 0 0 0 0 0 0 0 0 0 0 0 0 0 0 0 0 0 0 0 0 0 0 0 0 0 0 0 0 0 0 0 0 0 0 0 0 0 0 0 0 0 0 0 0 0 0 0 0 0 0 0 0 0 0 0 0 0 0 0 0 0 0 0 0 0 0 0 0 0 0 0 0 0 0 0 0 0 0 0 0 0 0 0 0 0 0 0 0 0 0 0 0 0 0 0 1 0 0 0 0 0 0 0 0 1 0 0 0 0 0 0 0 0 0 0 0 0 0 0 0 0 0 0 0 0 0 0 0 0 0 0 0 0 0 0 0 0 0 0 0 0 0 0 0 0 0 0 0 0 0 0 0 0 0 0 0 0 0 0 0 0 0 0 1 0 1 0 1 0 0 0 1 0 0 0 0 0 0 1 0 0 0 0 0 3 1 0 1 1 1 1 6 5 19 29 33 47 65 128 150 231 347 488 685 882 1041 1151 1459 1804 2357 3074 4274 5855 9117 14214 22787 36014 54766 78946 107630 139006 170415 201546 230707 256642 283525 307536 333305 366087 407866 444215 469364 492732 503764 507121 513284 515855 514947 515611 516317 518486 531940 563500 617400 683931 747055 791081 801006 779488 741336 693753 647310 605365 566496 521032 476404 431620 396051 366116 342755 325325 309048 296839 281765 270389 260322 252468 246711 239794 236385 233813 230553 228524 226569 225764 224563 222595 222714 222055 222323 221776 219866 220518 218033 218004 215459 214518 212100 210341 208154 204848 202708 199683 196740 192457 188299 184484 180640 175405 171409 167747 163062 158470 154639 149451 145557 140606 137522 132877 128561 125350 121604 118455 115016 111983 108596 106120 103380 100082 98209 95494 92906 90055 88411 86288 84501 82306 80480 79170 77170 75316 73973 72248 70837 69780 68548 67733 66271 64801 64065 62403 61614 60320 59207 58556 57426 56231 55086 54286 53644 52706 51812 51047 50365 48897 48719 47720 47229 46158 46068 45451 44643 43647 43531 42803 42165 41721 40850 40143 40002 38861 38580 38012 37461 36628 36074 35312 34858 34206 33899 33339 32848 32353 32247 31385 30570 30365 29954 29477 28689 28627 27980 27464 27142 26633 26224 25884 25614 24556 24847 23880 23666 23097 23174 22338 22202 21745 21508 20718 20745 20202 19760 20015 19468 19277 18621 18344 18171 17872 17476 17589 16986 16882 16315 16296 16072 15836 15752 15474 15143 15040 14774 14410 14387 14358 14114 13773 13688 13414 13326 13192 12795 12536 12308 12430 12144 11891 11784 11601 11429 11338 11160 11233 11149 10963 10984 10572 10650 10580 10505 10253 10086 9957 9866 9723 9644 9500 9218 9453 9069 9236 9048 9063 8726 8769 8475 8351 8541 8362 8157 8359 8091 8076 8133 7938 7918 7824 7786 7902 7652 7606 7367 7336 7354 7435 7200 7073 7123 6846 6869 6887 6961 6758 6674 6677 6699 6531 6374 6345 6297 6321 6397 6384 6196 6211 6129 6160 6067 6066 5901 5837 5735 5662 5652 5764 5540 5599 5563 5478 5519 5422 5352 5411 5365 5273 5224 5219 5069 5183 5176 4988 4970 4932 4903 5002 4966 4769 4821 4730 4613 4664 4593 4603 4669 4534 4476 4364 4508 4355 4417 4329 4340 4229 4121 4184 4018 4116 4167 4119 3999 4119 4087 3972 3905 3889 3857 3887 3808 3736 3846 3729 3693 3645 3598 3764 3567 3601 3648 3555 3488 3498 3478 3365 3360 3453 3348 3307 3271 3351 3216 3228 3187 3231 3207 3056 3148 3145 3030 2995 3012 2878 2916 2926 2926 2910 2800 2856 2870 2796 2799 2786 2738 2803 2720 2630 2713 2680 2593 2693 2616 2572 2626 2519 2374 2460 2415 2322 2345 2479 2389 2257 2357 2273 2303 2314 2313 2228 2337 2263 2255 2290 2267 2211 2224 2241 2139 2148 2096 2129 2104 2126 2015 2030 2031 2081 2122 2021 2024 2069 1962 2026 1999 1936 1976 1997 1944 1916 1919 1938 1852 1897 1902 1877 1862 1870 1844 1866 1806 1852 1761 1754 1754 1710 1754 1649 1731 1628 1729 1620 1650 1618 1584 1610 1615 1580 1531 1524 1520 1574 1511 1465 1444 1433 1364 1400 1321 1363 1363 1356 1339 1309 1297 1319 1291 1329 1298 1245 1309 1319 1226 1170 1204 1142 1219 1157 1203 1183 1146 1192 1136 1129 1074 1070 1083 1041 1034 1009 1020 967 1043 943 1057 1028 967 996 915 953 956 970 977 923 937 947 917 973 930 892 842 883 868 867 885 809 824 812 768 803 804 796 834 792 770 778 774 790 719 775 739 705 786 688 714 690 748 688 767 682 684 686 681 615 631 628 680 629 659 645 649 627 645 651 624 611 665 607 585 625 632 565 564 553 555 539 600 561 542 567 513 505 549 556 533 528 484 484 503 521 512 482 528 489 488 489 514 459 443 494 463 448 467 489 453 437 482 447 467 478 418 415 427 465 409 431 390 390 406 386 410 396 404 427 367 381 421 377 375 374 373 347 398 384 361 354 362 358 363 358 363 354 362 349 346 338 316 308 324 345 299 348 325 343 320 337 304 341 312 286 315 315 320 321 287 308 276 280 314 295 275 311 267 292 269 297 288 271 268 289 256 251 256 250 250 274 229 256 259 254 237 254 250 237 242 249 215 232 267 270 258 245 232 230 211 219 240 224 230 237 221 221 246 238 206 221 233 204 216 251 216 199 207 213 195 188 204 177 204 157 192 172 158 176 191 188 171 175 174 181 180 176 197 180 188 192 162 160 170 166 161 175 159 156 148 175 156 184 173 138 142 166 170 145 161 176 153 161 139 161 128 130 143 153 147 139 134 139 147 143 137 123 134 129 128 152 133 133 130 151 134 145 138 136 119 130 140 122 135 112 129 142 136 124 135 135 161 114 109 105 130 137 136 102 120 135 109 119 117 110 112 103 124 112 100 110 117 112 121 113 134 104 113 91 104 125 111 82 111 113 120 112 103 110 88 108 101 105 109 105 101 115 125 108 107 114 94 108 104 101 101 102 93 96 102 97 92 105 98 91 106 104 108 83 96 82 93 106 108 85 96 103 103 105 98 81 105 77 108 87 87 101 101 92 84 79 112 95 103 66 85 90 61 95 91 85 87 80 76 70 96 89 111 74 93 81 89 92 71 89 83 86 89 79 89 82 77 76 70 84 72 76 100 82 75 74 70 71 85 85 79 73 76 65 74 83 92 78 79 71 75 78 83 85 85 67 71 75 93 75 67 68 64 78 57 60 73 70 63 83 80 79 73 79 65 77 89 82 66 83 85 63 76 70 75 68 64 63 74 73 81 68 60 82 77 67 60 85 73 70 70 51 67 61 64 84 72 61 65 46 71 65 56 62 65 61 53 61 80 66 71 51 57 68 61 70 68 52 65 61 54 53 65 58 51 74 74 60 68 63 59 63 65 49 76 52 49 61 54 68 54 51 51 61 59 56 58 43 56 49 63 46 53 45 55 66 52 30 55 49 34 49 50 55 56 58 34 36 38 27 53 50 42 47 58 47 51 47 44 36 51 41 53 66 38 44 39 43 40 45 45 47 40 39 43 49 46 41 56 39 34 40 51 40 36 25 28 48 42 30 44 32 28 42 37 35 37 35 34 32 35 35 20 28 38 30 36 29 37 29 24 31 24 32 18 30 29 22 27 37 48 25 29 34 22 21 25 22 24 30 24 25 19 14 29 17 24 26 22 28 27 22 21 27 26 12 17 24 16 27 23 23 16 17 16 23 17 17 19 16 35 14 20 21 19 19 17 10 15 20 15 20 25 15 20 7 13 23 29 19 22 24 22 18 19 23 15 24 17 21 20 15 9 10 17 16 20 15 17 12 22 18 14 16 22 16 23 22 11 17 11 11 11 17 17 14 24 17 16 13 11 20 13 17 18 13 16 13 15 12 11 17 12 15 12 7 12 17 14 10 16 11 11 10 13 15 17 13 14 15 12 10 9 14 6 10 8 14 11 8 22 9 9 6 10 17 5 8 9 11 10 9 9 14 14 11 11 9 8 10 13 11 17 10 9 11 10 11 14 7 5 11 17 10 8 14 14 8 14 7 6 9 6 9 11 11 12 7 14 7 7 8 7 12 3 5 10 11 8 5 7 10 8 14 12 7 8 8 11 7 7 11 10 7 9 14 8 13 4 11 9 6 11 11 5 7 11 6 7 10 5 13 6 6 7 11 8 13 4 8 8 3 3 12 7 8 14 10 14 7 5 6 9 9 12 8 10 10 6 7 8 7 9 9 10 7 6 7 8 8 5 8 4 12 12 5 5 11 9 9 12 11 6 13 7 9 7 7 5 7 8 8 3 7 4 7 7 6 7 5 9 6 10 5 7 9 6 5 3 8 5 4 9 6 8 6 4 9 8 8 8 6 12 6 7 6 8 6 6 9 6 8 8 5 7 10 3 7 4 6 9 6 6 6 8 7 8 6 4 2 14 5 11 8 9 7 6 7 7 10 2 5 6 4 6 3 5 8 7 4 8 6 8 7 11 6 3 7 6 2 12 7 7 6 4 6 6 4 12 9 9 7 7 4 5 6 6 6 8 5 7 2 3 6 4 11 3 9 4 3 9 3 8 5 5 3 6 3 8 7 8 4 7 4 7 6 4 5 7 6 2 6 9 5 5 5 6 4 4 8 4 6 7 6 8 6 7 4 5 8 6 3 5 4 6 5 4 5 10 4 8 5 4 10 4 3 4 5 5 4 7 3 6 8 3 8 7 4 5 3 3 7 7 5 3 5 6 1 7 9 9 7 5 9 6 3 8 5 5 3 2 8 6 1 4 3 4 5 7 7 6 3 4 6 3 5 12 7 6 6 5 5 6 8 5 7 7 7 5 6 0 6 4 4 7 7 10 5 6 5 3 4 6 1 5 1 5 10 3 4 5 4 2 3 2 3 7 1 4 8 6 3 2 5 10 3 5 8 4 2 3 7 3 5 5 6 8 9 6 7 5 3 5 6 2 8 5 3 5 4 7 2 3 5 5 10 3 3 10 6 2 8 7 4 3 6 5 8 5 5 3 2 5 3 4 9 2 3 9 2 6 7 3 4 2 6 5 3 6 1 7 4 2 3 3 6 7 5 3 6 4 4 7 8 8 1 6 2 2 6 2 2 2 4 7 4 2 5 3 5 1 6 6 6 4 1 4 3 3 3 2 3 2 1 6 4 2 2 1 3 8 3 3 3 5 6 1 4 2 1 1 3 9 6 5 5 5 3 2 0 3 0 2 3 4 3 2 2 3 3 3 5 1 2 4 1 4 3 1 2 4 1 3 1 3 2 2 2 1 2 3 1 3 3 0 0 0 3 3 2 2 1 2 4 0 2 1 4 2 2 2 1 1 2 1 4 2 1 1 1 6 2 2 0 1 3 2 2 1 1 2 0 2 0 1 0 1 3 2 2 1 1 3 2 2 1 0 0 1 1 0 0 1 2 2 1 0 0 2 1 1 2 1 4 1 1 0 0 3 2 3 4 1 4 0 1 0 2 0 0 2 1 3 0 0 3 0 1 1 2 0 1 1 3 2 3 4 1 0 2 1 2 1 0 1 3 0 5 2 1 2 5 1 4 5 1 4 1 0 3 2 0 2 2 3 2 2 1 4 1 3 1 1 4 2 2 2 1 2 2 1 6 2 2 2 1 5 2 3 1 0 1 2 1 0 0 1 0 1 1 3 0 0 2 0 1 2 1 1 1 1 0 1 2 0 2 1 1 1 3 1 0 0 1 1 1 0 1 1 0 3 0 0 2 1 1 2 1 2 1 1 0 0 1 3 2 1 0 4 1 0 0 1 1 1 1 0 2 0 0 2 0 1 2 0 0 1 1 1 0 0 1 0 2 1 1 0 1 3 1 0 0 0 0 1 0 0 1 1 0 0 1 2 1 0 1 0 1 1 0 0 0 0 0 0 0 0 0 0 0 0 0 0 0 1 0 0 0 1 0 0 0 0 0 0 0 0 0 0 0 0 0 0 0 0 0 0 0 0 0 0 0 0 0 0 0 0 0 0 0 0 0 0 0 0 0 0 0 0 0 0 0 0 0 0 0 0 0 0 0 0 0 0 0 0 0 0 1 0 0 0 0 0 0 0 0 1 0 0 0 0 0 0 0 0 0 0 0 0 0 0 0 0 0 1 0 0 0 0 0 0 0 0 0 0 0 0 0 0 0 0 0 0 0 0 0 0 0 0 0 0 0 0 0 0 0 0 0 0 0 0 0 0 0 0 0 0 0 0 0 0 0 0 0 0 0 0 0 0 0 0 0 0 0 0 0 0 0 0 0 0 0 0 1 0 0 0 0 0 0 0 0 0 0 0 0 0 0 0 0 0 0 0 0 0 0 0 0 0 0 0 0 0 0 0 0 0 0 0 0 0 0 0 0 0 0 0 0 1 0 0 0 0 0 0 0 0 0 0 0 0 0 0 0 0 0 0 0 1 0 0 0 0 0 0 0 0 0 0 0 0 0 0 0 0 0 0 0 0 0 0 0 0 0 0 0 0 0 0 0 0 0 0 0 0 0 0 0 0 0 0 0 0 0 0 0 0 0 0 0 0 0 0 0 0 0 0 0 0 0 0 0 0 0 0 0 0 0 0 0 0 0 0 0 0 0 0 0 0 0 0 0 0 0 0 0 0 0 0 0 0 0 0 0 0 0 0 0 0 0 0 0 0 0 0 0 0 0 0 0 0 0 0 0 0 0 0 0 0 0 0 0 0 0 0 0 0 0 0 0 0 0 0 0 0 0 0 0 0 0 0 0 0 0 0 0 0 0 0 0 0 0 0 0 0 0 0 0 0 0 0 0 0 0 0 0 0 0 0 0 0 0 0 0 0 0 0 0 0 0 0 0 0 0 0 0 0 0 0 0 0 0 0 0 0 0 0 0 0 0 0 0 0 0 0 0 0 0 0 0 0 0 0 0 0 0 0 0 0 0 0 0 0 0 0 0 0 0 0 0 0 0 0 0 0 0 0 0 0 0 0 0 0 0 0 0 0 0 0 0 0 0 0 0 0 0 0 0 0 0 0 0 0 0 0 0 0 0 0 0 0 0 0 0 0 0 0 0 0 0 0 0 0 0 0 0 0 0 0 0 0 0 0 0 0 0 0 0 0 0 0 0 0 0 0 0 1 0 0 0 0 0 0 0 0 0 0 0 0 0 0 0 0 0 0 0 0 0 0 0 0 0 0 0 0 0 0 0 0 0 0 0 0 0 0 0 0 0 0 0 0 0 0 0 0 0 0 0 0 0 0 0 0 0 0 0 0 0 0 0 0 0 0 0 0 0 0 0 0 0 0 0 0 0 0 0 0 0 0 0 0 0 0 0 0 0 0 0 0 0 0 0 0 0 0 0 0 0 0 0 0 0 0 0 0 0 0 0 0 0 0 0 0 0 0 0 0 0 0 0 0 0 0 0 0 0 0 0 0 0 0 0 0 0 0 0 0 0 0 0 0 0 0 0 0 0 0 0 0 0 0 0 0 0 0 0 0 0 0 0 0 0 0 0 0 0 0 0 0 0 0 0 0 0 0 0 0 0 0 0 0 0 0 0 0 0 0 0 0 0 0 0 0 0 0 0 0 0 0 0 0 0 0 0 0 0 0 0 0 0 0 0 0 0 0 0 0 0 0 0 0 0 0 0 0 0 0 0 0 0 0 0 0 0 0 0 0 0 0 0 0 0 0 0 0 0 0 0 0 0 0 0 0 0 0 0 0 0 0 0 0 0 0 0 0 0 0 0 0 0 0 0 0 0 0 0 0 0 0 0 0 0 0 0 0 0 0 0 0 0 0 0 0 0 0 0 0 0 0 0 0 0 0 0 0 0 0 0 0 0 0 0 0 0 0 0 0 0 0 0 0 0 0 0 0 0 0 0 0 0 0 0 0 0 0 0 0 0 0 0 0 0 0 0 0 0 0 0 0 0 0 0 0 0 0 0 0 0 0 0 0 0 0 0 0 0 0 0 0 0 0 0 0 0 1 0 0 0 0 0 0 0 0 0 0 0 0 0 0 0 0 0 0 0 0 0 0 0 0 0 0 0 0 0 0 0 0 0 0 0 0 0 0 0 0 0 0 0 0 0 0 0 0 0 0 0 0 0 0 0 0 0 0 0 0 0 0 0 0 0 0 0 0 0 0 0 0 0 0 0 0 0 0 0 0 0 0 0 0 0 0 0 0 0 0 0 0 0 0 0 0 0 0 0 0 0 0 0 0 0 0 0 0 0 0 0 0 0 0 0 0 0 0 0 0 0 0 0 0 0 0 0 1 0 0 0 0 0 0 0 0 0 0 0 0 0 0 0 0 0 0 0 0 0 0 0 0 0 0 0 0 0 0 0 0 0 0 0 0 0 0 0 0 0 0 0 0 0 0 0 0 0 0 0 0 0 0 0 0 0 0 0 0 0 0 0 0 0 0 0 0 0 0 0 0 0 0 0 0 0 0 0 0 0 0 0 0 0 0 0 0 0 0 0 0 0 0 0 0 0 0 0 0 0 0 0 0 0 0 0 0 0 0 0 0 0 0 0 0 0 0 0 0 0 0 0 0 0 0 0 0 0 0 0 0 0 0 0 0 0 0 0 0 0 0 0 0 0 0 0 0 0 0 0 0 0 0 0 0 0 0 0 0 0 0 0 0 0 0 0 0 0 0 0 0 0 0 0 0 0 0 0 0 0 0 0 0 0 0 0 0 0 0 0 0 0 0 0 0 0 0 0 0 0 0 0 0 0 0 0 0 0 0 0 0 0 0 0 0 0 0 0 0 0 0 0 0 0 0 0 0 0 0 0 0 0 0 0 0 0 0 0 0 0 0 0 0 0 0 0 0 0 0 0 0 0 0 0 0 0 0 0 0 0 0 0 0 0 0 0 0 0 0 0 0 0 0 0 0 0 0 0 0 0 0 0 0 0 0 0 0 0 0 0 0 0 0 0 0 0 0 0 0 0 0 0 0 0 0 0 0 0 0 0 0 0 0 0 0 0 0 0 0 0 0 0 0 0 0 0 0 0 0 0 0 0 0 0 0 0 0 0 0 0 0 0 0 0 0 0 0 0 0 0 0 0 0 0 0 0 0 0 0 0 0 0 0 0 0 0 0 0 0 0 0 0 0 0 0 0 0 0 0 0 0 0 0 0 0 0 0 0 0 0 0 0 0 0 0 0 0 0 0 0 0 0 0 0 0 0 0 0 0 0 0 0 0 0 0 0 0 0 0 0 0 0 0 0 0 0 0 0 0 0 0 0 0 0 0 0 0 0 0 0 0 0 0 0 0 0 0 0 0 0 0 0 0 0 0 0 0 0 0 0 0 0 0 0 0 0 0 0 0 0 0 0 0 0 0 0 0 0 0 0 0 0 0 0 0 0 0 0 0 0 0 0 0 0 0 0 0 0 0 0 0 0 0 0 0 0 0 0 0 0 0 0 0 0 0 0 0 0 0 0 0 0 0 0 0 0 0 0 0 0 0 0 0 0 0 0 0 0 0 0 0 0 0 0 0 0 0 0 0 0 0 0 0 0 0 0 0 0 0 0 0 0 0 0 0 0 0 0 0 0 0 0 0 0 0 0 0 0 0 0 0 0 0 0 0 0 0 0 0 0 0 0 0 0 0 0 0 0 0 0 0 0 0 0 0 0 0 0 0 0 0 0 0 0 0 0 0 0 0 0 0 0 0 0 0 0</VALUES>
        <MIN>114</MIN>
        <MAX>3468</MAX>
        <MEAN>302.078</MEAN>
        <STDV>80.0564</STDV>
      </Histogram_Band>
      <Histogram_Band>
        <BAND_ID>B2</BAND_ID>
        <VALUES>0 3 0 0 0 0 0 0 0 0 0 0 0 0 0 0 0 0 0 0 0 0 0 0 0 0 0 0 0 0 0 0 0 0 0 0 0 0 0 0 0 0 0 0 0 0 0 0 0 0 0 0 0 0 0 1 0 0 0 0 0 0 0 0 0 0 0 0 0 0 0 0 0 1 0 0 0 0 0 0 0 0 0 0 0 2 0 0 0 0 0 0 0 0 1 0 0 0 1 2 0 1 0 0 0 0 0 1 0 2 1 6 2 2 4 6 2 1 2 6 2 4 8 12 18 48 109 205 501 1126 2556 5299 10567 19433 32840 53212 80262 118576 172572 243893 338349 463211 582203 671381 746665 821634 889630 951584 1030064 1087172 1079361 1020782 950848 878500 796223 717042 640567 570768 505302 449403 398821 353293 315232 278858 248871 226038 207364 191241 179551 170511 164378 159758 157804 157953 159601 162453 164749 166557 170203 172322 174067 177764 178669 179794 180925 181713 181237 182389 181433 181267 180936 180626 179479 178538 177752 176710 176357 175398 173521 173718 172161 172044 171589 170253 169842 169588 169777 169188 168728 169006 167649 168080 167901 167417 166655 166308 166666 166237 165800 164015 163396 162917 161484 159697 158206 156938 155090 153015 150994 149037 146321 144376 141592 138731 135998 133536 130761 128161 124568 122680 119329 116229 113700 111094 109121 105336 103511 100795 97864 95464 93532 90822 88801 87020 84560 82200 80933 78660 76924 75243 73480 71905 70505 68441 67813 65719 64309 62869 61414 60469 59221 58151 57417 56154 54947 54467 53351 52410 51584 50294 49368 48340 48188 47103 46591 45320 45098 44857 43832 42915 42004 41479 40712 40107 39248 39088 38133 38057 37171 36660 36332 35696 34935 34535 34169 33674 32881 32469 31995 31639 30959 30552 29811 29603 29320 29338 28710 27800 27625 27338 26670 26277 25958 25827 25468 25056 24795 24531 24284 23664 23114 23178 22894 22395 21981 21777 21740 21364 20844 20499 20457 20069 19839 19970 19721 19028 19083 18621 18636 18283 18240 17837 17673 17482 17360 17027 16705 16519 16489 16457 16079 16018 15864 15588 15263 15198 15158 14867 14815 14594 14359 14488 14244 14171 13934 13511 13572 13533 13309 13102 13189 13107 12718 12735 12504 12513 12400 12115 11963 11941 11760 11559 11631 11607 11182 11281 11262 11208 10988 11060 10858 10735 10804 10628 10445 10443 10216 10480 10149 9835 10010 9940 9889 9743 9689 9639 9483 9300 9194 9288 9016 9089 9093 8880 8919 8839 8694 8619 8652 8418 8381 8411 8287 8295 8013 8064 8143 7963 7863 7832 7533 7819 7784 7569 7543 7503 7527 7399 7318 7366 7109 7129 7040 7179 7106 6925 7014 6749 6744 6593 6619 6593 6584 6556 6468 6612 6433 6334 6348 6265 6217 6243 6175 5982 6109 5915 6042 5998 5815 5779 5941 5811 5719 5768 5871 5614 5703 5511 5552 5613 5425 5427 5357 5370 5284 5398 5396 5225 5212 5133 5114 5080 5043 4919 5047 5001 4910 5002 4853 4772 4927 4700 4690 4676 4677 4678 4693 4518 4617 4487 4472 4516 4572 4488 4438 4236 4336 4299 4218 4428 4187 4204 4244 4055 4138 4047 4147 3997 3985 4019 3966 3952 3891 3941 3841 3789 3739 3957 3698 3717 3820 3781 3790 3738 3542 3546 3658 3564 3623 3569 3481 3536 3513 3589 3443 3451 3468 3359 3402 3294 3227 3261 3322 3108 3367 3228 3147 3330 3154 3229 3141 3163 3068 3062 3116 3102 3022 2844 2891 3095 2964 2965 2890 2893 2908 2994 3009 2941 2856 2880 2751 2821 2842 2883 2820 2657 2720 2699 2579 2622 2677 2691 2601 2589 2653 2610 2685 2541 2518 2597 2585 2592 2518 2576 2389 2421 2479 2409 2346 2431 2383 2363 2387 2306 2306 2320 2336 2226 2310 2332 2195 2191 2274 2215 2205 2248 2210 2204 2194 2168 2217 2155 2086 2119 2156 2093 2142 2118 2146 2012 2071 2106 2041 2017 2059 2022 2015 2011 1937 1975 1901 2023 1920 1997 1964 1915 1967 1950 1871 1881 1919 1896 1855 1845 1926 1795 1874 1849 1799 1889 1787 1764 1792 1808 1849 1715 1716 1741 1687 1685 1731 1731 1739 1673 1647 1727 1715 1704 1743 1643 1698 1665 1622 1559 1618 1625 1641 1610 1681 1521 1632 1555 1669 1535 1582 1565 1547 1543 1542 1521 1454 1534 1511 1522 1442 1456 1443 1447 1447 1515 1359 1441 1454 1451 1397 1386 1387 1503 1393 1429 1388 1375 1432 1404 1360 1367 1348 1398 1365 1264 1375 1306 1259 1304 1303 1294 1260 1299 1270 1264 1276 1278 1321 1223 1315 1242 1225 1177 1210 1255 1244 1195 1237 1184 1165 1184 1215 1187 1179 1181 1120 1163 1130 1200 1065 1097 1182 1196 1107 1135 1097 1096 1104 1069 1109 1082 1106 1060 1099 990 1067 1118 1056 1016 1009 1042 996 966 996 1041 974 1025 1003 1028 1005 999 1012 1011 904 996 961 979 949 937 931 889 879 938 989 912 880 894 882 857 885 892 935 869 852 889 850 863 812 863 904 849 842 865 849 804 857 864 885 805 775 730 782 808 774 801 823 736 758 784 785 808 722 756 754 770 724 763 715 766 751 710 709 712 718 725 720 691 717 707 709 644 717 670 646 667 653 675 707 668 681 650 666 652 631 615 642 620 581 646 650 624 661 569 617 607 619 611 602 630 632 622 578 581 567 608 590 597 578 598 550 580 594 531 578 534 515 574 549 516 548 562 548 513 517 497 500 490 516 520 486 489 475 484 516 477 506 464 445 484 493 447 493 438 483 493 492 426 445 473 455 432 414 430 417 435 439 402 427 411 384 467 417 406 374 404 393 413 401 365 403 379 405 362 385 381 373 341 395 393 357 366 369 322 330 329 346 317 311 335 321 339 297 294 290 302 325 331 315 305 302 317 284 304 286 309 279 307 278 280 291 306 284 282 284 283 283 306 245 260 275 270 260 268 256 275 269 275 260 267 251 238 237 232 223 212 231 265 212 224 228 221 218 243 216 203 208 208 220 207 202 177 224 196 192 200 227 216 212 211 217 200 202 208 189 184 209 222 202 190 190 205 179 198 213 172 191 159 184 182 166 177 189 163 157 165 166 153 176 150 170 171 173 151 155 165 150 171 149 153 141 142 143 159 160 151 142 144 168 151 166 151 162 151 137 137 155 137 148 137 143 135 127 136 146 135 158 139 152 142 148 150 144 127 129 139 147 140 124 124 149 144 144 142 133 122 119 126 128 118 113 120 126 110 129 104 109 99 119 115 106 123 112 102 126 121 99 107 138 90 121 113 109 126 99 86 116 89 113 119 107 110 115 108 107 101 92 94 101 99 89 104 103 87 105 83 95 104 97 74 106 92 101 89 97 91 92 113 99 95 78 108 73 94 88 94 99 94 112 93 71 91 83 66 73 102 88 75 85 78 78 89 73 73 83 86 113 93 80 84 81 92 89 75 90 85 86 81 86 86 72 87 78 72 88 84 71 84 85 72 78 82 64 67 92 85 77 75 91 86 78 72 70 80 93 76 93 70 85 75 74 88 58 68 80 59 75 56 78 71 79 75 78 72 88 89 73 75 71 88 61 77 57 78 76 69 69 83 74 71 64 59 81 68 79 68 54 80 61 46 71 64 72 67 55 58 60 78 62 78 52 69 63 61 56 79 61 70 67 67 49 57 69 67 61 60 56 60 77 63 74 56 61 61 56 59 70 64 56 62 49 60 39 63 64 58 60 53 60 60 53 60 55 54 60 56 44 56 61 45 46 58 58 50 57 50 44 54 55 44 44 41 58 46 52 46 69 49 44 37 52 47 56 55 60 63 53 50 51 53 54 43 58 42 54 56 49 55 46 61 43 53 55 38 52 54 50 46 56 66 53 51 55 54 45 51 48 53 50 60 46 49 53 38 51 50 44 55 58 53 47 44 54 48 57 49 46 39 31 42 60 56 38 58 41 63 47 54 50 49 33 51 32 37 46 39 57 44 53 36 40 42 65 38 46 34 46 38 44 43 45 40 41 35 39 39 48 43 35 30 39 44 38 31 34 46 32 36 34 33 40 27 35 48 39 44 35 36 39 25 38 28 27 26 35 21 40 24 31 36 36 25 35 30 37 23 29 27 29 27 26 32 22 26 24 29 20 27 27 24 25 35 17 20 21 22 25 20 25 27 24 19 16 26 29 17 21 14 30 22 18 25 28 22 25 22 19 18 23 17 25 21 18 14 19 7 23 21 13 21 25 21 17 20 24 13 15 19 20 12 13 20 16 12 15 22 12 21 14 19 17 15 15 22 17 14 17 13 25 15 15 14 7 13 16 16 15 15 17 13 13 19 11 8 9 12 11 12 14 11 17 11 17 12 12 12 10 11 15 17 12 13 11 14 14 15 16 15 7 10 12 14 8 10 12 12 14 12 20 17 13 13 17 18 12 11 18 11 9 11 15 15 16 13 8 9 8 5 8 15 18 6 11 11 12 16 14 20 10 9 15 11 12 13 10 4 10 11 7 13 12 13 13 12 11 9 12 12 8 10 8 10 9 9 8 11 18 11 4 12 10 12 6 7 8 8 7 12 11 6 9 7 6 8 8 12 8 6 8 8 15 11 7 7 8 12 9 9 9 13 12 7 17 7 5 8 7 9 3 4 12 7 2 9 12 5 12 13 6 2 4 6 6 7 4 8 4 9 6 7 5 12 4 9 6 5 9 5 10 9 7 7 9 8 7 9 11 9 7 14 11 7 6 8 10 5 8 8 12 4 5 6 4 6 7 5 3 7 8 2 7 5 7 6 4 6 2 10 6 15 5 10 4 9 7 7 2 2 9 7 6 7 3 3 4 8 6 8 7 3 3 8 9 7 6 9 3 6 6 4 3 3 3 4 4 4 7 6 6 10 4 3 5 9 3 6 2 2 6 5 8 12 9 4 4 5 8 1 7 6 8 10 5 4 1 4 7 6 2 5 2 3 5 5 6 5 7 3 4 4 10 9 6 7 8 7 1 5 4 5 5 7 6 8 5 5 6 2 4 4 5 4 3 4 7 2 4 3 4 4 6 5 6 10 3 2 6 5 3 3 5 4 12 5 2 9 10 10 4 7 9 4 3 6 3 9 6 5 3 4 3 8 4 6 6 4 5 4 7 9 7 4 4 4 7 4 4 10 2 2 4 7 2 7 4 2 6 3 5 2 2 4 8 6 6 6 5 6 5 5 2 7 2 5 3 2 6 2 4 8 8 6 1 8 5 3 4 2 2 5 2 6 3 2 7 2 6 2 6 5 8 3 5 3 7 6 6 6 9 4 7 2 6 4 5 3 0 2 2 6 6 3 4 3 7 8 9 3 0 4 1 5 1 1 2 8 2 2 3 4 0 10 3 5 5 3 4 6 2 7 7 3 2 3 2 2 4 5 2 4 3 1 1 6 3 4 5 7 3 5 3 2 7 1 2 4 4 3 2 2 4 1 4 1 3 6 5 1 0 4 0 2 1 2 1 4 1 0 1 4 4 2 1 0 4 3 2 1 0 6 4 3 1 3 4 5 1 7 0 6 1 2 2 4 2 2 3 1 2 1 3 2 1 2 1 1 3 3 4 6 2 1 2 2 0 1 3 2 2 2 2 1 0 8 2 1 0 2 3 3 2 1 0 3 1 1 0 4 0 0 2 2 0 2 1 2 2 4 1 2 2 3 3 2 2 5 0 0 3 2 2 0 2 2 3 2 4 0 1 5 0 1 3 2 3 2 1 0 1 3 1 1 4 6 1 1 2 2 1 0 2 1 1 2 0 0 4 4 1 0 2 1 5 3 4 3 3 3 1 2 3 5 2 1 4 4 1 3 2 1 2 2 3 4 0 1 2 4 1 2 1 3 1 1 1 2 1 2 0 0 0 3 1 1 1 2 1 0 1 1 1 4 0 1 1 1 3 0 1 2 0 1 2 1 3 1 3 3 1 0 0 1 0 1 0 0 1 0 1 2 2 2 2 2 2 1 2 0 0 2 4 3 1 0 0 1 0 0 0 1 1 0 0 0 1 1 0 0 1 0 0 1 1 0 1 1 0 0 1 3 1 0 0 0 0 0 1 0 1 0 3 0 0 1 0 2 1 0 0 1 0 0 3 0 0 1 0 0 0 1 0 1 1 0 1 0 1 0 3 0 1 1 1 1 0 0 2 2 0 1 0 0 1 0 0 0 0 0 1 0 0 0 0 0 0 1 0 2 0 0 0 0 0 0 0 0 0 0 1 0 0 0 1 0 0 0 1 0 0 0 0 0 0 0 1 0 0 1 0 0 0 0 0 0 0 0 0 0 0 0 0 0 0 0 0 0 0 0 0 0 0 0 0 0 0 1 0 0 0 0 0 0 0 0 0 0 0 0 0 0 0 0 0 0 0 0 0 0 0 0 0 0 1 0 0 0 0 0 0 0 0 0 0 0 0 0 0 0 0 0 0 0 0 0 0 0 0 0 0 0 0 0 0 0 0 0 1 0 0 1 0 0 0 0 0 0 0 0 0 0 0 0 0 0 0 0 0 0 0 0 0 0 0 0 0 0 0 0 0 0 1 0 0 0 0 0 0 0 0 0 0 0 0 1 0 0 0 1 0 0 0 0 0 0 0 0 0 0 0 0 0 0 0 0 0 0 0 0 0 0 0 0 0 0 0 0 0 0 0 0 0 0 0 0 0 0 0 0 0 0 0 0 0 0 0 0 0 0 0 0 0 0 0 0 0 0 0 0 0 0 0 0 0 0 0 0 0 0 0 0 1 0 0 0 0 1 0 0 0 0 0 0 0 0 0 0 0 0 0 0 0 0 0 0 0 0 0 0 0 0 0 0 0 0 0 0 0 0 0 0 0 0 0 0 0 0 0 0 0 0 0 0 0 0 0 0 0 0 0 0 0 0 0 0 0 0 0 0 0 0 0 0 0 0 0 0 0 0 0 0 0 0 0 0 0 0 0 0 0 0 0 0 0 0 0 0 0 0 0 0 0 0 0 0 0 0 0 0 0 0 0 0 0 0 0 1 0 0 0 0 0 0 0 1 0 0 0 0 0 0 0 0 0 0 0 0 0 0 0 0 0 0 0 0 0 0 0 0 0 0 0 0 0 0 0 0 0 0 0 0 0 0 0 0 0 0 0 0 0 0 0 0 0 0 0 0 0 0 0 0 0 0 0 0 0 0 0 0 0 0 0 0 0 0 0 0 0 0 0 0 0 0 0 0 0 0 0 0 0 0 0 0 0 0 0 0 0 0 0 0 0 0 0 0 0 0 0 0 0 0 0 0 0 0 0 0 0 0 0 0 0 0 0 0 0 0 0 0 0 0 0 0 0 0 0 0 0 0 0 0 0 0 0 0 0 0 0 0 0 0 0 0 0 0 0 0 0 0 0 0 0 0 0 0 0 0 0 0 0 0 0 0 0 0 0 0 0 0 0 0 0 0 0 0 0 0 0 0 0 0 0 0 0 0 0 0 0 0 0 0 0 0 0 0 0 0 0 0 0 0 0 0 0 0 0 0 0 0 0 0 0 0 0 0 0 0 0 0 0 0 0 0 0 0 0 0 0 0 0 0 0 0 1 0 0 0 0 0 0 0 0 0 0 0 0 0 0 0 0 0 0 0 0 0 0 0 0 0 0 0 0 1 0 0 0 0 0 0 0 0 0 0 0 0 0 0 0 0 0 0 0 0 0 0 0 0 0 0 0 0 0 0 0 0 0 0 0 0 0 0 0 0 0 0 0 0 0 0 0 0 0 0 0 0 0 0 0 0 0 0 0 0 0 0 0 0 0 0 0 0 0 0 0 0 0 0 0 0 0 0 0 0 0 0 0 0 0 0 0 0 0 0 0 0 0 0 0 0 0 0 0 0 0 0 0 0 0 0 0 0 0 0 0 0 0 0 0 0 0 0 0 0 0 0 0 0 0 0 0 0 0 0 0 0 0 0 0 0 0 0 0 0 0 0 0 0 0 0 0 0 0 0 0 0 0 0 0 0 0 0 0 0 0 0 0 0 0 0 0 0 0 0 0 0 0 0 0 0 0 0 0 0 0 0 0 0 0 0 0 0 0 0 0 0 0 0 0 0 0 0 0 0 0 0 1 0 0 0 0 0 0 0 0 0 0 0 0 0 0 0 0 0 0 0 0 0 0 0 0 0 0 0 0 0 0 0 0 0 0 0 0 0 0 0 0 0 1 0 0 0 0 0 0 0 0 0 0 0 0 0 0 0 0 0 0 0 0 0 0 0 0 0 0 0 0 0 0 0 0 0 0 0 0 0 0 0 0 0 0 0 0 0 0 0 0 0 0 0 0 0 0 0 0 0 0 0 0 0 0 0 0 0 0 0 0 0 0 0 0 0 0 0 0 0 0 0 0 0 0 0 0 0 0 0 0 0 0 0 0 0 0 0 0 0 0 0 0 0 0 0 0 0 0 0 0 0 0 0 0 0 0 0 0 0 0 0 0 0 0 0 0 0 0 0 0 0 0 0 0 0 0 0 0 0 0 0 0 0 0 0 0 0 0 0 0 0 0 0 0 0 0 0 0 0 0 0 0 0 0 0 0 0 0 0 0 0 0 0 0 0 0 0 0 0 0 0 0 0 0 0 0 0 0 0 0 0 0 0 0 0 0 0 0 0 0 0 0 0 0 0 0 0 0 0 0 0 0 0 0 0 0 0 0 0 0 0 0 0 0 0 0 0 0 0 0 0 0 0 0 0 0 0 0 0 0 0 0 0 0 0 0 0 0 0 0 0 0 0 0 0 0 0 0 0 0 0 0 0 0 0 0 0 0 0 0 0 0 0 0 0 0 0 0 0 0 0 0 0 0 0 0 0 0 0 0 0 0 0 0 0 0 0 0 0 0 0 0 0 0 0 0 0 0 0 0 0 0 0 0 0 0 0 0 0 0 0 0 0 0 0 0 0 0 0 0 0 1 0 0 0 0 0 0 0 0 0 0 0 0 0 0 0 0 0 0 0 0 0 0 0 0 0 0 0 0 0 0 0 0 0 0 0 0 0 0 0 0 0 0 0 0 0 0 0 0 0 0 0 0 0 0 0 0 0 0 0 0 0 0 0 0 0 0 0 0 0 0 0 0 0 0 0 0 0 0 0 0 0 0 0 0 0 0 0 0 0 0 0 0 0 0 0 0 0 0 0 0 0 0 0 0 0 0 0 0 0 0 0 0 0 0 0 0 0 0 0 0 0 0 0 0 0 0 0 0 0 0 0 0 0 0 0 0 0 0 0 0 0 0 0 0 0 0 0 0 0 0 0 0 0 0 0 0 0 0 0 0 0 0 0 0 0 0 0 0 0 0 0 0 0 0 0 0 0 0 0 0 0 0 0 0 0 0 0 0 0 0 0 0 0 0 0 0 0 0 0 0 0 0 0 0 0 0 0 0 0 0 0 0 0 0 0 0 0 0 0 0 0 0 0 0 0 0 0 0 0 0 0 0 0 0 0 0 0 0 0 0 0 0 0 0 0 0 0 0 0 0 0 0 0 0 0 0 0 0 0 0 0 0 0 0 0 0 0 0 0 0 0 0 0 0 0 0 0 0 0 0 0 0 0 0 0 0 0 0 0 0 0 0 0 0 0 0 0 0 0 0 0 0 0 0 0 0 0 0 0 0 0 0 0 0 0 0 0 0 0 0 0 0 0 0 0 0 0 0 0 0 0 0 0 0 0 0 0 0 0 0 0 0 0 0 0 0 0 0 0 0 0 0 0 0 0 0 0 0 0 0 0 0 0 0 0 0 0 0 0 0 0 0 0 0 0 0 0 0 0 0 0 0 0 0 0 0 0 0 0 0 0 0 0 0 0</VALUES>
        <MIN>1</MIN>
        <MAX>3700</MAX>
        <MEAN>208.444</MEAN>
        <STDV>106.094</STDV>
      </Histogram_Band>
      <Histogram_Band>
        <BAND_ID>B3</BAND_ID>
        <VALUES>0 0 0 0 0 0 0 0 0 0 0 0 0 0 0 0 0 0 0 0 0 0 0 0 1 0 0 1 0 0 1 0 0 1 0 1 1 3 1 0 2 0 4 2 2 5 2 6 5 5 2 4 2 3 2 2 0 2 4 4 6 7 6 9 11 14 15 22 35 53 150 319 802 2343 6541 13219 22748 39852 67888 108802 161113 227154 301695 379245 461154 555698 658188 747019 814233 860366 868837 850526 830181 807793 777164 745303 719420 691958 661458 622855 574472 518186 465033 415999 374322 335807 301812 272119 245501 218889 197892 177064 160952 144796 130933 118337 107168 97465 88721 80483 73331 66127 60581 55465 50333 45906 41739 38805 35340 32279 29690 27334 24713 23011 20822 19328 17840 16307 15282 13821 12821 11916 11393 10335 9794 9154 8684 8019 7639 7149 6738 6377 6071 5753 5374 5148 4858 4703 4403 4102 3999 3775 3755 3489 3287 3289 3174 2939 2876 2755 2645 2585 2419 2388 2294 2297 2257 2189 2009 2094 2070 1923 1938 1852 1901 1790 1678 1732 1713 1600 1694 1691 1599 1569 1613 1472 1487 1454 1494 1455 1502 1405 1396 1378 1382 1402 1406 1294 1307 1277 1250 1274 1255 1275 1185 1180 1214 1225 1235 1156 1151 1090 1185 1155 1139 1091 1067 1119 1190 1122 1105 1098 1087 1079 1088 1072 1016 1018 1087 1106 1032 999 1061 1021 992 993 1044 1052 997 1010 984 1006 996 1018 1083 1013 1011 1030 1004 983 954 946 986 989 949 995 965 990 965 1015 938 984 942 997 935 969 973 936 974 990 949 939 1025 1021 1025 1011 1038 1036 1031 961 1009 1033 1062 1018 1065 1054 1046 1050 1034 979 1100 1015 1070 1068 1053 1109 1071 1081 1022 1036 1073 1025 1052 1083 1078 1091 1134 1155 1152 1118 1151 1083 1116 1122 1183 1147 1165 1169 1174 1219 1213 1203 1207 1243 1189 1245 1224 1204 1212 1211 1282 1258 1209 1300 1265 1300 1196 1262 1278 1274 1235 1303 1361 1321 1388 1313 1305 1375 1354 1358 1404 1440 1377 1383 1403 1388 1425 1457 1399 1379 1481 1463 1491 1512 1468 1493 1513 1452 1422 1488 1569 1527 1544 1522 1570 1555 1605 1593 1600 1612 1613 1675 1613 1668 1629 1747 1659 1757 1734 1625 1738 1690 1774 1801 1763 1811 1775 1804 1787 1844 1760 1798 1890 1931 1815 1906 1940 1948 1959 1919 1907 1949 1975 2032 2031 1956 2015 1976 2112 2081 2069 2071 2133 2179 2134 2203 2178 2250 2296 2218 2223 2278 2281 2292 2296 2391 2377 2423 2371 2364 2380 2504 2514 2450 2469 2564 2506 2504 2676 2680 2544 2650 2664 2714 2823 2697 2709 2778 2767 2874 2894 2897 2930 2923 3032 2898 2857 3058 3000 3120 3051 3050 3014 3131 3116 3173 3186 3231 3284 3258 3428 3356 3386 3424 3462 3610 3524 3521 3606 3656 3609 3599 3777 3750 3739 3794 3823 3915 3940 3958 3885 4133 4099 4060 4202 4294 4238 4113 4235 4338 4406 4439 4455 4487 4652 4593 4658 4765 4878 4730 4744 4987 4955 5086 5050 5051 5042 5279 5268 5331 5393 5363 5456 5534 5579 5540 5640 5761 5915 5839 5930 5874 6085 5990 6048 6208 6281 6292 6475 6349 6600 6593 6670 6765 6795 6780 6887 6768 7046 7298 7294 7364 7375 7484 7536 7702 7691 7772 7841 7899 8041 8147 8166 8258 8316 8334 8332 8627 8764 8713 8762 8844 9027 9190 9217 9357 9414 9585 9680 9705 9791 10000 9916 10116 10251 10223 10503 10406 10631 10788 10799 11135 11113 11192 11156 11460 11490 11750 11540 11899 11895 12193 12302 12179 12544 12573 12555 12992 13053 13402 13366 13255 13551 13863 13882 14089 14107 14387 14489 14484 14710 14770 15119 15230 15424 15462 15878 15769 15954 16372 16460 16834 16862 16841 17373 17339 17228 17714 17580 17791 18300 18478 18483 18712 18727 19115 19272 19653 19679 20019 19909 20231 20402 20566 20590 20769 21335 21245 21483 21831 22240 22203 22337 22775 23001 23143 23437 23730 23822 24052 24051 24057 24412 25119 25013 25261 25586 25583 25934 26148 26246 26503 27126 27055 27095 27225 27658 27860 28398 28202 28445 28503 28792 29177 29108 29589 29945 30011 30006 30545 30924 31148 31444 31268 31552 31839 32000 31966 32356 32808 33063 32890 33247 33781 34023 33935 34005 34292 34426 34502 34610 34858 35207 35706 35779 36115 35887 36103 36175 36412 36957 37215 37304 37504 37578 37662 38114 37869 38205 38328 38438 38852 39033 38868 39200 39502 39126 39716 39950 39825 40231 40266 40984 40772 40532 41044 41020 41297 41830 41620 41598 41997 42229 42159 42209 42638 42449 42361 42692 42972 42909 43162 43093 43416 43353 43473 43071 43749 43509 43661 43665 43762 43834 44179 44530 44581 44445 44397 44664 44578 44807 44859 44771 44443 44633 45079 44728 45109 45107 44905 45236 45250 45305 45247 45695 45527 45027 45457 45263 45318 45552 45222 45182 45145 45585 45269 45489 45477 45537 45704 45227 45566 45244 45151 45274 45432 45430 45066 45281 45196 45355 45332 45320 45017 44960 44580 45005 44949 45058 44705 44650 44467 44714 44437 44504 44547 44397 44377 44098 44102 44332 44018 43884 43999 43707 43640 43643 43415 43354 43557 43344 43201 43004 43037 43316 42882 42567 42599 42563 42280 42353 42188 42315 41841 42100 41830 41986 41590 41281 41269 40983 40792 40778 40660 40475 40744 40538 40432 40499 40032 39823 39955 39751 39673 39168 39174 39442 38873 39226 38621 38641 38753 38387 38242 37840 37988 37820 37848 37680 37321 37394 37167 36908 36865 36616 36425 36169 36159 36296 36189 35920 35696 35919 35477 35210 34816 34924 34667 34799 34621 34115 33887 33719 34100 33723 33472 33380 33358 33165 32931 32917 32764 32427 32267 32030 31866 31879 31520 31537 31537 31016 31486 30632 30852 30552 30713 30333 30340 30102 30200 29834 29568 29621 29160 29153 29145 29193 28771 28689 28066 28338 27878 27953 27925 27747 27410 27171 27287 26986 26918 27021 26579 26838 26490 26302 26162 25951 25647 25576 25441 25360 25133 24965 24764 24929 24654 24471 24550 23997 24057 24130 23709 23861 23471 23452 23422 23171 22982 22684 22806 22269 22388 22345 22317 22130 21850 21884 21773 21637 21512 21358 21080 21114 21130 20661 20533 20552 20327 20217 20094 20175 19850 19558 19590 19247 19332 19300 19040 18975 18724 18543 18758 18703 18453 18040 18137 17995 17684 17712 17725 17464 17640 17444 17150 17358 16939 16682 16778 16721 16657 16410 16589 16674 15986 15967 16263 15785 15594 15710 15401 15432 15274 15367 14870 14967 14872 14744 14631 14683 14495 14317 14518 14361 14270 13931 13958 13737 13803 13533 13595 13454 13345 13369 13308 12903 13024 12721 12858 12878 12720 12474 12400 12183 12329 12150 12348 11942 11892 11955 11752 11657 11523 11628 11464 11356 11215 11291 11105 11060 10925 10835 10983 10966 10809 10766 10712 10313 10429 10344 10206 10085 10198 10048 10128 10121 10167 9691 9724 9801 9514 9559 9535 9507 9366 9229 9349 9140 9267 9027 8923 8918 8740 8865 8799 8681 8620 8510 8561 8660 8400 8179 8371 8196 8270 8224 8056 7911 7894 7896 7858 7800 7709 7599 7775 7654 7384 7342 7552 7436 7405 7278 7258 7158 7189 7050 7066 7089 7039 7026 6837 6877 6887 6937 6766 6666 6635 6671 6550 6783 6457 6353 6468 6380 6240 6330 6420 6185 6183 6109 6065 6081 6182 6052 5987 5962 5861 5920 5931 5672 5809 5696 5628 5609 5721 5456 5573 5507 5534 5389 5445 5367 5355 5278 5357 5270 5143 5218 5141 5019 4993 5007 5035 5093 5107 5035 4953 4976 4851 4821 4774 4747 4814 4833 4785 4823 4700 4649 4713 4491 4586 4572 4605 4548 4418 4429 4319 4419 4406 4163 4291 4252 4192 4194 4285 4193 4131 4205 4048 4012 4149 4135 3971 4076 3968 4032 3973 3873 3897 3914 3956 3918 3893 3804 3848 3784 3724 3715 3683 3746 3676 3801 3670 3670 3772 3586 3565 3562 3550 3485 3606 3604 3468 3531 3480 3389 3498 3265 3426 3394 3314 3278 3367 3329 3276 3271 3247 3268 3345 3198 3326 3138 3255 3243 3185 3186 3253 3143 3195 3135 3170 3080 3100 3055 3031 3018 3159 3088 2978 2904 2943 2960 2844 2917 2982 3047 2996 2892 2971 2933 2945 2886 2820 2869 2858 2775 2812 2829 2755 2759 2836 2710 2776 2741 2750 2784 2715 2747 2680 2765 2733 2700 2685 2612 2627 2642 2543 2619 2621 2563 2569 2477 2576 2508 2554 2541 2537 2519 2537 2462 2476 2457 2451 2327 2442 2397 2394 2448 2334 2407 2451 2376 2349 2345 2285 2316 2235 2362 2330 2263 2278 2193 2278 2176 2230 2299 2163 2238 2228 2231 2108 2169 2116 2229 2157 2137 2138 2120 2011 2111 2085 2043 2045 2089 2015 2024 1941 1975 2048 1919 1934 1950 1867 1852 1873 1895 1824 1924 1914 1760 1836 1879 1791 1817 1909 1847 1728 1757 1800 1720 1792 1699 1693 1778 1665 1789 1691 1691 1723 1604 1605 1655 1629 1580 1668 1612 1631 1546 1591 1611 1538 1563 1502 1494 1543 1524 1493 1559 1451 1546 1399 1477 1356 1431 1451 1463 1400 1371 1444 1398 1398 1356 1399 1396 1359 1319 1323 1249 1309 1353 1261 1274 1319 1204 1248 1271 1266 1206 1227 1252 1248 1162 1159 1157 1197 1128 1165 1166 1203 1180 1139 1139 1122 1091 1127 1070 1131 1099 1126 1096 1083 1093 1096 1070 1025 1038 990 1017 956 988 996 945 966 978 953 960 998 983 938 915 900 987 994 922 945 949 909 824 886 869 891 896 873 852 856 841 838 859 790 811 798 869 838 843 790 801 810 795 873 749 800 772 754 733 752 713 774 735 780 721 690 778 716 681 717 662 703 719 743 726 729 672 643 654 726 671 701 635 682 647 705 684 621 619 666 652 659 638 632 623 608 666 618 594 602 614 600 583 585 573 551 574 614 576 623 588 531 569 558 591 613 571 555 506 541 553 553 592 551 560 519 563 568 566 525 507 526 490 527 560 561 507 528 492 507 529 505 492 523 508 519 466 528 485 479 478 504 506 483 500 519 462 464 479 492 448 471 453 455 486 425 445 434 402 437 419 434 423 490 414 422 413 435 457 393 418 412 422 444 384 373 409 401 395 417 397 350 398 366 394 394 361 347 370 359 364 341 350 351 365 371 353 328 356 359 324 331 338 360 319 338 346 338 315 360 346 311 292 323 310 276 342 333 317 304 308 313 276 299 310 296 311 304 285 304 279 267 268 254 286 270 246 268 302 278 273 251 238 280 235 232 255 256 255 236 255 250 242 228 224 228 225 235 213 216 186 241 210 224 228 191 218 212 192 222 199 185 220 216 194 181 174 180 184 200 197 168 200 173 157 179 188 178 170 161 174 164 164 193 162 156 185 167 157 172 164 150 143 142 145 158 125 140 119 150 122 150 124 133 149 137 133 145 120 129 129 123 124 120 119 127 103 105 108 127 112 108 102 109 100 112 117 92 103 98 93 95 99 104 108 79 99 98 86 77 82 94 83 79 82 79 67 103 82 78 88 85 81 88 70 81 80 71 78 70 67 70 69 72 70 71 75 62 62 75 61 63 65 63 58 55 55 52 70 48 53 53 50 62 44 62 50 60 48 55 46 45 56 50 64 52 43 54 49 50 50 40 43 42 53 41 48 43 53 45 48 45 41 37 41 33 43 30 47 35 33 36 48 40 39 38 41 31 37 20 33 30 25 32 35 41 23 32 29 40 29 33 34 40 39 39 28 35 29 19 35 32 29 22 26 34 21 23 22 24 20 24 21 27 27 24 34 18 30 28 22 21 31 27 27 29 21 16 24 28 12 26 22 27 21 22 19 22 32 22 29 25 26 25 24 16 21 13 20 14 22 19 23 25 9 9 23 24 17 19 13 16 17 13 14 17 13 17 14 13 11 19 10 6 5 18 17 12 12 12 15 18 17 17 15 13 9 14 11 10 11 6 13 19 9 12 12 12 7 13 11 10 11 7 15 16 13 8 8 21 4 14 7 8 8 15 11 7 9 9 4 10 9 15 5 3 5 4 8 4 5 8 3 6 7 6 8 7 11 11 5 7 11 10 8 5 5 5 7 3 10 9 3 4 7 8 6 8 5 8 6 6 6 7 4 10 3 7 5 10 9 6 8 8 5 2 4 7 9 11 8 7 7 4 1 8 9 3 4 4 2 8 8 5 9 9 2 7 7 5 3 5 5 9 6 8 7 6 7 3 4 5 3 4 7 3 3 8 8 4 8 3 6 8 5 3 8 4 5 3 3 3 7 6 3 5 4 6 7 7 3 3 3 4 3 4 7 2 5 5 2 4 2 5 6 2 5 3 4 4 2 2 7 2 7 1 5 5 4 4 6 5 5 3 3 5 6 4 4 0 6 2 3 2 2 8 5 9 2 4 5 4 3 6 4 5 5 4 2 9 4 5 6 2 1 3 9 4 3 3 1 4 3 4 6 5 5 1 4 3 4 4 5 5 4 3 2 5 4 6 4 3 0 4 6 2 7 6 4 3 5 6 12 5 4 4 3 1 6 5 5 4 2 4 3 5 4 1 3 6 5 2 1 2 4 6 5 10 3 4 2 5 5 3 7 1 2 0 4 4 1 4 0 4 5 1 1 4 3 0 2 4 0 3 3 2 2 3 2 7 2 3 1 7 6 3 1 4 5 2 4 2 0 2 1 4 5 2 3 8 2 1 3 1 3 1 0 4 2 2 9 2 1 2 3 3 0 2 2 1 5 1 1 1 1 1 2 1 1 0 1 2 3 1 1 2 2 3 1 3 1 1 0 1 4 1 2 1 3 1 1 3 1 3 1 0 2 1 2 1 1 2 2 0 1 1 0 1 2 1 2 2 3 2 0 3 4 0 1 0 0 2 1 1 2 3 2 1 4 1 1 1 1 1 2 1 3 0 0 2 0 2 0 0 1 0 4 2 2 1 0 0 2 2 2 0 2 1 1 0 1 2 1 1 1 1 1 0 1 2 0 1 0 0 0 0 0 1 0 2 1 0 1 3 0 0 2 2 1 2 0 0 0 0 1 5 2 1 0 0 0 1 0 0 1 2 2 1 0 1 0 0 2 3 1 2 0 1 1 0 0 0 0 0 1 0 1 5 0 2 0 1 0 0 0 1 2 0 1 2 0 1 1 0 0 0 0 1 1 1 2 1 1 1 1 1 0 1 0 5 0 2 0 0 0 1 1 2 1 0 0 2 0 1 0 0 0 2 0 0 0 0 2 2 1 1 0 0 0 1 0 1 2 1 0 0 0 0 1 1 0 3 0 1 1 0 0 0 0 1 0 0 0 1 1 0 0 2 0 1 1 2 0 0 1 0 0 1 0 0 0 2 0 0 0 0 0 1 2 0 2 2 0 1 0 0 1 0 1 0 0 0 0 2 0 1 1 1 0 0 1 0 0 0 0 1 0 0 1 0 0 0 0 0 0 1 0 1 0 0 0 0 0 0 1 1 1 0 1 0 0 0 1 0 1 0 0 2 0 0 0 0 1 0 0 1 0 1 0 0 0 0 0 0 0 0 0 0 0 0 0 0 0 0 0 0 0 0 0 0 0 0 1 0 0 0 0 0 0 0 1 0 0 0 0 0 1 0 1 0 0 1 0 1 0 0 0 0 0 0 0 1 0 0 1 0 0 0 0 0 0 0 0 0 0 0 0 0 0 0 1 0 0 0 0 0 0 0 0 0 0 0 0 0 0 1 0 0 0 0 0 0 0 0 0 0 0 0 0 0 0 0 0 0 0 0 0 0 0 0 0 0 0 0 0 0 0 0 0 0 0 0 0 0 0 0 0 0 0 0 0 0 0 0 0 0 1 0 0 0 0 0 0 0 0 0 0 0 0 0 0 0 0 0 0 0 0 1 0 0 0 0 0 0 0 0 0 0 0 0 0 0 0 0 0 0 0 0 0 0 0 0 0 0 0 0 0 0 0 0 0 0 0 0 0 0 0 0 0 0 0 0 0 0 0 0 0 0 0 0 0 0 0 0 0 0 0 0 0 0 0 0 0 0 0 0 0 0 1 0 0 0 0 0 0 0 0 0 0 0 0 0 0 0 0 0 0 1 0 0 0 0 0 0 0 0 0 0 0 0 0 0 0 0 0 0 0 0 0 0 0 0 0 0 0 0 0 0 0 0 0 0 0 0 0 0 0 0 0 0 0 0 0 0 0 0 0 0 0 0 0 0 0 0 0 0 0 0 0 0 0 0 0 0 0 0 0 0 0 0 0 0 0 0 0 0 0 0 0 0 0 0 1 0 0 0 0 1 0 0 0 0 0 0 0 0 0 0 0 0 1 0 0 0 0 0 0 0 0 0 0 0 0 0 0 0 0 0 0 0 0 0 0 0 0 0 0 0 0 0 0 0 0 0 1 0 0 0 0 0 0 0 0 0 0 1 0 0 0 0 0 0 0 0 0 0 0 0 0 0 0 0 0 0 0 0 0 0 0 0 0 0 0 0 0 0 0 0 0 0 0 0 0 0 0 0 0 0 0 0 0 1 0 0 0 0 0 0 0 0 0 0 0 0 0 0 0 0 0 0 0 0 0 0 0 0 0 0 0 0 0 0 0 0 0 0 0 0 0 0 0 0 0 0 0 0 0 1 0 0 0 0 0 0 0 0 0 0 0 0 0 0 0 0 0 0 0 0 0 0 0 0 0 0 0 0 0 0 0 0 0 0 0 0 0 0 0 0 0 0 0 0 0 0 0 0 0 0 0 0 0 0 0 0 0 0 0 0 0 0 0 0 0 0 0 0 0 0 0 0 0 0 0 0 0 0 0 1 0 0 0 0 0 0 0 0 0 0 0 0 0 0 0 0 0 0 0 0 0 0 0 0 0 0 0 0 0 0 0 0 0 0 0 0 0 0 0 0 0 0 0 0 0 0 0 0 0 0 0 0 0 0 0 0 0 0 0 0 0 0 0 0 0 0 0 0 0 0 0 0 0 0 0 0 0 1 0 0 0 0 0 0 0 0 0 0 0 0 0 0 0 0 0 0 0 0 0 0 0 0 0 0 0 0 0 0 0 0 0 1 0 0 0 0 0 0 0 0 0 0 0 0 0 0 0 0 0 0 0 0 0 0 0 0 0 0 0 0 0 0 0 0 0 0 0 0 0 0 0 0 0 0 0 0 0 0 0 0 0 0 0 0 0 0 0 0 0 0 0 0 0 0 0 0 0 0 0 0 0 0 0 0 0 0 0 0 0 0 0 0 0 0 0 0 0 0 0 0 0 0 0 0 0 0 0 0 0 0 0 0 0 0 0 0 0 0 0 0 0 0 0 0 0 0 0 0 0 0 0 0 0 0 0 0 1 0 0 0 0 0 0 0 0 0 0 0 0 0 0 0 0 0 0 0 0 0 0 0 0 0 0 0 0 0 0 0 0 0 0 0 0 0 0 0 0 0 0 0 0 0 0 0 0 0 0 0 0 0 0 0 0 0 0 0 0 0 0 0 0 0 0 0 0 0 0 0 0 0 0 0 0 0 0 0 0 0 0 0 0 0 0 0 0 0 0 0 0 0 0 0 0 0 0 0 0 0 0 0 0 0 0 0 0 0 0 0 0 0 0 0 0 0 0 0 0 0 0 0 0 0 0 0 0 0 0 0 0 0 0 0 0 0 0 0 0 0 0 0 0 0 0 0 0 0 0 0 0 0 0 0 0 0 0 0 0 0 0 0 0 0 0 0 0 0 0 0 0 0 0 0 0 0 0 0 0 0 0 1 0 0 0 0 0 0 1 0 0 0 0 0 0 0 0 0 0 0 0 1 0 0 0 0 0 0 0 0 0 0 0 0 0 0 0 0 0 0 0 0 0 0 0 0 0 0 0 0 0 0 0 0 0 0 0 0 0 0 0 0 0 0 0 0 0 0 0 0 0 0 0 0 0 0 0 0 0 0 0 0 0 0 0 0 0 0 0 0 0 0 0 0 0 0 0 0 0 0 0 0 0 0 0 0 0 0 0 0 0 0 0 0 0 0 0 0 0 0 0 0 0 0 0 0 0 0 0 0 0 0 0 0 0 0 0 0 0 0 0 0 0 0 0 0 0 0 0 0 0 0 0 0 0 0 0 0 0 0 0 0 0 0 0 0 0 0 0 0 0 0 0 0 0 0 0 0 0 0 0 0 0 0 0 0 0 0 0 0 0 0 0 0 0 0 0 0 0 0 0 0 0 0 0 0 0 0 0 0 0 0 0 0 0 0 0 0 0 0 0 0 0 0 0 0 0 0 0 0 0 0 0 0 0 0 0 0 0 0 0 0 0 0 0 0 0 0 0 0 0 0 0 0 0 0 0 0 0 0 0 0 0 0 0 0 0 0 0 0 0 0 0 0 0 0 0 0 0 0 0 0 0 0 0 0</VALUES>
        <MIN>24</MIN>
        <MAX>3831</MAX>
        <MEAN>488.198</MEAN>
        <STDV>422.382</STDV>
      </Histogram_Band>
    </Histogram_Band_List>
    <Radiometric_Calibration>
      <Instrument_Calibration>
        <Band_Measurement_List>
          <Band_Spectral_Range>
            <BAND_ID>B0</BAND_ID>
            <CALIBRATION_DATE>2011-12-17T00:00:00.000Z</CALIBRATION_DATE>
            <MEASURE_DESC>Spectral range value of raw radiometric Band</MEASURE_DESC>
            <MEASURE_UNIT>micrometers</MEASURE_UNIT>
            <MEASURE_UNCERTAINTY>Specification accuracy value</MEASURE_UNCERTAINTY>
            <MIN>0.43</MIN>
            <MAX>0.55</MAX>
          </Band_Spectral_Range>
          <Band_Spectral_Range>
            <BAND_ID>B1</BAND_ID>
            <CALIBRATION_DATE>2011-12-17T00:00:00.000Z</CALIBRATION_DATE>
            <MEASURE_DESC>Spectral range value of raw radiometric Band</MEASURE_DESC>
            <MEASURE_UNIT>micrometers</MEASURE_UNIT>
            <MEASURE_UNCERTAINTY>Specification accuracy value</MEASURE_UNCERTAINTY>
            <MIN>0.50</MIN>
            <MAX>0.62</MAX>
          </Band_Spectral_Range>
          <Band_Spectral_Range>
            <BAND_ID>B2</BAND_ID>
            <CALIBRATION_DATE>2011-12-17T00:00:00.000Z</CALIBRATION_DATE>
            <MEASURE_DESC>Spectral range value of raw radiometric Band</MEASURE_DESC>
            <MEASURE_UNIT>micrometers</MEASURE_UNIT>
            <MEASURE_UNCERTAINTY>Specification accuracy value</MEASURE_UNCERTAINTY>
            <MIN>0.59</MIN>
            <MAX>0.71</MAX>
          </Band_Spectral_Range>
          <Band_Spectral_Range>
            <BAND_ID>B3</BAND_ID>
            <CALIBRATION_DATE>2011-12-17T00:00:00.000Z</CALIBRATION_DATE>
            <MEASURE_DESC>Spectral range value of raw radiometric Band</MEASURE_DESC>
            <MEASURE_UNIT>micrometers</MEASURE_UNIT>
            <MEASURE_UNCERTAINTY>Specification accuracy value</MEASURE_UNCERTAINTY>
            <MIN>0.74</MIN>
            <MAX>0.94</MAX>
          </Band_Spectral_Range>
          <Band_Radiance>
            <BAND_ID>B0</BAND_ID>
            <CALIBRATION_DATE>2021-01-01T16:00:00.000Z</CALIBRATION_DATE>
            <MEASURE_DESC>Raw radiometric count (DN) to TOA Radiance (L). Formulae L=DN/GAIN+BIAS</MEASURE_DESC>
            <MEASURE_UNIT>watt/m2/steradians/micrometers</MEASURE_UNIT>
            <MEASURE_UNCERTAINTY>Specification accuracy value</MEASURE_UNCERTAINTY>
            <GAIN>8.88</GAIN>
            <BIAS>0</BIAS>
          </Band_Radiance>
          <Band_Radiance>
            <BAND_ID>B1</BAND_ID>
            <CALIBRATION_DATE>2021-01-01T16:00:00.000Z</CALIBRATION_DATE>
            <MEASURE_DESC>Raw radiometric count (DN) to TOA Radiance (L). Formulae L=DN/GAIN+BIAS</MEASURE_DESC>
            <MEASURE_UNIT>watt/m2/steradians/micrometers</MEASURE_UNIT>
            <MEASURE_UNCERTAINTY>Specification accuracy value</MEASURE_UNCERTAINTY>
            <GAIN>8.92</GAIN>
            <BIAS>0</BIAS>
          </Band_Radiance>
          <Band_Radiance>
            <BAND_ID>B2</BAND_ID>
            <CALIBRATION_DATE>2021-01-01T16:00:00.000Z</CALIBRATION_DATE>
            <MEASURE_DESC>Raw radiometric count (DN) to TOA Radiance (L). Formulae L=DN/GAIN+BIAS</MEASURE_DESC>
            <MEASURE_UNIT>watt/m2/steradians/micrometers</MEASURE_UNIT>
            <MEASURE_UNCERTAINTY>Specification accuracy value</MEASURE_UNCERTAINTY>
            <GAIN>9.98</GAIN>
            <BIAS>0</BIAS>
          </Band_Radiance>
          <Band_Radiance>
            <BAND_ID>B3</BAND_ID>
            <CALIBRATION_DATE>2021-01-01T16:00:00.000Z</CALIBRATION_DATE>
            <MEASURE_DESC>Raw radiometric count (DN) to TOA Radiance (L). Formulae L=DN/GAIN+BIAS</MEASURE_DESC>
            <MEASURE_UNIT>watt/m2/steradians/micrometers</MEASURE_UNIT>
            <MEASURE_UNCERTAINTY>Specification accuracy value</MEASURE_UNCERTAINTY>
            <GAIN>15.26</GAIN>
            <BIAS>0</BIAS>
          </Band_Radiance>
          <Band_Solar_Irradiance>
            <BAND_ID>B0</BAND_ID>
            <CALIBRATION_DATE>2011-12-17T00:00:00.000Z</CALIBRATION_DATE>
            <MEASURE_DESC>Solar irradiance value of raw radiometric Band</MEASURE_DESC>
            <MEASURE_UNIT>watt/m2/micron</MEASURE_UNIT>
            <MEASURE_UNCERTAINTY>Specification</MEASURE_UNCERTAINTY>
            <VALUE>1915.0</VALUE>
          </Band_Solar_Irradiance>
          <Band_Solar_Irradiance>
            <BAND_ID>B1</BAND_ID>
            <CALIBRATION_DATE>2011-12-17T00:00:00.000Z</CALIBRATION_DATE>
            <MEASURE_DESC>Solar irradiance value of raw radiometric Band</MEASURE_DESC>
            <MEASURE_UNIT>watt/m2/micron</MEASURE_UNIT>
            <MEASURE_UNCERTAINTY>Specification</MEASURE_UNCERTAINTY>
            <VALUE>1831.0</VALUE>
          </Band_Solar_Irradiance>
          <Band_Solar_Irradiance>
            <BAND_ID>B2</BAND_ID>
            <CALIBRATION_DATE>2011-12-17T00:00:00.000Z</CALIBRATION_DATE>
            <MEASURE_DESC>Solar irradiance value of raw radiometric Band</MEASURE_DESC>
            <MEASURE_UNIT>watt/m2/micron</MEASURE_UNIT>
            <MEASURE_UNCERTAINTY>Specification</MEASURE_UNCERTAINTY>
            <VALUE>1594.0</VALUE>
          </Band_Solar_Irradiance>
          <Band_Solar_Irradiance>
            <BAND_ID>B3</BAND_ID>
            <CALIBRATION_DATE>2011-12-17T00:00:00.000Z</CALIBRATION_DATE>
            <MEASURE_DESC>Solar irradiance value of raw radiometric Band</MEASURE_DESC>
            <MEASURE_UNIT>watt/m2/micron</MEASURE_UNIT>
            <MEASURE_UNCERTAINTY>Specification</MEASURE_UNCERTAINTY>
            <VALUE>1060.0</VALUE>
          </Band_Solar_Irradiance>
        </Band_Measurement_List>
      </Instrument_Calibration>
    </Radiometric_Calibration>
  </Radiometric_Data>
  <Geometric_Data>
    <Refined_Model>
      <MODEL_USED>SENSOR</MODEL_USED>
      <Coordinate_Reference_System>
        <Geodetic_CRS>
          <GEODETIC_CRS_TYPE>GEOCENTRIC</GEODETIC_CRS_TYPE>
          <GEODETIC_CRS_NAME>WGS 1984</GEODETIC_CRS_NAME>
          <GEODETIC_CRS_CODE>urn:ogc:def:crs:EPSG::4978</GEODETIC_CRS_CODE>
          <Coordinate_System>
            <CS_TYPE>CARTESIAN</CS_TYPE>
            <CS_NAME>Earth centered, earth fixed, righthanded 3D coordinate system, consisting of 3 orthogonal axes with X and Y axes in the equatorial plane, positive Z-axis parallel to mean earth rotation axis and pointing towards North Pole. UoM: m</CS_NAME>
            <CS_CODE>urn:ogc:def:cs:EPSG::6500</CS_CODE>
            <CS_Axes>
              <CS_Axis>
                <CS_AXIS_NAME>Geocentric X</CS_AXIS_NAME>
                <CS_AXIS_ORIENTATION>Geocentre to equator/0degE</CS_AXIS_ORIENTATION>
                <CS_AXIS_UNIT>m</CS_AXIS_UNIT>
              </CS_Axis>
              <CS_Axis>
                <CS_AXIS_NAME>Geocentric Y</CS_AXIS_NAME>
                <CS_AXIS_ORIENTATION>Geocentre to equator/90degE</CS_AXIS_ORIENTATION>
                <CS_AXIS_UNIT>m</CS_AXIS_UNIT>
              </CS_Axis>
              <CS_Axis>
                <CS_AXIS_NAME>Geocentric Z</CS_AXIS_NAME>
                <CS_AXIS_ORIENTATION>Geocentre to north pole</CS_AXIS_ORIENTATION>
                <CS_AXIS_UNIT>m</CS_AXIS_UNIT>
              </CS_Axis>
            </CS_Axes>
          </Coordinate_System>
          <Geodetic_Datum>
            <GEODETIC_DATUM_NAME>World Geodetic System 1984</GEODETIC_DATUM_NAME>
            <GEODETIC_DATUM_CODE>urn:ogc:def:datum:EPSG::6326</GEODETIC_DATUM_CODE>
            <GEODETIC_DATUM_PARAMETERS>On 20/1/2002 WGS 84 (G1150)</GEODETIC_DATUM_PARAMETERS>
          </Geodetic_Datum>
          <Coordinate_Transformation>
            <CT_NAME>ITRF to WGS84 transformation parameters</CT_NAME>
            <CT_SOURCE_CRS_NAME>ITRF 2005</CT_SOURCE_CRS_NAME>
            <CT_SOURCE_CRS_CODE>urn:ogc:def:crs:EPSG::4896</CT_SOURCE_CRS_CODE>
            <CT_TARGET_CRS_NAME>WGS 1984</CT_TARGET_CRS_NAME>
            <CT_TARGET_CRS_CODE>urn:ogc:def:crs:EPSG::4978</CT_TARGET_CRS_CODE>
            <CT_Parameters>
              <CT_PARAMETERS_DESC>7-Parameter-Helmert-Transformation derived from : X-axis translation =0m, Y-axis translation=0m, Z-axis translation=0m, X-axis rotation=0m, Y-axis rotation=0m, Z-axis rotation=0m, Scale difference=0</CT_PARAMETERS_DESC>
            </CT_Parameters>
          </Coordinate_Transformation>
        </Geodetic_CRS>
        <Temporal_CRS>
          <CRS_TABLES version="0.0">ITU</CRS_TABLES>
          <TEMPORAL_CRS_NAME>UTC</TEMPORAL_CRS_NAME>
        </Temporal_CRS>
      </Coordinate_Reference_System>
      <Time>
        <Time_Range>
          <START>2021-03-26T10:30:24.6757620Z</START>
          <END>2021-03-26T10:30:26.8216680Z</END>
        </Time_Range>
        <Time_Stamp>
          <LINE_PERIOD>0.294</LINE_PERIOD>
        </Time_Stamp>
      </Time>
      <Ephemeris>
        <EPHEMERIS_USED>CORRECTED</EPHEMERIS_USED>
        <Point_List>
          <Point>
            <LOCATION_XYZ unit="m">4417946.156 842087.2659999999 5456207.743</LOCATION_XYZ>
            <VELOCITY_XYZ unit="m/s">5867.067418176681 -597.4303518179804 -4647.003612786531</VELOCITY_XYZ>
            <TIME>2021-03-26T10:27:53.000000Z</TIME>
          </Point>
          <Point>
            <LOCATION_XYZ unit="m">4593483.968 813694.339 5314052.882</LOCATION_XYZ>
            <VELOCITY_XYZ unit="m/s">5713.686806779355 -638.0367231904529 -4829.18699410744</VELOCITY_XYZ>
            <TIME>2021-03-26T10:28:23.000000Z</TIME>
          </Point>
          <Point>
            <LOCATION_XYZ unit="m">4764266.941 783724.078 5166505.332</LOCATION_XYZ>
            <VELOCITY_XYZ unit="m/s">5554.361709178425 -677.3185867688153 -5006.485585159622</VELOCITY_XYZ>
            <TIME>2021-03-26T10:28:53.000000Z</TIME>
          </Point>
          <Point>
            <LOCATION_XYZ unit="m">4930115.813 752227.803 5013714.365</LOCATION_XYZ>
            <VELOCITY_XYZ unit="m/s">5389.257827038877 -715.2105885490309 -5178.718232966028</VELOCITY_XYZ>
            <TIME>2021-03-26T10:29:23.000000Z</TIME>
          </Point>
          <Point>
            <LOCATION_XYZ unit="m">5090856.505 719259.149 4855834.616</LOCATION_XYZ>
            <VELOCITY_XYZ unit="m/s">5218.547144213691 -751.6494795766193 -5345.708844551817</VELOCITY_XYZ>
            <TIME>2021-03-26T10:29:53.000000Z</TIME>
          </Point>
          <Point>
            <LOCATION_XYZ unit="m">5246320.31 684873.99 4693025.92</LOCATION_XYZ>
            <VELOCITY_XYZ unit="m/s">5042.407740281895 -786.5742131650914 -5507.286562939174</VELOCITY_XYZ>
            <TIME>2021-03-26T10:30:23.000000Z</TIME>
          </Point>
          <Point>
            <LOCATION_XYZ unit="m">5396344.076 649130.363 4525453.16</LOCATION_XYZ>
            <VELOCITY_XYZ unit="m/s">4861.023617095314 -819.9260405510431 -5663.28594615031</VELOCITY_XYZ>
            <TIME>2021-03-26T10:30:53.000000Z</TIME>
          </Point>
          <Point>
            <LOCATION_XYZ unit="m">5540770.385 612088.379 4353286.099</LOCATION_XYZ>
            <VELOCITY_XYZ unit="m/s">4674.584518264979 -851.6485968411434 -5813.547152206302</VELOCITY_XYZ>
            <TIME>2021-03-26T10:31:23.000000Z</TIME>
          </Point>
          <Point>
            <LOCATION_XYZ unit="m">5679447.733 573810.144 4176699.207</LOCATION_XYZ>
            <VELOCITY_XYZ unit="m/s">4483.285736924969 -881.6879838864552 -5957.916132127866</VELOCITY_XYZ>
            <TIME>2021-03-26T10:31:53.000000Z</TIME>
          </Point>
          <Point>
            <LOCATION_XYZ unit="m">5812230.69 534359.667 3995871.486</LOCATION_XYZ>
            <VELOCITY_XYZ unit="m/s">4287.327906439081 -909.9928426153492 -6096.244811934419</VELOCITY_XYZ>
            <TIME>2021-03-26T10:32:23.000000Z</TIME>
          </Point>
          <Point>
            <LOCATION_XYZ unit="m">5938980.065 493802.768 3810986.291</LOCATION_XYZ>
            <VELOCITY_XYZ unit="m/s">4086.916776110418 -936.5144310008618 -6228.391286644153</VELOCITY_XYZ>
            <TIME>2021-03-26T10:32:53.000000Z</TIME>
          </Point>
        </Point_List>
      </Ephemeris>
      <Attitudes>
        <ATTITUDES_USED>ACCURATE</ATTITUDES_USED>
        <Polynomial_Quaternions>
          <OFFSET>37824.59375</OFFSET>
          <SCALE>2.5625</SCALE>
          <Q0>
            <DEGREE>3</DEGREE>
            <COEFFICIENTS>0.0708313641013166 0.00187208647993291 -5.49637386056966e-05 -1.76214564000437e-06</COEFFICIENTS>
          </Q0>
          <Q1>
            <DEGREE>3</DEGREE>
            <COEFFICIENTS>-0.913190176108966 0.000482264456093035 6.12418856651734e-06 -2.44504225656746e-07</COEFFICIENTS>
          </Q1>
          <Q2>
            <DEGREE>3</DEGREE>
            <COEFFICIENTS>-0.0243986722549823 0.00411229385358557 2.88647513451392e-05 -1.73430405501409e-06</COEFFICIENTS>
          </Q2>
          <Q3>
            <DEGREE>3</DEGREE>
            <COEFFICIENTS>0.400588720786912 0.00101882477511189 -1.61035144816096e-06 -3.88203884807465e-07</COEFFICIENTS>
          </Q3>
        </Polynomial_Quaternions>
      </Attitudes>
      <Instrument_Configuration>
        <FOCAL_LENGTH>12.905</FOCAL_LENGTH>
        <DETECTOR_SIZE_COL>52e-06</DETECTOR_SIZE_COL>
        <DETECTOR_SIZE_ROW>52e-06</DETECTOR_SIZE_ROW>
      </Instrument_Configuration>
      <Geometric_Calibration>
        <Instrument_Calibration>
          <Swath_Range>
            <FIRST_COL>3358</FIRST_COL>
            <LAST_COL>9845</LAST_COL>
          </Swath_Range>
          <Polynomial_Look_Angles>
            <XLOS_0>-0.014222</XLOS_0>
            <XLOS_1>2.8452e-06</XLOS_1>
            <YLOS_0>8e-05</YLOS_0>
          </Polynomial_Look_Angles>
          <Instrument_Biases>
            <YAW>0.0</YAW>
            <PITCH>0.0</PITCH>
            <ROLL>0.0</ROLL>
          </Instrument_Biases>
        </Instrument_Calibration>
      </Geometric_Calibration>
    </Refined_Model>
    <Use_Area>
      <Located_Geometric_Values>
        <LOCATION_TYPE>Top Center</LOCATION_TYPE>
        <TIME>2021-03-26T10:30:24.781Z</TIME>
        <GEOMETRIC_GLIDING>0.01517485491211623</GEOMETRIC_GLIDING>
        <Acquisition_Angles>
          <AZIMUTH_ANGLE>180.0193801592012</AZIMUTH_ANGLE>
          <VIEWING_ANGLE_ACROSS_TRACK unit="deg">11.86950353681594</VIEWING_ANGLE_ACROSS_TRACK>
          <VIEWING_ANGLE_ALONG_TRACK unit="deg">-0.6750602238416635</VIEWING_ANGLE_ALONG_TRACK>
          <VIEWING_ANGLE unit="deg">11.88761044190894</VIEWING_ANGLE>
          <INCIDENCE_ANGLE_ALONG_TRACK>-1.899228169455578</INCIDENCE_ANGLE_ALONG_TRACK>
          <INCIDENCE_ANGLE_ACROSS_TRACK>-13.08513605359617</INCIDENCE_ANGLE_ACROSS_TRACK>
          <INCIDENCE_ANGLE>13.21300062772761</INCIDENCE_ANGLE>
        </Acquisition_Angles>
        <Solar_Incidences>
          <SUN_AZIMUTH unit="deg">157.2811490761433</SUN_AZIMUTH>
          <SUN_ELEVATION unit="deg">48.90783951234149</SUN_ELEVATION>
        </Solar_Incidences>
        <Ground_Sample_Distance>
          <GSD_ACROSS_TRACK unit="m">0.7142046997360105</GSD_ACROSS_TRACK>
          <GSD_ALONG_TRACK unit="m">0.7422416938675892</GSD_ALONG_TRACK>
        </Ground_Sample_Distance>
      </Located_Geometric_Values>
      <Located_Geometric_Values>
        <LOCATION_TYPE>Center</LOCATION_TYPE>
        <TIME>2021-03-26T10:30:25.781Z</TIME>
        <GEOMETRIC_GLIDING>0.01469526105625629</GEOMETRIC_GLIDING>
        <Acquisition_Angles>
          <AZIMUTH_ANGLE>180.1731932942845</AZIMUTH_ANGLE>
          <VIEWING_ANGLE_ACROSS_TRACK unit="deg">12.00776926101687</VIEWING_ANGLE_ACROSS_TRACK>
          <VIEWING_ANGLE_ALONG_TRACK unit="deg">-0.6813883113128862</VIEWING_ANGLE_ALONG_TRACK>
          <VIEWING_ANGLE unit="deg">12.02598005961642</VIEWING_ANGLE>
          <INCIDENCE_ANGLE_ALONG_TRACK>-1.890693379872004</INCIDENCE_ANGLE_ALONG_TRACK>
          <INCIDENCE_ANGLE_ACROSS_TRACK>-13.24240056156493</INCIDENCE_ANGLE_ACROSS_TRACK>
          <INCIDENCE_ANGLE>13.36741974229473</INCIDENCE_ANGLE>
        </Acquisition_Angles>
        <Solar_Incidences>
          <SUN_AZIMUTH unit="deg">157.2533822776512</SUN_AZIMUTH>
          <SUN_ELEVATION unit="deg">48.96515271834989</SUN_ELEVATION>
        </Solar_Incidences>
        <Ground_Sample_Distance>
          <GSD_ACROSS_TRACK unit="m">0.7149851038873909</GSD_ACROSS_TRACK>
          <GSD_ALONG_TRACK unit="m">0.7431380815440862</GSD_ALONG_TRACK>
        </Ground_Sample_Distance>
      </Located_Geometric_Values>
      <Located_Geometric_Values>
        <LOCATION_TYPE>Bottom Center</LOCATION_TYPE>
        <TIME>2021-03-26T10:30:26.781Z</TIME>
        <GEOMETRIC_GLIDING>0.01477722538397885</GEOMETRIC_GLIDING>
        <Acquisition_Angles>
          <AZIMUTH_ANGLE>180.2961266058317</AZIMUTH_ANGLE>
          <VIEWING_ANGLE_ACROSS_TRACK unit="deg">12.14462633225001</VIEWING_ANGLE_ACROSS_TRACK>
          <VIEWING_ANGLE_ALONG_TRACK unit="deg">-0.6871159756712019</VIEWING_ANGLE_ALONG_TRACK>
          <VIEWING_ANGLE unit="deg">12.1629110237389</VIEWING_ANGLE>
          <INCIDENCE_ANGLE_ALONG_TRACK>-1.888959030057134</INCIDENCE_ANGLE_ALONG_TRACK>
          <INCIDENCE_ANGLE_ACROSS_TRACK>-13.39709139296611</INCIDENCE_ANGLE_ACROSS_TRACK>
          <INCIDENCE_ANGLE>13.52024527201762</INCIDENCE_ANGLE>
        </Acquisition_Angles>
        <Solar_Incidences>
          <SUN_AZIMUTH unit="deg">157.225202103683</SUN_AZIMUTH>
          <SUN_ELEVATION unit="deg">49.0224239229736</SUN_ELEVATION>
        </Solar_Incidences>
        <Ground_Sample_Distance>
          <GSD_ACROSS_TRACK unit="m">0.7152389076543516</GSD_ACROSS_TRACK>
          <GSD_ALONG_TRACK unit="m">0.7440370553963941</GSD_ALONG_TRACK>
        </Ground_Sample_Distance>
      </Located_Geometric_Values>
    </Use_Area>
  </Geometric_Data>
  <Quality_Assessment>
    <Planimetric_Accuracy_Measurement>
      <QUALITY_TABLES>DTED2</QUALITY_TABLES>
      <MEASURE_ID>AHA</MEASURE_ID>
      <MEASURE_NAME>Absolute Horizontal Accuracy</MEASURE_NAME>
      <MEASURE_TYPE>MATCHING</MEASURE_TYPE>
      <MEASURE_UNIT>m</MEASURE_UNIT>
      <Quality_Values>
        <ACCURACY_MEAN>0.00388223904022614</ACCURACY_MEAN>
        <ACCURACY_STDV>1.442323690344508</ACCURACY_STDV>
        <ACCURACY_CE90>2.169308894077101</ACCURACY_CE90>
      </Quality_Values>
    </Planimetric_Accuracy_Measurement>
    <Imaging_Quality_Measurement>
      <QUALITY_TABLES>PHR</QUALITY_TABLES>
      <MEASURE_NAME>Area_Of_Interest (ROI)</MEASURE_NAME>
      <MEASURE_TYPE>AUTOMATIC</MEASURE_TYPE>
      <Quality_Mask>
        <Component>
          <COMPONENT_TITLE>Area_Of_Interest Mask</COMPONENT_TITLE>
          <COMPONENT_CONTENT>GML MASK</COMPONENT_CONTENT>
          <COMPONENT_TYPE>ENCAPSULATED</COMPONENT_TYPE>
          <COMPONENT_PATH href="MASKS/ROI_PHR1A_MS_202103261030221_SEN_5672535101-2_MSK.GML"/>
        </Component>
      </Quality_Mask>
    </Imaging_Quality_Measurement>
    <Imaging_Quality_Measurement>
      <QUALITY_TABLES>PHR</QUALITY_TABLES>
      <MEASURE_NAME>Detector_Quality (DET)</MEASURE_NAME>
      <MEASURE_TYPE>AUTOMATIC</MEASURE_TYPE>
      <Quality_Mask>
        <Component>
          <COMPONENT_TITLE>Detector_Quality Mask</COMPONENT_TITLE>
          <COMPONENT_CONTENT>GML MASK</COMPONENT_CONTENT>
          <COMPONENT_TYPE>ENCAPSULATED</COMPONENT_TYPE>
          <COMPONENT_PATH href="MASKS/DET_PHR1A_MS_202103261030221_SEN_5672535101-2_MSK.GML"/>
        </Component>
      </Quality_Mask>
    </Imaging_Quality_Measurement>
    <Imaging_Quality_Measurement>
      <QUALITY_TABLES>PHR</QUALITY_TABLES>
      <MEASURE_NAME>Saturation_Cotation (SLT)</MEASURE_NAME>
      <MEASURE_TYPE>AUTOMATIC</MEASURE_TYPE>
      <Quality_Mask>
        <Component>
          <COMPONENT_TITLE>Saturation_Cotation Mask</COMPONENT_TITLE>
          <COMPONENT_CONTENT>GML MASK</COMPONENT_CONTENT>
          <COMPONENT_TYPE>ENCAPSULATED</COMPONENT_TYPE>
          <COMPONENT_PATH href="MASKS/SLT_PHR1A_MS_202103261030221_SEN_5672535101-2_MSK.GML"/>
        </Component>
      </Quality_Mask>
    </Imaging_Quality_Measurement>
    <Imaging_Quality_Measurement>
      <QUALITY_TABLES>PHR</QUALITY_TABLES>
      <MEASURE_NAME>Visibility_Cotation (VIS)</MEASURE_NAME>
      <MEASURE_TYPE>AUTOMATIC</MEASURE_TYPE>
      <Quality_Mask>
        <Component>
          <COMPONENT_TITLE>Visibility_Cotation Mask</COMPONENT_TITLE>
          <COMPONENT_CONTENT>GML MASK</COMPONENT_CONTENT>
          <COMPONENT_TYPE>ENCAPSULATED</COMPONENT_TYPE>
          <COMPONENT_PATH href="MASKS/VIS_PHR1A_MS_202103261030221_SEN_5672535101-2_MSK.GML"/>
        </Component>
      </Quality_Mask>
    </Imaging_Quality_Measurement>
    <Imaging_Quality_Measurement>
      <QUALITY_TABLES>PHR</QUALITY_TABLES>
      <MEASURE_NAME>Snow_Cotation (SNW)</MEASURE_NAME>
      <MEASURE_TYPE>AUTOMATIC</MEASURE_TYPE>
      <Quality_Mask>
        <Component>
          <COMPONENT_TITLE>Snow_Cotation Mask</COMPONENT_TITLE>
          <COMPONENT_CONTENT>GML MASK</COMPONENT_CONTENT>
          <COMPONENT_TYPE>ENCAPSULATED</COMPONENT_TYPE>
          <COMPONENT_PATH href="MASKS/SNW_PHR1A_MS_202103261030221_SEN_5672535101-2_MSK.GML"/>
        </Component>
      </Quality_Mask>
    </Imaging_Quality_Measurement>
    <Imaging_Quality_Measurement>
      <QUALITY_TABLES>PHR</QUALITY_TABLES>
      <MEASURE_NAME>Cloud_Cotation (CLD)</MEASURE_NAME>
      <MEASURE_TYPE>AUTOMATIC</MEASURE_TYPE>
      <Quality_Mask>
        <Component>
          <COMPONENT_TITLE>Cloud_Cotation Mask</COMPONENT_TITLE>
          <COMPONENT_CONTENT>GML MASK</COMPONENT_CONTENT>
          <COMPONENT_TYPE>ENCAPSULATED</COMPONENT_TYPE>
          <COMPONENT_PATH href="MASKS/CLD_PHR1A_MS_202103261030221_SEN_5672535101-2_MSK.GML"/>
        </Component>
      </Quality_Mask>
    </Imaging_Quality_Measurement>
    <Imaging_Quality_Measurement>
      <QUALITY_TABLES>PHR</QUALITY_TABLES>
      <MEASURE_NAME>Technical_Index (QTE)</MEASURE_NAME>
      <MEASURE_TYPE>AUTOMATIC</MEASURE_TYPE>
      <Quality_Mask>
        <Component>
          <COMPONENT_TITLE>Technical_Index Mask</COMPONENT_TITLE>
          <COMPONENT_CONTENT>GML MASK</COMPONENT_CONTENT>
          <COMPONENT_TYPE>ENCAPSULATED</COMPONENT_TYPE>
          <COMPONENT_PATH href="MASKS/QTE_PHR1A_MS_202103261030221_SEN_5672535101-2_MSK.GML"/>
        </Component>
      </Quality_Mask>
    </Imaging_Quality_Measurement>
  </Quality_Assessment>
  <Dataset_Sources>
    <Source_Identification>
      <SOURCE_ID>DS_PHR1A_202103261030221_FR1_PX_E009N41_0212_02862</SOURCE_ID>
      <SOURCE_TYPE>Strip_Source</SOURCE_TYPE>
      <SOURCE_DESCRIPTION>PHR1A Data Strip</SOURCE_DESCRIPTION>
      <Strip_Source>
        <MISSION>PHR</MISSION>
        <MISSION_INDEX>1A</MISSION_INDEX>
        <INSTRUMENT>PHR</INSTRUMENT>
        <INSTRUMENT_INDEX>1A</INSTRUMENT_INDEX>
        <IMAGING_DATE>2021-03-26</IMAGING_DATE>
        <IMAGING_TIME>10:30:22.1Z</IMAGING_TIME>
        <BAND_MODE>PX</BAND_MODE>
      </Strip_Source>
      <Component>
        <COMPONENT_TITLE>Strip Source</COMPONENT_TITLE>
        <COMPONENT_CONTENT>Lineage Information</COMPONENT_CONTENT>
        <COMPONENT_TYPE>DIMAP</COMPONENT_TYPE>
        <COMPONENT_PATH href="LINEAGE/STRIP_DS_PHR1A_202103261030221_FR1_PX_E009N41_0212_02862_DIM.XML"/>
      </Component>
    </Source_Identification>
    <Source_Identification>
      <SOURCE_TYPE>Ground_Source</SOURCE_TYPE>
      <SOURCE_DESCRIPTION>Reference3D ORTHO Layer</SOURCE_DESCRIPTION>
      <Component>
        <COMPONENT_TITLE>Source for Ground reset</COMPONENT_TITLE>
        <COMPONENT_CONTENT>Lineage Information</COMPONENT_CONTENT>
        <COMPONENT_TYPE>DIMAP</COMPONENT_TYPE>
        <COMPONENT_PATH href="LINEAGE/GROUND_R3D_OR_SPOTView_N41E009_DIM.XML"/>
      </Component>
    </Source_Identification>
  </Dataset_Sources>
</Dimap_Document>
