<?xml version="1.0" encoding="UTF-8" standalone="yes"?>
<Dimap_Document>
  <Metadata_Identification>
    <METADATA_FORMAT version="2.15">DIMAP</METADATA_FORMAT>
    <METADATA_PROFILE>PHR_SENSOR</METADATA_PROFILE>
    <METADATA_SUBPROFILE>RPC</METADATA_SUBPROFILE>
    <METADATA_LANGUAGE>en</METADATA_LANGUAGE>
  </Metadata_Identification>
  <Rational_Function_Model>
    <Resource_Reference>
      <RESOURCE_TITLE version="2.1">NITF</RESOURCE_TITLE>
      <RESOURCE_ID>RPC00B</RESOURCE_ID>
    </Resource_Reference>
    <Global_RFM>
      <Direct_Model>
        <SAMP_NUM_COEFF_1>-0.000865555689517348</SAMP_NUM_COEFF_1>
        <SAMP_NUM_COEFF_2>0.991652476264572</SAMP_NUM_COEFF_2>
        <SAMP_NUM_COEFF_3>-0.0029397414153142</SAMP_NUM_COEFF_3>
        <SAMP_NUM_COEFF_4>-0.00539057159069361</SAMP_NUM_COEFF_4>
        <SAMP_NUM_COEFF_5>0.000126111351788574</SAMP_NUM_COEFF_5>
        <SAMP_NUM_COEFF_6>-0.000123450643977983</SAMP_NUM_COEFF_6>
        <SAMP_NUM_COEFF_7>-6.15222455110501e-05</SAMP_NUM_COEFF_7>
        <SAMP_NUM_COEFF_8>0.00157615645619002</SAMP_NUM_COEFF_8>
        <SAMP_NUM_COEFF_9>-0.00133654291995532</SAMP_NUM_COEFF_9>
        <SAMP_NUM_COEFF_10>-5.04296115869577e-07</SAMP_NUM_COEFF_10>
        <SAMP_NUM_COEFF_11>4.90658594542231e-09</SAMP_NUM_COEFF_11>
        <SAMP_NUM_COEFF_12>6.43814406986762e-06</SAMP_NUM_COEFF_12>
        <SAMP_NUM_COEFF_13>-3.00632557848055e-07</SAMP_NUM_COEFF_13>
        <SAMP_NUM_COEFF_14>8.99429542066296e-07</SAMP_NUM_COEFF_14>
        <SAMP_NUM_COEFF_15>1.55999746849004e-05</SAMP_NUM_COEFF_15>
        <SAMP_NUM_COEFF_16>-3.56808714233119e-05</SAMP_NUM_COEFF_16>
        <SAMP_NUM_COEFF_17>-8.1060230087688e-09</SAMP_NUM_COEFF_17>
        <SAMP_NUM_COEFF_18>-9.44669481709765e-08</SAMP_NUM_COEFF_18>
        <SAMP_NUM_COEFF_19>2.29497269038541e-07</SAMP_NUM_COEFF_19>
        <SAMP_NUM_COEFF_20>-5.15122738200251e-09</SAMP_NUM_COEFF_20>
        <SAMP_DEN_COEFF_1>1</SAMP_DEN_COEFF_1>
        <SAMP_DEN_COEFF_2>-0.000705003285208303</SAMP_DEN_COEFF_2>
        <SAMP_DEN_COEFF_3>-0.000131995591444857</SAMP_DEN_COEFF_3>
        <SAMP_DEN_COEFF_4>0.000117571198770726</SAMP_DEN_COEFF_4>
        <SAMP_DEN_COEFF_5>-1.23628351421623e-05</SAMP_DEN_COEFF_5>
        <SAMP_DEN_COEFF_6>9.76574528297564e-08</SAMP_DEN_COEFF_6>
        <SAMP_DEN_COEFF_7>-7.21015431352123e-08</SAMP_DEN_COEFF_7>
        <SAMP_DEN_COEFF_8>-2.31229793610428e-06</SAMP_DEN_COEFF_8>
        <SAMP_DEN_COEFF_9>-1.03022905230822e-06</SAMP_DEN_COEFF_9>
        <SAMP_DEN_COEFF_10>9.22684525406277e-07</SAMP_DEN_COEFF_10>
        <SAMP_DEN_COEFF_11>7.58199744368879e-10</SAMP_DEN_COEFF_11>
        <SAMP_DEN_COEFF_12>-3.62909810617772e-08</SAMP_DEN_COEFF_12>
        <SAMP_DEN_COEFF_13>1.32152584137845e-07</SAMP_DEN_COEFF_13>
        <SAMP_DEN_COEFF_14>-2.10590770190388e-09</SAMP_DEN_COEFF_14>
        <SAMP_DEN_COEFF_15>-9.65434366161959e-08</SAMP_DEN_COEFF_15>
        <SAMP_DEN_COEFF_16>2.43125001212822e-07</SAMP_DEN_COEFF_16>
        <SAMP_DEN_COEFF_17>-2.46157046451341e-10</SAMP_DEN_COEFF_17>
        <SAMP_DEN_COEFF_18>1.51171586375127e-09</SAMP_DEN_COEFF_18>
        <SAMP_DEN_COEFF_19>-5.9979543804559e-11</SAMP_DEN_COEFF_19>
        <SAMP_DEN_COEFF_20>2.2579773578939e-10</SAMP_DEN_COEFF_20>
        <LINE_NUM_COEFF_1>0.00298698017994473</LINE_NUM_COEFF_1>
        <LINE_NUM_COEFF_2>-0.0100300191468735</LINE_NUM_COEFF_2>
        <LINE_NUM_COEFF_3>-0.989241191696863</LINE_NUM_COEFF_3>
        <LINE_NUM_COEFF_4>0.000700472013695856</LINE_NUM_COEFF_4>
        <LINE_NUM_COEFF_5>-0.00112493585221643</LINE_NUM_COEFF_5>
        <LINE_NUM_COEFF_6>6.52173600698825e-06</LINE_NUM_COEFF_6>
        <LINE_NUM_COEFF_7>7.06219450008015e-06</LINE_NUM_COEFF_7>
        <LINE_NUM_COEFF_8>-0.000459014354718871</LINE_NUM_COEFF_8>
        <LINE_NUM_COEFF_9>-0.00162900651320151</LINE_NUM_COEFF_9>
        <LINE_NUM_COEFF_10>-2.48907946115228e-08</LINE_NUM_COEFF_10>
        <LINE_NUM_COEFF_11>3.53867464709187e-07</LINE_NUM_COEFF_11>
        <LINE_NUM_COEFF_12>-1.64314821445472e-06</LINE_NUM_COEFF_12>
        <LINE_NUM_COEFF_13>-1.20277358373108e-05</LINE_NUM_COEFF_13>
        <LINE_NUM_COEFF_14>-7.83492194749701e-09</LINE_NUM_COEFF_14>
        <LINE_NUM_COEFF_15>-2.91675624965523e-06</LINE_NUM_COEFF_15>
        <LINE_NUM_COEFF_16>-5.43431756064114e-06</LINE_NUM_COEFF_16>
        <LINE_NUM_COEFF_17>-6.59015225982647e-07</LINE_NUM_COEFF_17>
        <LINE_NUM_COEFF_18>2.24808074386097e-07</LINE_NUM_COEFF_18>
        <LINE_NUM_COEFF_19>8.39854818718546e-08</LINE_NUM_COEFF_19>
        <LINE_NUM_COEFF_20>4.86596755656515e-10</LINE_NUM_COEFF_20>
        <LINE_DEN_COEFF_1>1</LINE_DEN_COEFF_1>
        <LINE_DEN_COEFF_2>-0.00108752709748801</LINE_DEN_COEFF_2>
        <LINE_DEN_COEFF_3>0.00133203935756535</LINE_DEN_COEFF_3>
        <LINE_DEN_COEFF_4>4.96011180383977e-06</LINE_DEN_COEFF_4>
        <LINE_DEN_COEFF_5>-5.3049007350079e-06</LINE_DEN_COEFF_5>
        <LINE_DEN_COEFF_6>2.27832845884721e-07</LINE_DEN_COEFF_6>
        <LINE_DEN_COEFF_7>4.0115757782241e-10</LINE_DEN_COEFF_7>
        <LINE_DEN_COEFF_8>-7.44556749157802e-07</LINE_DEN_COEFF_8>
        <LINE_DEN_COEFF_9>6.36865484403328e-07</LINE_DEN_COEFF_9>
        <LINE_DEN_COEFF_10>6.58025862189417e-07</LINE_DEN_COEFF_10>
        <LINE_DEN_COEFF_11>3.98991752722834e-09</LINE_DEN_COEFF_11>
        <LINE_DEN_COEFF_12>-4.38902950883511e-08</LINE_DEN_COEFF_12>
        <LINE_DEN_COEFF_13>1.07958305570366e-07</LINE_DEN_COEFF_13>
        <LINE_DEN_COEFF_14>-1.45508251741624e-09</LINE_DEN_COEFF_14>
        <LINE_DEN_COEFF_15>-7.61772142226635e-08</LINE_DEN_COEFF_15>
        <LINE_DEN_COEFF_16>5.44332215290671e-08</LINE_DEN_COEFF_16>
        <LINE_DEN_COEFF_17>-4.8857785078292e-10</LINE_DEN_COEFF_17>
        <LINE_DEN_COEFF_18>9.07002301041176e-10</LINE_DEN_COEFF_18>
        <LINE_DEN_COEFF_19>9.46864154390197e-10</LINE_DEN_COEFF_19>
        <LINE_DEN_COEFF_20>8.04410112876939e-12</LINE_DEN_COEFF_20>
        <ERR_BIAS_X>0.000107734472555968</ERR_BIAS_X>
        <ERR_BIAS_Y>0.0001205104494979074</ERR_BIAS_Y>
      </Direct_Model>
      <Inverse_Model>
        <SAMP_NUM_COEFF_1>0.000881782941888042</SAMP_NUM_COEFF_1>
        <SAMP_NUM_COEFF_2>1.00838372689576</SAMP_NUM_COEFF_2>
        <SAMP_NUM_COEFF_3>-0.00300482906973523</SAMP_NUM_COEFF_3>
        <SAMP_NUM_COEFF_4>0.0054380660863293</SAMP_NUM_COEFF_4>
        <SAMP_NUM_COEFF_5>0.000156500788512609</SAMP_NUM_COEFF_5>
        <SAMP_NUM_COEFF_6>0.000109518083478153</SAMP_NUM_COEFF_6>
        <SAMP_NUM_COEFF_7>-6.45793301129148e-05</SAMP_NUM_COEFF_7>
        <SAMP_NUM_COEFF_8>-0.0016007137562339</SAMP_NUM_COEFF_8>
        <SAMP_NUM_COEFF_9>0.00137647872538458</SAMP_NUM_COEFF_9>
        <SAMP_NUM_COEFF_10>5.4783906941482e-07</SAMP_NUM_COEFF_10>
        <SAMP_NUM_COEFF_11>3.57935638754722e-07</SAMP_NUM_COEFF_11>
        <SAMP_NUM_COEFF_12>-1.33220262824062e-06</SAMP_NUM_COEFF_12>
        <SAMP_NUM_COEFF_13>-8.08368265463112e-06</SAMP_NUM_COEFF_13>
        <SAMP_NUM_COEFF_14>-1.70437551921627e-06</SAMP_NUM_COEFF_14>
        <SAMP_NUM_COEFF_15>1.57184576468798e-05</SAMP_NUM_COEFF_15>
        <SAMP_NUM_COEFF_16>-3.62376671747841e-05</SAMP_NUM_COEFF_16>
        <SAMP_NUM_COEFF_17>-9.06145564155725e-11</SAMP_NUM_COEFF_17>
        <SAMP_NUM_COEFF_18>-4.29535961357377e-07</SAMP_NUM_COEFF_18>
        <SAMP_NUM_COEFF_19>-1.77081754087289e-07</SAMP_NUM_COEFF_19>
        <SAMP_NUM_COEFF_20>-8.86541446411925e-09</SAMP_NUM_COEFF_20>
        <SAMP_DEN_COEFF_1>1</SAMP_DEN_COEFF_1>
        <SAMP_DEN_COEFF_2>0.000724874277692246</SAMP_DEN_COEFF_2>
        <SAMP_DEN_COEFF_3>-0.000150589022767692</SAMP_DEN_COEFF_3>
        <SAMP_DEN_COEFF_4>-0.000115430434091981</SAMP_DEN_COEFF_4>
        <SAMP_DEN_COEFF_5>-1.26601616366282e-05</SAMP_DEN_COEFF_5>
        <SAMP_DEN_COEFF_6>2.37005627214026e-07</SAMP_DEN_COEFF_6>
        <SAMP_DEN_COEFF_7>-2.33865282283103e-07</SAMP_DEN_COEFF_7>
        <SAMP_DEN_COEFF_8>-2.21809694390512e-07</SAMP_DEN_COEFF_8>
        <SAMP_DEN_COEFF_9>4.28963825291067e-06</SAMP_DEN_COEFF_9>
        <SAMP_DEN_COEFF_10>-1.71759880489603e-06</SAMP_DEN_COEFF_10>
        <SAMP_DEN_COEFF_11>-4.93847018488917e-09</SAMP_DEN_COEFF_11>
        <SAMP_DEN_COEFF_12>-2.07402021718533e-08</SAMP_DEN_COEFF_12>
        <SAMP_DEN_COEFF_13>-1.42608715547421e-07</SAMP_DEN_COEFF_13>
        <SAMP_DEN_COEFF_14>-3.64766691252332e-09</SAMP_DEN_COEFF_14>
        <SAMP_DEN_COEFF_15>1.34346736573599e-07</SAMP_DEN_COEFF_15>
        <SAMP_DEN_COEFF_16>-1.83894370383455e-07</SAMP_DEN_COEFF_16>
        <SAMP_DEN_COEFF_17>5.74220901311579e-10</SAMP_DEN_COEFF_17>
        <SAMP_DEN_COEFF_18>-2.71753912452817e-10</SAMP_DEN_COEFF_18>
        <SAMP_DEN_COEFF_19>1.0253158593767e-09</SAMP_DEN_COEFF_19>
        <SAMP_DEN_COEFF_20>3.58054657314772e-10</SAMP_DEN_COEFF_20>
        <LINE_NUM_COEFF_1>0.00301050670243885</LINE_NUM_COEFF_1>
        <LINE_NUM_COEFF_2>-0.0102248653174579</LINE_NUM_COEFF_2>
        <LINE_NUM_COEFF_3>-1.01083329639092</LINE_NUM_COEFF_3>
        <LINE_NUM_COEFF_4>0.00065295041768056</LINE_NUM_COEFF_4>
        <LINE_NUM_COEFF_5>0.00109154588417444</LINE_NUM_COEFF_5>
        <LINE_NUM_COEFF_6>-6.9503967867342e-07</LINE_NUM_COEFF_6>
        <LINE_NUM_COEFF_7>2.37883920847389e-06</LINE_NUM_COEFF_7>
        <LINE_NUM_COEFF_8>-0.000448171219366418</LINE_NUM_COEFF_8>
        <LINE_NUM_COEFF_9>-0.00169633810731308</LINE_NUM_COEFF_9>
        <LINE_NUM_COEFF_10>-2.14552850485905e-08</LINE_NUM_COEFF_10>
        <LINE_NUM_COEFF_11>-1.73323175536254e-08</LINE_NUM_COEFF_11>
        <LINE_NUM_COEFF_12>4.91163206870981e-07</LINE_NUM_COEFF_12>
        <LINE_NUM_COEFF_13>-5.60856554363328e-06</LINE_NUM_COEFF_13>
        <LINE_NUM_COEFF_14>1.63983827137697e-08</LINE_NUM_COEFF_14>
        <LINE_NUM_COEFF_15>-1.40516575342577e-06</LINE_NUM_COEFF_15>
        <LINE_NUM_COEFF_16>2.21596173241108e-06</LINE_NUM_COEFF_16>
        <LINE_NUM_COEFF_17>1.63016349637756e-06</LINE_NUM_COEFF_17>
        <LINE_NUM_COEFF_18>1.10643474700904e-09</LINE_NUM_COEFF_18>
        <LINE_NUM_COEFF_19>-7.88846666174064e-08</LINE_NUM_COEFF_19>
        <LINE_NUM_COEFF_20>-1.01529458649438e-09</LINE_NUM_COEFF_20>
        <LINE_DEN_COEFF_1>1</LINE_DEN_COEFF_1>
        <LINE_DEN_COEFF_2>0.00112961556864125</LINE_DEN_COEFF_2>
        <LINE_DEN_COEFF_3>0.00133956370628674</LINE_DEN_COEFF_3>
        <LINE_DEN_COEFF_4>4.32092801543572e-07</LINE_DEN_COEFF_4>
        <LINE_DEN_COEFF_5>-5.21442267406492e-06</LINE_DEN_COEFF_5>
        <LINE_DEN_COEFF_6>2.15999331806317e-08</LINE_DEN_COEFF_6>
        <LINE_DEN_COEFF_7>-7.13034777813736e-08</LINE_DEN_COEFF_7>
        <LINE_DEN_COEFF_8>-2.27031329076049e-06</LINE_DEN_COEFF_8>
        <LINE_DEN_COEFF_9>5.06382996550082e-06</LINE_DEN_COEFF_9>
        <LINE_DEN_COEFF_10>-1.62049941058512e-06</LINE_DEN_COEFF_10>
        <LINE_DEN_COEFF_11>8.66307117650982e-10</LINE_DEN_COEFF_11>
        <LINE_DEN_COEFF_12>-5.75502362190651e-09</LINE_DEN_COEFF_12>
        <LINE_DEN_COEFF_13>-1.79371492792846e-07</LINE_DEN_COEFF_13>
        <LINE_DEN_COEFF_14>-3.55680455404183e-09</LINE_DEN_COEFF_14>
        <LINE_DEN_COEFF_15>6.63122114148475e-08</LINE_DEN_COEFF_15>
        <LINE_DEN_COEFF_16>-1.43970980155453e-08</LINE_DEN_COEFF_16>
        <LINE_DEN_COEFF_17>8.76428369131087e-10</LINE_DEN_COEFF_17>
        <LINE_DEN_COEFF_18>-9.97577017596363e-11</LINE_DEN_COEFF_18>
        <LINE_DEN_COEFF_19>-1.91966829223497e-09</LINE_DEN_COEFF_19>
        <LINE_DEN_COEFF_20>-4.46726118760544e-12</LINE_DEN_COEFF_20>
        <ERR_BIAS_ROW>6.135602228907536e-05</ERR_BIAS_ROW>
        <ERR_BIAS_COL>5.633293683604264e-05</ERR_BIAS_COL>
      </Inverse_Model>
      <RFM_Validity>
        <Direct_Model_Validity_Domain>
            <FIRST_ROW>1</FIRST_ROW>
            <FIRST_COL>1</FIRST_COL>
            <LAST_ROW>7299</LAST_ROW>
            <LAST_COL>6487</LAST_COL>
          </Direct_Model_Validity_Domain>
        <Inverse_Model_Validity_Domain>
            <FIRST_LON>9.118515409782805</FIRST_LON>
            <FIRST_LAT>41.33374278782862</FIRST_LAT>
            <LAST_LON>9.28809756007</LAST_LON>
            <LAST_LAT>41.47150966294129</LAST_LAT>
          </Inverse_Model_Validity_Domain>
        <LONG_SCALE>0.0825797346952406</LONG_SCALE>
        <LONG_OFF>9.203254183139757</LONG_OFF>
        <LAT_SCALE>0.06753278191798273</LAT_SCALE>
        <LAT_OFF>41.40262622538496</LAT_OFF>
        <HEIGHT_SCALE>155</HEIGHT_SCALE>
        <HEIGHT_OFF>195</HEIGHT_OFF>
        <SAMP_SCALE>3243</SAMP_SCALE>
        <SAMP_OFF>3244</SAMP_OFF>
        <LINE_SCALE>3649</LINE_SCALE>
        <LINE_OFF>3650</LINE_OFF>
      </RFM_Validity>
    </Global_RFM>
  </Rational_Function_Model>
</Dimap_Document>
