<?xml version="1.0" encoding="UTF-8" standalone="yes"?>
<Dimap_Document>
  <Metadata_Identification>
    <METADATA_FORMAT version="2.15">DIMAP</METADATA_FORMAT>
    <METADATA_PROFILE>PHR_SENSOR</METADATA_PROFILE>
    <METADATA_SUBPROFILE>STRIP</METADATA_SUBPROFILE>
    <METADATA_LANGUAGE>en</METADATA_LANGUAGE>
  </Metadata_Identification>
  <Strip_Identification>
    <STRIP_ID>DS_PHR1A_202103261030221_FR1_PX_E009N41_0212_02862</STRIP_ID>
    <STRIP_TYPE>NOMINAL</STRIP_TYPE>
    <Mission_Identification>
      <MISSION>PHR</MISSION>
      <MISSION_INDEX>1A</MISSION_INDEX>
    </Mission_Identification>
    <Instrument_Identification>
      <INSTRUMENT>PHR</INSTRUMENT>
      <INSTRUMENT_INDEX>1A</INSTRUMENT_INDEX>
      <INSTRUMENT_TYPE>PUSHBROOM</INSTRUMENT_TYPE>
    </Instrument_Identification>
  </Strip_Identification>
  <Acquisition_Configuration>
    <Platform_Configuration>
      <Coordinate_Reference_System>
        <Temporal_CRS>
          <CRS_TABLES version="0.0">IERS</CRS_TABLES>
          <TEMPORAL_CRS_NAME>TAI</TEMPORAL_CRS_NAME>
        </Temporal_CRS>
      </Coordinate_Reference_System>
      <Ephemeris_Configuration>
        <NADIR_LAT unit="deg">41.5809561251785</NADIR_LAT>
        <NADIR_LON unit="deg">7.383438483643536</NADIR_LON>
        <ACQUISITION_ORBIT_NUMBER>74</ACQUISITION_ORBIT_NUMBER>
        <ACQUISITION_ORBIT_DIRECTION>DESCENDING</ACQUISITION_ORBIT_DIRECTION>
        <Sensors_In_Use>
          <DORIS>true</DORIS>
        </Sensors_In_Use>
      </Ephemeris_Configuration>
      <Attitudes_Configuration>
        <HYBRIDATION_FLAG>false</HYBRIDATION_FLAG>
        <ATTITUDE_TYPE>ACCURATE_ATTITUDE</ATTITUDE_TYPE>
        <Sensors_In_Use>
          <SST1>true</SST1>
          <SST2>true</SST2>
          <SST3>true</SST3>
          <FOG1>true</FOG1>
          <FOG2>true</FOG2>
          <FOG3>true</FOG3>
          <FOG4>true</FOG4>
          <TIME>2021-03-26T10:30:58.531250</TIME>
        </Sensors_In_Use>
      </Attitudes_Configuration>
    </Platform_Configuration>
    <Instrument_Configuration>
      <Coordinate_Reference_System>
        <Temporal_CRS>
          <CRS_TABLES version="0.0">IERS</CRS_TABLES>
          <TEMPORAL_CRS_NAME>TAI</TEMPORAL_CRS_NAME>
        </Temporal_CRS>
      </Coordinate_Reference_System>
      <Sensors_In_Use>
        <BAND_MODE>PX</BAND_MODE>
      </Sensors_In_Use>
      <Instrument_Configuration_List>
        <TDI_CONFIG>13 13 13 13 13</TDI_CONFIG>
        <Band_Configuration>
          <BAND_ID>P</BAND_ID>
          <COMPRESSION_RATIO>2.86</COMPRESSION_RATIO>
          <THEORETICAL_RESOLUTION unit="m">0.7</THEORETICAL_RESOLUTION>
          <Subswath_Configuration>
            <ARRAY_MODE>ABCDE</ARRAY_MODE>
          </Subswath_Configuration>
        </Band_Configuration>
        <Band_Configuration>
          <BAND_ID>B0</BAND_ID>
          <COMPRESSION_RATIO>3.33</COMPRESSION_RATIO>
          <THEORETICAL_RESOLUTION unit="m">2.8</THEORETICAL_RESOLUTION>
          <Subswath_Configuration>
            <ARRAY_MODE>ABCDE</ARRAY_MODE>
          </Subswath_Configuration>
        </Band_Configuration>
        <Band_Configuration>
          <BAND_ID>B1</BAND_ID>
          <COMPRESSION_RATIO>3.33</COMPRESSION_RATIO>
          <THEORETICAL_RESOLUTION unit="m">2.8</THEORETICAL_RESOLUTION>
          <Subswath_Configuration>
            <ARRAY_MODE>ABCDE</ARRAY_MODE>
          </Subswath_Configuration>
        </Band_Configuration>
        <Band_Configuration>
          <BAND_ID>B2</BAND_ID>
          <COMPRESSION_RATIO>3.33</COMPRESSION_RATIO>
          <THEORETICAL_RESOLUTION unit="m">2.8</THEORETICAL_RESOLUTION>
          <Subswath_Configuration>
            <ARRAY_MODE>ABCDE</ARRAY_MODE>
          </Subswath_Configuration>
        </Band_Configuration>
        <Band_Configuration>
          <BAND_ID>B3</BAND_ID>
          <COMPRESSION_RATIO>3.33</COMPRESSION_RATIO>
          <THEORETICAL_RESOLUTION unit="m">2.8</THEORETICAL_RESOLUTION>
          <Subswath_Configuration>
            <ARRAY_MODE>ABCDE</ARRAY_MODE>
          </Subswath_Configuration>
        </Band_Configuration>
      </Instrument_Configuration_List>
      <Time_Configuration>
        <Time_Range>
          <Coordinate_Reference_System>
            <Temporal_CRS>
              <CRS_TABLES version="0.0">ITU</CRS_TABLES>
              <TEMPORAL_CRS_NAME>UTC</TEMPORAL_CRS_NAME>
            </Temporal_CRS>
          </Coordinate_Reference_System>
          <START>2021-03-26T10:30:22.1807460Z</START>
          <END>2021-03-26T10:30:27.0832995Z</END>
        </Time_Range>
      </Time_Configuration>
    </Instrument_Configuration>
    <Quality_Assessment>
      <Ephemeris_Quality>
        <MEASURE_DESC>On ground ephemeris quality assessment after filtering</MEASURE_DESC>
        <Quality_Values>
          <EPHEMERIS_QUALITY>EXCELLENT</EPHEMERIS_QUALITY>
          <TRIODE_INDICATOR>10</TRIODE_INDICATOR>
        </Quality_Values>
      </Ephemeris_Quality>
      <Attitudes_Quality>
        <MEASURE_DESC>On ground attitudes quality assessment after filtering</MEASURE_DESC>
        <Quality_Values>
          <NB_OF_DEGRADED_AUX_DATA_8HZ>0</NB_OF_DEGRADED_AUX_DATA_8HZ>
          <NB_OF_DEGRADED_AUX_DATA_32HZ>0</NB_OF_DEGRADED_AUX_DATA_32HZ>
        </Quality_Values>
      </Attitudes_Quality>
      <Location_Quality>
        <MEASURE_DESC>On ground image performance assessment</MEASURE_DESC>
        <Quality_Values>
          <ABSOLUTE_LOCATION>12</ABSOLUTE_LOCATION>
          <PLANIMETRIC_STABILITY>5</PLANIMETRIC_STABILITY>
        </Quality_Values>
      </Location_Quality>
    </Quality_Assessment>
  </Acquisition_Configuration>
  <Telemetry_Configuration>
    <Telemetry>
      <COMPRESSION_RATIO_PAN>2.86</COMPRESSION_RATIO_PAN>
      <COMPRESSION_RATIO_MS>3.33</COMPRESSION_RATIO_MS>
    </Telemetry>
    <Receiving>
      <RECEIVING_STATION>FR1</RECEIVING_STATION>
      <ARCHIVING_CENTER>FR1</ARCHIVING_CENTER>
    </Receiving>
  </Telemetry_Configuration>
  <Raster_Data>
    <Full_Strip>
      <Raw_Raster>
        <PROCESSING_LEVEL>L1</PROCESSING_LEVEL>
        <Coordinate_Reference_System>
          <Temporal_CRS>
            <CRS_TABLES version="0.0">ITU</CRS_TABLES>
            <TEMPORAL_CRS_NAME>UTC</TEMPORAL_CRS_NAME>
          </Temporal_CRS>
        </Coordinate_Reference_System>
        <ARCHIVING_TIME>2021-03-26T11:15:47Z</ARCHIVING_TIME>
      </Raw_Raster>
    </Full_Strip>
    <Use_Area_List>
      <Use_Area>
        <Frame_Counters>
          <Band_Frame_List>
            <Band_Frame>
              <BAND_ID>P</BAND_ID>
              <Subswath_Frame_List>
                <Subswath_Frame>
                  <ARRAY_ID>D</ARRAY_ID>
                  <DATA_STRIP_START>1502</DATA_STRIP_START>
                  <NB_OF_SOURCE_FRAMES>1321</NB_OF_SOURCE_FRAMES>
                </Subswath_Frame>
                <Subswath_Frame>
                  <ARRAY_ID>C</ARRAY_ID>
                  <DATA_STRIP_START>1502</DATA_STRIP_START>
                  <NB_OF_SOURCE_FRAMES>1321</NB_OF_SOURCE_FRAMES>
                </Subswath_Frame>
                <Subswath_Frame>
                  <ARRAY_ID>B</ARRAY_ID>
                  <DATA_STRIP_START>1502</DATA_STRIP_START>
                  <NB_OF_SOURCE_FRAMES>1321</NB_OF_SOURCE_FRAMES>
                </Subswath_Frame>
                <Subswath_Frame>
                  <ARRAY_ID>A</ARRAY_ID>
                  <DATA_STRIP_START>1502</DATA_STRIP_START>
                  <NB_OF_SOURCE_FRAMES>1321</NB_OF_SOURCE_FRAMES>
                </Subswath_Frame>
              </Subswath_Frame_List>
            </Band_Frame>
            <Band_Frame>
              <BAND_ID>B0</BAND_ID>
              <Subswath_Frame_List>
                <Subswath_Frame>
                  <ARRAY_ID>D</ARRAY_ID>
                  <DATA_STRIP_START>404</DATA_STRIP_START>
                  <NB_OF_SOURCE_FRAMES>331</NB_OF_SOURCE_FRAMES>
                </Subswath_Frame>
                <Subswath_Frame>
                  <ARRAY_ID>C</ARRAY_ID>
                  <DATA_STRIP_START>404</DATA_STRIP_START>
                  <NB_OF_SOURCE_FRAMES>331</NB_OF_SOURCE_FRAMES>
                </Subswath_Frame>
                <Subswath_Frame>
                  <ARRAY_ID>B</ARRAY_ID>
                  <DATA_STRIP_START>404</DATA_STRIP_START>
                  <NB_OF_SOURCE_FRAMES>331</NB_OF_SOURCE_FRAMES>
                </Subswath_Frame>
                <Subswath_Frame>
                  <ARRAY_ID>A</ARRAY_ID>
                  <DATA_STRIP_START>404</DATA_STRIP_START>
                  <NB_OF_SOURCE_FRAMES>331</NB_OF_SOURCE_FRAMES>
                </Subswath_Frame>
              </Subswath_Frame_List>
            </Band_Frame>
            <Band_Frame>
              <BAND_ID>B1</BAND_ID>
              <Subswath_Frame_List>
                <Subswath_Frame>
                  <ARRAY_ID>D</ARRAY_ID>
                  <DATA_STRIP_START>403</DATA_STRIP_START>
                  <NB_OF_SOURCE_FRAMES>331</NB_OF_SOURCE_FRAMES>
                </Subswath_Frame>
                <Subswath_Frame>
                  <ARRAY_ID>C</ARRAY_ID>
                  <DATA_STRIP_START>403</DATA_STRIP_START>
                  <NB_OF_SOURCE_FRAMES>331</NB_OF_SOURCE_FRAMES>
                </Subswath_Frame>
                <Subswath_Frame>
                  <ARRAY_ID>B</ARRAY_ID>
                  <DATA_STRIP_START>403</DATA_STRIP_START>
                  <NB_OF_SOURCE_FRAMES>331</NB_OF_SOURCE_FRAMES>
                </Subswath_Frame>
                <Subswath_Frame>
                  <ARRAY_ID>A</ARRAY_ID>
                  <DATA_STRIP_START>403</DATA_STRIP_START>
                  <NB_OF_SOURCE_FRAMES>331</NB_OF_SOURCE_FRAMES>
                </Subswath_Frame>
              </Subswath_Frame_List>
            </Band_Frame>
            <Band_Frame>
              <BAND_ID>B2</BAND_ID>
              <Subswath_Frame_List>
                <Subswath_Frame>
                  <ARRAY_ID>D</ARRAY_ID>
                  <DATA_STRIP_START>406</DATA_STRIP_START>
                  <NB_OF_SOURCE_FRAMES>331</NB_OF_SOURCE_FRAMES>
                </Subswath_Frame>
                <Subswath_Frame>
                  <ARRAY_ID>C</ARRAY_ID>
                  <DATA_STRIP_START>406</DATA_STRIP_START>
                  <NB_OF_SOURCE_FRAMES>331</NB_OF_SOURCE_FRAMES>
                </Subswath_Frame>
                <Subswath_Frame>
                  <ARRAY_ID>B</ARRAY_ID>
                  <DATA_STRIP_START>406</DATA_STRIP_START>
                  <NB_OF_SOURCE_FRAMES>331</NB_OF_SOURCE_FRAMES>
                </Subswath_Frame>
                <Subswath_Frame>
                  <ARRAY_ID>A</ARRAY_ID>
                  <DATA_STRIP_START>406</DATA_STRIP_START>
                  <NB_OF_SOURCE_FRAMES>331</NB_OF_SOURCE_FRAMES>
                </Subswath_Frame>
              </Subswath_Frame_List>
            </Band_Frame>
            <Band_Frame>
              <BAND_ID>B3</BAND_ID>
              <Subswath_Frame_List>
                <Subswath_Frame>
                  <ARRAY_ID>D</ARRAY_ID>
                  <DATA_STRIP_START>405</DATA_STRIP_START>
                  <NB_OF_SOURCE_FRAMES>331</NB_OF_SOURCE_FRAMES>
                </Subswath_Frame>
                <Subswath_Frame>
                  <ARRAY_ID>C</ARRAY_ID>
                  <DATA_STRIP_START>405</DATA_STRIP_START>
                  <NB_OF_SOURCE_FRAMES>331</NB_OF_SOURCE_FRAMES>
                </Subswath_Frame>
                <Subswath_Frame>
                  <ARRAY_ID>B</ARRAY_ID>
                  <DATA_STRIP_START>405</DATA_STRIP_START>
                  <NB_OF_SOURCE_FRAMES>331</NB_OF_SOURCE_FRAMES>
                </Subswath_Frame>
                <Subswath_Frame>
                  <ARRAY_ID>A</ARRAY_ID>
                  <DATA_STRIP_START>405</DATA_STRIP_START>
                  <NB_OF_SOURCE_FRAMES>331</NB_OF_SOURCE_FRAMES>
                </Subswath_Frame>
              </Subswath_Frame_List>
            </Band_Frame>
          </Band_Frame_List>
        </Frame_Counters>
        <Coordinates_Counters>
          <Band_Coordinates_List>
            <Band_Coordinates>
              <BAND_ID>P</BAND_ID>
              <Subswath_Coordinates_List>
                <Subswath_Coordinates>
                  <SUBSWATH_NUMBER>2</SUBSWATH_NUMBER>
                  <ARRAY_ID>D</ARRAY_ID>
                  <FIRST_ROW>23969</FIRST_ROW>
                  <FIRST_COL>1</FIRST_COL>
                  <FIRST_COL_IN_THE_IMAGE_LINE>5985</FIRST_COL_IN_THE_IMAGE_LINE>
                </Subswath_Coordinates>
                <Subswath_Coordinates>
                  <SUBSWATH_NUMBER>3</SUBSWATH_NUMBER>
                  <ARRAY_ID>C</ARRAY_ID>
                  <FIRST_ROW>23969</FIRST_ROW>
                  <FIRST_COL>1</FIRST_COL>
                  <FIRST_COL_IN_THE_IMAGE_LINE>11969</FIRST_COL_IN_THE_IMAGE_LINE>
                </Subswath_Coordinates>
                <Subswath_Coordinates>
                  <SUBSWATH_NUMBER>4</SUBSWATH_NUMBER>
                  <ARRAY_ID>B</ARRAY_ID>
                  <FIRST_ROW>23969</FIRST_ROW>
                  <FIRST_COL>1</FIRST_COL>
                  <FIRST_COL_IN_THE_IMAGE_LINE>17953</FIRST_COL_IN_THE_IMAGE_LINE>
                </Subswath_Coordinates>
                <Subswath_Coordinates>
                  <SUBSWATH_NUMBER>5</SUBSWATH_NUMBER>
                  <ARRAY_ID>A</ARRAY_ID>
                  <FIRST_ROW>23969</FIRST_ROW>
                  <FIRST_COL>1</FIRST_COL>
                  <FIRST_COL_IN_THE_IMAGE_LINE>23937</FIRST_COL_IN_THE_IMAGE_LINE>
                </Subswath_Coordinates>
              </Subswath_Coordinates_List>
            </Band_Coordinates>
            <Band_Coordinates>
              <BAND_ID>B0</BAND_ID>
              <Subswath_Coordinates_List>
                <Subswath_Coordinates>
                  <SUBSWATH_NUMBER>2</SUBSWATH_NUMBER>
                  <ARRAY_ID>D</ARRAY_ID>
                  <FIRST_ROW>6033</FIRST_ROW>
                  <FIRST_COL>1</FIRST_COL>
                  <FIRST_COL_IN_THE_IMAGE_LINE>1497</FIRST_COL_IN_THE_IMAGE_LINE>
                </Subswath_Coordinates>
                <Subswath_Coordinates>
                  <SUBSWATH_NUMBER>3</SUBSWATH_NUMBER>
                  <ARRAY_ID>C</ARRAY_ID>
                  <FIRST_ROW>6033</FIRST_ROW>
                  <FIRST_COL>1</FIRST_COL>
                  <FIRST_COL_IN_THE_IMAGE_LINE>2993</FIRST_COL_IN_THE_IMAGE_LINE>
                </Subswath_Coordinates>
                <Subswath_Coordinates>
                  <SUBSWATH_NUMBER>4</SUBSWATH_NUMBER>
                  <ARRAY_ID>B</ARRAY_ID>
                  <FIRST_ROW>6033</FIRST_ROW>
                  <FIRST_COL>1</FIRST_COL>
                  <FIRST_COL_IN_THE_IMAGE_LINE>4489</FIRST_COL_IN_THE_IMAGE_LINE>
                </Subswath_Coordinates>
                <Subswath_Coordinates>
                  <SUBSWATH_NUMBER>5</SUBSWATH_NUMBER>
                  <ARRAY_ID>A</ARRAY_ID>
                  <FIRST_ROW>6033</FIRST_ROW>
                  <FIRST_COL>1</FIRST_COL>
                  <FIRST_COL_IN_THE_IMAGE_LINE>5985</FIRST_COL_IN_THE_IMAGE_LINE>
                </Subswath_Coordinates>
              </Subswath_Coordinates_List>
            </Band_Coordinates>
            <Band_Coordinates>
              <BAND_ID>B1</BAND_ID>
              <Subswath_Coordinates_List>
                <Subswath_Coordinates>
                  <SUBSWATH_NUMBER>2</SUBSWATH_NUMBER>
                  <ARRAY_ID>D</ARRAY_ID>
                  <FIRST_ROW>6033</FIRST_ROW>
                  <FIRST_COL>1</FIRST_COL>
                  <FIRST_COL_IN_THE_IMAGE_LINE>1497</FIRST_COL_IN_THE_IMAGE_LINE>
                </Subswath_Coordinates>
                <Subswath_Coordinates>
                  <SUBSWATH_NUMBER>3</SUBSWATH_NUMBER>
                  <ARRAY_ID>C</ARRAY_ID>
                  <FIRST_ROW>6033</FIRST_ROW>
                  <FIRST_COL>1</FIRST_COL>
                  <FIRST_COL_IN_THE_IMAGE_LINE>2993</FIRST_COL_IN_THE_IMAGE_LINE>
                </Subswath_Coordinates>
                <Subswath_Coordinates>
                  <SUBSWATH_NUMBER>4</SUBSWATH_NUMBER>
                  <ARRAY_ID>B</ARRAY_ID>
                  <FIRST_ROW>6033</FIRST_ROW>
                  <FIRST_COL>1</FIRST_COL>
                  <FIRST_COL_IN_THE_IMAGE_LINE>4489</FIRST_COL_IN_THE_IMAGE_LINE>
                </Subswath_Coordinates>
                <Subswath_Coordinates>
                  <SUBSWATH_NUMBER>5</SUBSWATH_NUMBER>
                  <ARRAY_ID>A</ARRAY_ID>
                  <FIRST_ROW>6033</FIRST_ROW>
                  <FIRST_COL>1</FIRST_COL>
                  <FIRST_COL_IN_THE_IMAGE_LINE>5985</FIRST_COL_IN_THE_IMAGE_LINE>
                </Subswath_Coordinates>
              </Subswath_Coordinates_List>
            </Band_Coordinates>
            <Band_Coordinates>
              <BAND_ID>B2</BAND_ID>
              <Subswath_Coordinates_List>
                <Subswath_Coordinates>
                  <SUBSWATH_NUMBER>2</SUBSWATH_NUMBER>
                  <ARRAY_ID>D</ARRAY_ID>
                  <FIRST_ROW>6033</FIRST_ROW>
                  <FIRST_COL>1</FIRST_COL>
                  <FIRST_COL_IN_THE_IMAGE_LINE>1497</FIRST_COL_IN_THE_IMAGE_LINE>
                </Subswath_Coordinates>
                <Subswath_Coordinates>
                  <SUBSWATH_NUMBER>3</SUBSWATH_NUMBER>
                  <ARRAY_ID>C</ARRAY_ID>
                  <FIRST_ROW>6033</FIRST_ROW>
                  <FIRST_COL>1</FIRST_COL>
                  <FIRST_COL_IN_THE_IMAGE_LINE>2993</FIRST_COL_IN_THE_IMAGE_LINE>
                </Subswath_Coordinates>
                <Subswath_Coordinates>
                  <SUBSWATH_NUMBER>4</SUBSWATH_NUMBER>
                  <ARRAY_ID>B</ARRAY_ID>
                  <FIRST_ROW>6033</FIRST_ROW>
                  <FIRST_COL>1</FIRST_COL>
                  <FIRST_COL_IN_THE_IMAGE_LINE>4489</FIRST_COL_IN_THE_IMAGE_LINE>
                </Subswath_Coordinates>
                <Subswath_Coordinates>
                  <SUBSWATH_NUMBER>5</SUBSWATH_NUMBER>
                  <ARRAY_ID>A</ARRAY_ID>
                  <FIRST_ROW>6033</FIRST_ROW>
                  <FIRST_COL>1</FIRST_COL>
                  <FIRST_COL_IN_THE_IMAGE_LINE>5985</FIRST_COL_IN_THE_IMAGE_LINE>
                </Subswath_Coordinates>
              </Subswath_Coordinates_List>
            </Band_Coordinates>
            <Band_Coordinates>
              <BAND_ID>B3</BAND_ID>
              <Subswath_Coordinates_List>
                <Subswath_Coordinates>
                  <SUBSWATH_NUMBER>2</SUBSWATH_NUMBER>
                  <ARRAY_ID>D</ARRAY_ID>
                  <FIRST_ROW>6033</FIRST_ROW>
                  <FIRST_COL>1</FIRST_COL>
                  <FIRST_COL_IN_THE_IMAGE_LINE>1497</FIRST_COL_IN_THE_IMAGE_LINE>
                </Subswath_Coordinates>
                <Subswath_Coordinates>
                  <SUBSWATH_NUMBER>3</SUBSWATH_NUMBER>
                  <ARRAY_ID>C</ARRAY_ID>
                  <FIRST_ROW>6033</FIRST_ROW>
                  <FIRST_COL>1</FIRST_COL>
                  <FIRST_COL_IN_THE_IMAGE_LINE>2993</FIRST_COL_IN_THE_IMAGE_LINE>
                </Subswath_Coordinates>
                <Subswath_Coordinates>
                  <SUBSWATH_NUMBER>4</SUBSWATH_NUMBER>
                  <ARRAY_ID>B</ARRAY_ID>
                  <FIRST_ROW>6033</FIRST_ROW>
                  <FIRST_COL>1</FIRST_COL>
                  <FIRST_COL_IN_THE_IMAGE_LINE>4489</FIRST_COL_IN_THE_IMAGE_LINE>
                </Subswath_Coordinates>
                <Subswath_Coordinates>
                  <SUBSWATH_NUMBER>5</SUBSWATH_NUMBER>
                  <ARRAY_ID>A</ARRAY_ID>
                  <FIRST_ROW>6033</FIRST_ROW>
                  <FIRST_COL>1</FIRST_COL>
                  <FIRST_COL_IN_THE_IMAGE_LINE>5985</FIRST_COL_IN_THE_IMAGE_LINE>
                </Subswath_Coordinates>
              </Subswath_Coordinates_List>
            </Band_Coordinates>
          </Band_Coordinates_List>
        </Coordinates_Counters>
      </Use_Area>
    </Use_Area_List>
  </Raster_Data>
  <Radiometric_Data>
    <Full_Strip>
      <Raw_Radiometry>
        <PROCESSING_LEVEL>L1</PROCESSING_LEVEL>
      </Raw_Radiometry>
    </Full_Strip>
  </Radiometric_Data>
  <Geometric_Data>
    <Full_Strip>
      <GEOMETRIC_MODEL>RAW</GEOMETRIC_MODEL>
      <Raw_Model>
        <PROCESSING_LEVEL>ARCHIVE</PROCESSING_LEVEL>
        <Time_Range>
          <Coordinate_Reference_System>
            <Temporal_CRS>
              <CRS_TABLES version="0.0">ITU</CRS_TABLES>
              <TEMPORAL_CRS_NAME>UTC</TEMPORAL_CRS_NAME>
            </Temporal_CRS>
          </Coordinate_Reference_System>
          <START>2021-03-26T10:30:22.1807460Z</START>
          <END>2021-03-26T10:30:27.0832995Z</END>
        </Time_Range>
      </Raw_Model>
    </Full_Strip>
  </Geometric_Data>
  <Catalog>
    <Coordinate_Reference_System>
      <Geodetic_CRS>
        <GEODETIC_CRS_TYPE>GEOGRAPHIC2D</GEODETIC_CRS_TYPE>
        <GEODETIC_CRS_NAME>WGS 1984</GEODETIC_CRS_NAME>
        <GEODETIC_CRS_CODE>urn:ogc:def:crs:EPSG::4326</GEODETIC_CRS_CODE>
      </Geodetic_CRS>
      <Temporal_CRS>
        <CRS_TABLES version="0.0">ITU</CRS_TABLES>
        <TEMPORAL_CRS_NAME>UTC</TEMPORAL_CRS_NAME>
      </Temporal_CRS>
    </Coordinate_Reference_System>
    <Full_Strip>
      <PROCESSING_LEVEL>ARCHIVE</PROCESSING_LEVEL>
      <Album_Footprint>
        <Vertex>
          <LON>9.036376789497583</LON>
          <LAT>41.33299842465111</LAT>
          <COL>1</COL>
          <ROW>1420</ROW>
        </Vertex>
        <Vertex>
          <LON>9.036909466512604</LON>
          <LAT>41.47742054042914</LAT>
          <COL>1</COL>
          <ROW>716</ROW>
        </Vertex>
        <Vertex>
          <LON>9.036810080462674</LON>
          <LAT>41.50448556591336</LAT>
          <COL>1</COL>
          <ROW>584</ROW>
        </Vertex>
        <Vertex>
          <LON>9.035682034354977</LON>
          <LAT>41.54066842894626</LAT>
          <COL>1</COL>
          <ROW>408</ROW>
        </Vertex>
        <Vertex>
          <LON>9.03573670681034</LON>
          <LAT>41.56770274177443</LAT>
          <COL>1</COL>
          <ROW>276</ROW>
        </Vertex>
        <Vertex>
          <LON>9.035587917477123</LON>
          <LAT>41.57672866564138</LAT>
          <COL>1</COL>
          <ROW>232</ROW>
        </Vertex>
        <Vertex>
          <LON>9.036021193247194</LON>
          <LAT>41.58569078088936</LAT>
          <COL>1</COL>
          <ROW>188</ROW>
        </Vertex>
        <Vertex>
          <LON>9.03626561762361</LON>
          <LAT>41.59467211593971</LAT>
          <COL>1</COL>
          <ROW>144</ROW>
        </Vertex>
        <Vertex>
          <LON>9.036313637265767</LON>
          <LAT>41.60367344614031</LAT>
          <COL>1</COL>
          <ROW>100</ROW>
        </Vertex>
        <Vertex>
          <LON>9.036107992860895</LON>
          <LAT>41.61270140711337</LAT>
          <COL>1</COL>
          <ROW>56</ROW>
        </Vertex>
        <Vertex>
          <LON>9.035592876035375</LON>
          <LAT>41.62401272120344</LAT>
          <COL>1</COL>
          <ROW>1</ROW>
        </Vertex>
        <Vertex>
          <LON>9.144236368359186</LON>
          <LAT>41.62467134558187</LAT>
          <COL>397</COL>
          <ROW>1</ROW>
        </Vertex>
        <Vertex>
          <LON>9.288028048322305</LON>
          <LAT>41.62346107012655</LAT>
          <COL>903</COL>
          <ROW>1</ROW>
        </Vertex>
        <Vertex>
          <LON>9.288286485354298</LON>
          <LAT>41.33057613731722</LAT>
          <COL>903</COL>
          <ROW>1420</ROW>
        </Vertex>
        <Vertex>
          <LON>9.12769754432802</LON>
          <LAT>41.3328352087232</LAT>
          <COL>331</COL>
          <ROW>1420</ROW>
        </Vertex>
      </Album_Footprint>
    </Full_Strip>
  </Catalog>
  <Programming>
    <Coupling_Information>
      <PROGRAMMING_REQUEST_ID>PR_FC_311990_1</PROGRAMMING_REQUEST_ID>
      <COUPLING_MODE>NONE</COUPLING_MODE>
    </Coupling_Information>
    <Coupling_Information>
      <PROGRAMMING_REQUEST_ID>PR_FC_311990_1</PROGRAMMING_REQUEST_ID>
      <COUPLING_MODE>NONE</COUPLING_MODE>
    </Coupling_Information>
  </Programming>
</Dimap_Document>
