<?xml version="1.0" encoding="UTF-8" standalone="yes"?>
<?xml-stylesheet href="LIBRARY/STYLE.XSL" type="text/xsl"?><Dimap_Document>
  <Metadata_Identification>
    <METADATA_FORMAT version="2.15">DIMAP</METADATA_FORMAT>
    <METADATA_PROFILE>PHR_SENSOR</METADATA_PROFILE>
    <METADATA_SUBPROFILE>PRODUCT</METADATA_SUBPROFILE>
    <METADATA_LANGUAGE>en</METADATA_LANGUAGE>
  </Metadata_Identification>
  <Dataset_Identification>
    <DATASET_TYPE>RASTER_SENSOR</DATASET_TYPE>
    <DATASET_NAME version="1.0">DS_PHR1A_202110121129509_FR1_PX_W004N47_0618_02560</DATASET_NAME>
    <DATASET_TN_PATH href="ICON_PHR1A_MS_202110121130279_SEN_6007230201-2.JPG"/>
    <DATASET_TN_FORMAT>image/jpeg</DATASET_TN_FORMAT>
    <DATASET_QL_PATH href="PREVIEW_PHR1A_MS_202110121130279_SEN_6007230201-2.JPG"/>
    <DATASET_QL_FORMAT>image/jpeg</DATASET_QL_FORMAT>
    <Legal_Constraints>
      <COPYRIGHT>©CNES_2021, distribution AIRBUS DS, France, all rights reserved</COPYRIGHT>
    </Legal_Constraints>
  </Dataset_Identification>
  <Dataset_Content>
    <SURFACE_AREA unit="square km">175.425</SURFACE_AREA>
    <CLOUD_COVERAGE unit="percent">0.05</CLOUD_COVERAGE>
    <Dataset_Components>
      <Component>
        <COMPONENT_TITLE>Processing</COMPONENT_TITLE>
        <COMPONENT_CONTENT>Lineage Information</COMPONENT_CONTENT>
        <COMPONENT_TYPE>DIMAP</COMPONENT_TYPE>
        <COMPONENT_PATH href="LINEAGE/PROCESSING_PHR1A_MS_202110121130279_SEN_6007230201-2_DIM.XML"/>
      </Component>
      <Component>
        <COMPONENT_TITLE>Strip Source</COMPONENT_TITLE>
        <COMPONENT_CONTENT>Lineage Information</COMPONENT_CONTENT>
        <COMPONENT_TYPE>DIMAP</COMPONENT_TYPE>
        <COMPONENT_PATH href="LINEAGE/STRIP_DS_PHR1A_202110121130279_FR1_PX_W004N47_0618_02618_DIM.XML"/>
      </Component>
      <Component>
        <COMPONENT_TITLE>RPC Model</COMPONENT_TITLE>
        <COMPONENT_CONTENT>Geoposition Model</COMPONENT_CONTENT>
        <COMPONENT_TYPE>DIMAP</COMPONENT_TYPE>
        <COMPONENT_PATH href="RPC_PHR1A_MS_202110121130279_SEN_6007230201-2.XML"/>
      </Component>
      <Component>
        <COMPONENT_TITLE>Source for Ground reset</COMPONENT_TITLE>
        <COMPONENT_CONTENT>Lineage Information</COMPONENT_CONTENT>
        <COMPONENT_TYPE>DIMAP</COMPONENT_TYPE>
        <COMPONENT_PATH href="LINEAGE/GROUND_R3D_OR_SPOTView_N47W004_DIM.XML"/>
      </Component>
    </Dataset_Components>
    <Dataset_Extent>
      <EXTENT_TYPE>Bounding_Polygon</EXTENT_TYPE>
      <Vertex>
        <LON>-3.549755767006946</LON>
        <LAT>47.87102387542745</LAT>
        <COL>1</COL>
        <ROW>1</ROW>
      </Vertex>
      <Vertex>
        <LON>-3.434352735342125</LON>
        <LAT>47.87152180485882</LAT>
        <COL>4058</COL>
        <ROW>1</ROW>
      </Vertex>
      <Vertex>
        <LON>-3.434191667713067</LON>
        <LAT>47.60866249474523</LAT>
        <COL>4058</COL>
        <ROW>14276</ROW>
      </Vertex>
      <Vertex>
        <LON>-3.549751082977754</LON>
        <LAT>47.60894072143217</LAT>
        <COL>1</COL>
        <ROW>14276</ROW>
      </Vertex>
      <Center>
        <LON>-3.492012813259973</LON>
        <LAT>47.74003722411592</LAT>
        <COL>2030</COL>
        <ROW>7139</ROW>
      </Center>
    </Dataset_Extent>
  </Dataset_Content>
  <Product_Information>
    <Producer_Information>
      <PRODUCER_NAME>AIRBUS DS GEO</PRODUCER_NAME>
      <PRODUCER_URL href="http://www.geo-airbusds.com"/>
      <PRODUCER_CONTACT>contact@geo-airbus.com</PRODUCER_CONTACT>
      <PRODUCER_ADDRESS>5 rue des Satellites - BP 14359 - F 31030 Toulouse Cedex 4 - France</PRODUCER_ADDRESS>
    </Producer_Information>
    <Delivery_Identification>
      <PRODUCTION_DATE>2021-10-13T05:58:05.894</PRODUCTION_DATE>
      <JOB_ID>6007230201-2</JOB_ID>
      <PRODUCT_CODE>PLEIADES</PRODUCT_CODE>
      <DELIVERY_TYPE>NETWORK</DELIVERY_TYPE>
      <Order_Identification>
        <CUSTOMER_REFERENCE>C100036</CUSTOMER_REFERENCE>
        <INTERNAL_REFERENCE>PHR_PRO_6007230201_20211013055018612_1_2</INTERNAL_REFERENCE>
        <COMMERCIAL_REFERENCE>SO21049073</COMMERCIAL_REFERENCE>
        <COMMERCIAL_ITEM>5</COMMERCIAL_ITEM>
      </Order_Identification>
    </Delivery_Identification>
  </Product_Information>
  <Coordinate_Reference_System>
    <Geodetic_CRS>
      <CRS_TABLES version="6.3">EPSG</CRS_TABLES>
      <GEODETIC_CRS_TYPE>GEOGRAPHIC2D</GEODETIC_CRS_TYPE>
      <GEODETIC_CRS_NAME>WGS84</GEODETIC_CRS_NAME>
      <GEODETIC_CRS_CODE>urn:ogc:def:crs:EPSG::4326</GEODETIC_CRS_CODE>
    </Geodetic_CRS>
    <Temporal_CRS>
      <CRS_TABLES version="0.0">ITU</CRS_TABLES>
      <TEMPORAL_CRS_NAME>UTC</TEMPORAL_CRS_NAME>
    </Temporal_CRS>
  </Coordinate_Reference_System>
  <Geoposition>
    <Raster_CRS>
      <RASTER_GEOMETRY>SENSOR</RASTER_GEOMETRY>
      <PIXEL_ORIENTATION>CENTER</PIXEL_ORIENTATION>
      <PIXEL_CRS_TYPE>POINT</PIXEL_CRS_TYPE>
      <PIXEL_ORIGIN>1</PIXEL_ORIGIN>
    </Raster_CRS>
    <Geoposition_Models>
      <Rational_Function_Model>
        <Component>
          <COMPONENT_TITLE>RPC Model</COMPONENT_TITLE>
          <COMPONENT_CONTENT>Geoposition Model</COMPONENT_CONTENT>
          <COMPONENT_TYPE>DIMAP</COMPONENT_TYPE>
          <COMPONENT_PATH href="RPC_PHR1A_MS_202110121130279_SEN_6007230201-2.XML"/>
        </Component>
      </Rational_Function_Model>
    </Geoposition_Models>
  </Geoposition>
  <Processing_Information>
    <Production_Facility>
      <SOFTWARE version="V2.9">DRS-MM V2.9</SOFTWARE>
      <PROCESSING_CENTER>FCMUGC</PROCESSING_CENTER>
      <PROCESSING_PLACE>FCMUGC</PROCESSING_PLACE>
    </Production_Facility>
    <Product_Settings>
      <PROCESSING_LEVEL>SENSOR</PROCESSING_LEVEL>
      <SPECTRAL_PROCESSING>MS</SPECTRAL_PROCESSING>
      <Geometric_Settings>
        <GEOMETRIC_PROCESSING>SENSOR</GEOMETRIC_PROCESSING>
        <EPHEMERIS_USED>CORRECTED</EPHEMERIS_USED>
        <ATTITUDES_USED>ACCURATE</ATTITUDES_USED>
        <GROUND_SETTING>true</GROUND_SETTING>
        <GROUND_DESC>R3D_ORTHO</GROUND_DESC>
        <VERTICAL_SETTING>false</VERTICAL_SETTING>
      </Geometric_Settings>
      <Radiometric_Settings>
        <RADIOMETRIC_PROCESSING>BASIC</RADIOMETRIC_PROCESSING>
        <INTER_DETECTOR_NORMALIZATION>false</INTER_DETECTOR_NORMALIZATION>
        <DETECTORS_INTERPOLATION>true</DETECTORS_INTERPOLATION>
        <STRAYLIGHT_CORRECTION>false</STRAYLIGHT_CORRECTION>
        <VCTI_CORRECTION>false</VCTI_CORRECTION>
        <INTER_ARRAY_RECONSTRUCTION>true</INTER_ARRAY_RECONSTRUCTION>
        <RADIOMETRIC_STRETCH>false</RADIOMETRIC_STRETCH>
        <OUT_OF_ORDER_THRESHOLD>0.5</OUT_OF_ORDER_THRESHOLD>
      </Radiometric_Settings>
      <Sampling_Settings>
        <RESAMPLING_SPACING unit="m">2</RESAMPLING_SPACING>
        <RESAMPLING_KERNEL>SPLINE</RESAMPLING_KERNEL>
      </Sampling_Settings>
      <MTF_Settings>
        <PAN_RESTORATION>true</PAN_RESTORATION>
        <MS_RESTORATION>false</MS_RESTORATION>
      </MTF_Settings>
    </Product_Settings>
    <Processing_Lineage>
      <Component>
        <COMPONENT_TITLE>Processing</COMPONENT_TITLE>
        <COMPONENT_CONTENT>Lineage Information</COMPONENT_CONTENT>
        <COMPONENT_TYPE>DIMAP</COMPONENT_TYPE>
        <COMPONENT_PATH href="LINEAGE/PROCESSING_PHR1A_MS_202110121130279_SEN_6007230201-2_DIM.XML"/>
      </Component>
    </Processing_Lineage>
  </Processing_Information>
  <Raster_Data>
    <Data_Access>
      <DATA_FILE_ORGANISATION>BAND_COMPOSITE</DATA_FILE_ORGANISATION>
      <DATA_FILE_FORMAT>image/jp2</DATA_FILE_FORMAT>
      <DATA_FILE_TILES>true</DATA_FILE_TILES>
      <Data_Files>
        <Data_File tile_R="1" tile_C="1">
          <DATA_FILE_PATH href="IMG_PHR1A_MS_202110121130279_SEN_6007230201-2_R1C1.JP2"/>
        </Data_File>
        <Data_File tile_R="2" tile_C="1">
          <DATA_FILE_PATH href="IMG_PHR1A_MS_202110121130279_SEN_6007230201-2_R2C1.JP2"/>
        </Data_File>
      </Data_Files>
    </Data_Access>
    <Raster_Dimensions>
      <NROWS>14276</NROWS>
      <NCOLS>4058</NCOLS>
      <NBANDS>4</NBANDS>
      <Tile_Set>
        <NTILES>2</NTILES>
        <Regular_Tiling>
          <NTILES_SIZE nrows="12800" ncols="4058"/>
          <NTILES_COUNT ntiles_R="2" ntiles_C="1"/>
          <OVERLAP_ROW>0.0</OVERLAP_ROW>
          <OVERLAP_COL>0.0</OVERLAP_COL>
        </Regular_Tiling>
      </Tile_Set>
    </Raster_Dimensions>
    <Raster_Encoding>
      <DATA_TYPE>INTEGER</DATA_TYPE>
      <NBITS>16</NBITS>
      <SIGN>UNSIGNED</SIGN>
      <COMPRESSION_TYPE>LOSSLESS</COMPRESSION_TYPE>
    </Raster_Encoding>
    <Raster_Display>
      <Band_Display_Order>
        <RED_CHANNEL>B2</RED_CHANNEL>
        <GREEN_CHANNEL>B1</GREEN_CHANNEL>
        <BLUE_CHANNEL>B0</BLUE_CHANNEL>
        <ALPHA_CHANNEL>B3</ALPHA_CHANNEL>
      </Band_Display_Order>
      <Special_Value>
        <SPECIAL_VALUE_TEXT>NODATA</SPECIAL_VALUE_TEXT>
        <SPECIAL_VALUE_COUNT>0</SPECIAL_VALUE_COUNT>
      </Special_Value>
      <Special_Value>
        <SPECIAL_VALUE_TEXT>SATURATED</SPECIAL_VALUE_TEXT>
        <SPECIAL_VALUE_COUNT>4095</SPECIAL_VALUE_COUNT>
      </Special_Value>
    </Raster_Display>
  </Raster_Data>
  <Radiometric_Data>
    <Dynamic_Range>
      <ACQUISITION_RANGE>12</ACQUISITION_RANGE>
      <PRODUCT_RANGE>12</PRODUCT_RANGE>
    </Dynamic_Range>
    <Histogram_Band_List>
      <Histogram_Band>
        <BAND_ID>B0</BAND_ID>
        <VALUES>0 0 0 0 0 0 0 0 0 0 0 0 0 0 0 0 0 0 0 0 0 0 0 0 0 0 0 0 0 0 0 0 0 0 0 0 0 0 0 0 0 0 0 0 0 0 0 0 0 0 0 0 0 0 0 0 0 0 0 0 0 0 0 0 0 0 0 0 0 0 0 0 0 0 0 0 0 0 0 0 0 0 0 0 0 0 0 0 0 0 0 0 0 0 0 0 0 0 0 0 0 0 0 0 0 0 0 0 0 0 0 0 0 0 0 0 0 0 0 0 0 0 0 0 0 0 0 0 0 0 0 0 0 0 0 0 0 0 0 0 0 0 0 0 0 0 0 0 0 0 0 0 0 0 0 0 0 0 0 0 0 0 0 0 0 0 0 0 0 0 0 0 0 1 0 0 0 0 0 0 0 0 0 0 0 0 0 1 0 0 0 1 0 1 0 0 0 0 0 0 0 1 0 0 0 0 0 0 0 0 0 0 1 0 0 0 2 0 1 0 0 0 0 2 0 0 1 0 0 1 1 0 1 0 1 0 0 0 1 2 1 0 0 1 2 3 1 1 0 1 1 3 5 4 7 7 13 13 29 39 36 78 100 126 195 266 383 499 660 843 1184 1508 2148 2824 3963 5628 7657 10004 13417 17672 22702 28530 36422 46010 57193 70590 86006 106685 131427 155270 180885 219523 273813 363201 466257 522218 532390 505452 455513 419202 410283 422141 457449 490546 481212 451312 442847 454245 463232 460120 448993 445965 469167 507532 551019 581055 579405 541357 488372 443123 408607 385759 372983 360661 346853 337536 334098 332213 332776 330724 330013 332227 331411 331191 331499 332064 332259 332860 334050 333909 335059 336182 336791 339897 344405 349971 353047 356470 357347 358900 362065 363256 363385 361317 360215 357393 352971 349096 343604 337464 331214 323116 312592 304383 295658 287270 280410 271717 263006 255405 249882 243980 237264 228679 221598 214357 207521 198330 188369 181080 176760 169959 161922 156792 151337 146321 143874 140658 135079 132118 127931 123048 120048 115548 112991 110523 106980 103154 101041 98240 95833 93073 89616 88208 86554 85056 83204 81467 78549 76820 74974 73261 71385 69093 67154 65549 64345 62377 60516 58704 57266 55814 53979 52549 50453 48543 47365 45923 43994 42052 40444 38938 37830 36752 35726 34398 33441 32402 31534 30809 29974 29513 28985 28389 27616 27207 26456 25808 25362 24854 24463 23976 23531 22962 22282 21808 20877 20372 19940 19269 19357 18806 18853 18647 18273 17513 17651 17355 17247 17028 16670 16406 16185 15806 15444 15207 14957 14677 14079 14182 13912 13632 13514 13147 13009 12974 12590 12354 12075 12040 11782 11884 11813 11632 11374 11131 10858 10543 10576 10537 10315 10052 10054 9799 9873 9803 9591 9382 9282 9233 9038 8780 9034 8616 8456 8209 8153 7957 7995 7907 7607 7582 7351 7237 7322 7000 6970 6942 6789 6669 6625 6517 6524 6319 6310 6231 6073 6079 5737 5793 5659 5713 5715 5651 5532 5533 5662 5480 5312 5305 5405 5217 5211 4988 5142 5063 4927 4886 4852 4734 4640 4652 4585 4633 4584 4474 4492 4413 4407 4326 4242 4066 4166 4198 4059 4108 4081 4171 3931 3759 3779 3730 3653 3562 3484 3496 3461 3349 3353 3286 3379 3181 3091 3067 3065 3078 3104 3010 3003 2935 2925 2906 2849 2829 2760 2845 2868 2824 2761 2751 2675 2651 2634 2630 2492 2578 2484 2513 2498 2396 2452 2405 2392 2404 2468 2334 2351 2443 2270 2246 2242 2220 2181 2223 2197 2122 2205 2117 2099 2051 2014 1989 2056 1999 1987 1929 1985 1929 2012 1935 1964 1821 1814 1802 1866 1830 1779 1680 1710 1610 1641 1598 1556 1586 1587 1602 1542 1488 1441 1406 1463 1415 1437 1341 1372 1320 1335 1299 1282 1313 1314 1238 1258 1230 1249 1131 1240 1226 1219 1158 1174 1163 1156 1171 1148 1155 1052 1130 1089 1157 1113 1095 1091 1110 1039 1120 1061 989 994 1022 986 988 974 1024 935 978 1005 1001 947 964 898 878 918 920 922 891 927 950 949 867 879 883 896 863 869 837 891 850 859 839 855 853 847 847 798 829 818 807 817 798 747 756 792 793 800 758 748 755 754 753 764 727 753 761 695 755 735 755 686 681 718 667 694 691 702 685 693 682 670 677 694 673 640 698 675 653 638 654 731 665 658 651 685 680 649 583 639 624 592 603 630 673 636 664 596 627 638 598 618 603 562 623 610 620 593 601 577 603 539 548 597 574 569 544 557 580 508 528 511 514 541 545 510 525 519 504 508 498 515 492 498 510 511 491 501 460 502 475 512 451 466 479 526 447 451 442 475 435 435 458 439 429 480 485 462 448 414 453 438 412 427 477 436 453 454 465 456 453 426 415 419 396 410 408 397 430 432 408 409 383 399 381 402 374 371 349 393 402 378 355 364 383 370 326 364 353 367 370 338 339 358 352 336 333 329 361 336 353 320 310 330 315 300 299 331 326 304 305 311 274 308 276 308 300 290 285 302 295 284 291 255 302 274 272 287 243 274 294 265 267 276 277 282 265 281 260 271 286 234 264 265 240 245 275 260 239 199 244 199 212 211 244 206 207 217 223 226 210 221 220 208 217 233 205 199 189 200 192 220 189 232 203 218 202 196 197 210 207 179 182 180 206 190 188 189 193 175 162 175 178 180 193 158 187 173 175 147 161 158 173 169 154 165 167 160 157 170 148 171 167 147 137 151 156 158 165 142 130 156 146 137 148 134 120 121 133 137 133 125 121 153 127 140 119 137 110 116 111 132 134 111 118 123 131 104 112 127 122 115 105 104 113 106 112 102 119 113 107 118 101 116 105 92 86 82 103 101 85 97 93 111 113 84 98 82 89 106 85 88 92 86 90 83 90 76 93 92 93 86 79 82 75 73 82 84 81 89 89 68 70 88 76 73 78 89 91 82 91 82 81 79 82 79 105 67 84 73 77 98 82 88 84 83 81 92 82 93 92 93 74 83 64 77 88 81 83 86 83 89 77 92 82 86 73 68 81 86 73 77 74 76 91 78 80 78 91 94 66 88 74 77 72 82 84 76 76 94 83 68 95 98 96 90 77 98 91 92 99 116 92 94 92 93 79 96 101 110 113 107 98 105 87 90 102 111 96 94 94 120 90 86 86 100 94 116 85 100 89 97 104 101 81 101 100 106 95 70 84 68 65 64 62 65 77 73 71 55 67 70 62 40 67 67 62 59 63 52 63 62 60 49 62 70 54 54 58 64 71 48 41 49 46 44 50 31 45 38 41 44 43 30 41 45 33 34 44 36 33 35 30 34 30 42 32 31 42 27 24 34 41 28 35 28 25 24 31 31 33 34 32 25 27 30 31 19 31 31 22 25 25 33 31 24 29 24 29 21 21 20 26 25 33 25 39 31 16 20 23 25 21 20 21 35 29 21 19 19 31 18 21 28 25 28 15 32 24 25 22 22 23 34 26 22 25 28 23 29 25 19 31 21 18 23 20 16 26 21 24 19 28 20 25 16 12 14 14 27 17 10 23 21 25 27 23 21 21 17 10 20 13 23 16 17 16 17 16 25 18 18 16 20 19 17 15 14 10 24 25 24 20 18 21 24 18 13 17 13 18 16 23 15 24 13 12 17 16 12 24 13 16 14 17 11 12 17 5 10 11 14 16 6 11 12 10 9 8 9 17 4 11 13 6 15 7 13 10 13 10 11 9 11 11 3 12 11 4 7 5 20 11 11 6 8 7 9 6 8 10 2 12 7 8 11 6 6 14 11 10 12 8 8 10 6 8 7 14 14 3 4 12 7 8 10 4 11 10 5 8 10 9 3 7 7 8 6 4 7 8 8 10 7 7 10 3 7 8 11 6 8 3 10 11 13 6 3 4 2 4 6 7 6 6 10 9 7 8 2 3 4 5 3 7 4 8 8 1 2 4 10 6 8 5 3 3 2 8 5 9 7 6 2 8 5 7 2 5 4 4 4 3 2 9 6 6 12 6 4 9 5 7 5 5 8 3 6 6 2 3 6 3 6 4 3 3 3 6 7 5 5 1 6 6 8 1 4 4 2 2 5 7 3 4 4 4 5 6 3 4 4 3 3 0 3 1 4 4 2 6 2 3 2 2 2 5 1 2 2 2 1 1 1 4 1 3 2 4 1 3 1 4 2 1 1 2 2 1 4 4 0 4 1 2 1 1 4 1 2 0 3 1 1 3 4 3 1 1 0 3 3 0 2 3 0 2 1 1 0 2 2 0 0 0 2 1 0 2 2 2 5 2 2 0 2 1 0 2 0 1 1 3 3 3 1 0 1 0 2 1 0 1 0 1 1 1 0 0 3 1 2 1 1 0 0 0 1 1 1 0 1 2 1 3 1 0 0 2 1 1 1 1 0 1 2 2 0 0 1 0 1 1 0 1 0 0 0 1 0 1 1 3 2 0 0 1 1 0 2 1 0 1 0 0 2 0 4 0 0 0 2 0 0 0 0 1 0 0 1 0 2 0 2 0 1 0 1 1 0 1 0 0 0 0 0 0 1 2 3 0 0 0 0 0 0 2 0 0 1 0 0 2 1 1 0 0 3 0 0 0 2 0 0 0 0 0 1 1 1 1 0 0 0 1 0 2 0 0 1 0 0 0 0 0 0 0 1 0 1 1 0 0 3 1 1 0 1 0 1 0 1 2 0 1 2 0 0 0 0 0 1 0 0 0 1 1 0 0 0 0 0 0 0 0 0 0 0 1 1 0 0 1 0 0 0 1 0 0 1 0 2 0 2 0 0 1 0 1 0 1 0 0 0 0 0 0 0 0 0 0 1 0 0 0 0 0 0 1 0 0 0 0 1 0 0 0 1 0 0 0 0 0 1 0 0 0 1 0 1 0 1 0 0 0 0 1 0 0 0 0 0 0 0 0 0 0 0 1 1 0 0 0 0 0 0 0 2 0 0 0 0 0 0 0 0 0 0 0 1 0 0 0 0 0 0 0 0 0 0 0 0 0 2 0 0 0 0 1 0 0 0 2 0 0 0 0 0 0 0 0 0 0 0 0 1 0 0 1 0 0 0 0 0 0 0 0 0 0 0 0 0 0 0 0 0 0 0 0 0 0 0 0 0 0 0 0 0 0 0 0 0 0 0 0 0 0 0 0 0 0 0 0 0 0 0 0 0 0 0 0 0 0 1 0 0 0 0 0 1 1 0 0 0 0 0 0 0 0 0 0 1 0 0 0 0 0 0 0 0 0 0 0 0 0 0 0 0 0 0 0 0 0 0 0 0 0 0 0 0 0 0 0 0 0 0 0 0 0 0 0 0 0 0 0 0 0 0 1 0 0 0 0 0 0 0 0 0 0 0 0 0 0 0 0 0 0 0 0 0 0 0 0 0 0 0 0 0 0 0 0 0 0 0 0 0 0 0 0 0 0 0 0 0 0 0 0 0 0 0 0 0 0 0 0 0 0 0 0 0 0 0 0 0 0 0 0 0 0 0 0 0 0 0 0 0 0 1 0 0 0 0 0 0 0 0 0 0 0 0 0 0 0 0 0 0 0 0 0 1 0 0 0 0 0 0 0 0 0 0 0 0 0 0 0 0 0 0 0 1 0 0 0 0 0 0 0 0 0 0 0 0 0 0 0 0 0 0 0 0 0 0 0 0 0 0 0 0 0 0 0 0 0 0 0 0 1 0 0 0 0 0 0 0 0 0 0 0 0 0 0 0 0 0 0 0 0 0 0 0 1 1 0 0 0 0 0 0 0 0 0 0 0 0 0 0 0 0 0 0 0 0 0 0 0 0 0 0 0 0 0 0 0 0 0 0 0 0 0 0 0 0 0 0 0 0 0 0 0 0 0 0 0 0 0 0 0 0 0 0 0 0 0 0 0 0 0 0 0 0 0 0 0 0 0 0 0 0 0 0 0 0 0 0 0 0 0 0 0 0 0 0 0 0 0 0 0 0 0 0 0 0 0 0 0 0 0 0 0 0 0 0 0 0 1 0 0 0 0 0 0 0 0 0 0 0 0 0 0 0 0 0 0 0 0 0 0 0 0 0 0 0 0 0 0 0 0 0 0 0 0 0 0 0 0 0 0 0 0 0 0 0 0 0 0 0 0 0 0 0 0 0 0 0 0 0 0 0 0 0 0 0 0 0 0 0 0 0 0 0 0 0 0 0 0 0 0 0 0 0 0 0 0 0 0 0 0 0 0 0 0 0 0 0 0 0 0 0 0 0 0 0 0 0 0 0 0 0 0 0 0 0 0 0 0 0 0 0 0 0 0 0 0 0 0 0 1 0 0 0 0 0 0 0 0 0 0 0 0 0 0 0 0 0 0 0 0 0 0 0 0 0 0 0 0 0 0 0 0 0 0 0 0 0 0 0 0 0 0 0 0 0 0 0 0 0 0 0 0 0 0 0 0 0 0 0 0 0 0 0 0 0 0 0 0 0 0 0 0 0 0 0 0 0 0 0 0 0 0 0 0 0 0 0 0 0 0 0 0 0 0 0 0 0 0 0 0 0 0 0 0 0 0 0 0 0 0 0 0 0 0 0 0 0 0 0 0 0 0 0 0 0 0 0 0 0 0 0 0 0 0 0 0 0 0 0 0 0 0 0 0 1 0 0 0 1 0 0 0 0 0 0 0 0 0 0 0 0 1 0 0 0 0 0 0 0 0 0 0 0 0 0 0 0 0 0 0 1 0 0 0 0 0 0 0 0 0 0 0 0 0 0 0 0 0 0 0 0 0 0 0 0 0 0 0 0 0 0 0 0 0 0 0 0 0 0 0 0 0 0 0 0 0 0 0 0 0 0 0 0 0 0 0 0 0 0 0 0 0 0 0 0 0 0 0 0 0 0 0 0 0 0 0 0 0 0 0 0 0 0 0 0 0 0 0 0 0 0 0 0 0 0 0 0 0 0 0 0 0 0 0 0 0 0 0 0 0 0 0 0 0 0 0 0 0 1 0 0 0 0 0 0 0 0 0 0 0 0 0 0 0 0 0 0 0 0 0 0 0 0 0 0 0 0 0 0 0 0 0 0 0 0 0 0 0 0 0 0 0 0 0 0 0 0 0 0 0 0 0 0 0 0 0 0 0 0 0 0 0 0 0 0 0 0 0 0 0 0 1 0 0 0 0 0 0 0 0 1 0 0 0 0 0 0 0 0 0 0 0 0 0 0 0 0 0 0 0 0 0 0 0 0 0 0 0 0 0 0 0 0 0 0 0 0 0 0 0 0 0 0 0 0 0 0 0 0 0 0 0 0 0 0 0 0 0 0 0 0 0 0 0 0 0 0 0 0 0 0 0 0 0 0 0 0 0 0 0 0 0 0 0 0 0 0 0 0 0 0 0 0 0 0 0 0 0 0 0 0 0 0 0 0 0 0 0 0 0 0 0 0 0 0 0 0 0 0 0 0 0 0 0 0 0 0 0 0 0 0 0 0 0 0 0 0 0 0 0 0 0 0 0 0 0 0 0 0 0 0 1 0 0 0 1 0 0 0 0 0 0 0 0 0 0 0 0 0 0 0 0 0 0 0 0 0 0 0 0 0 0 0 0 0 0 0 0 0 0 0 0 0 0 0 0 0 0 0 0 0 0 0 0 0 0 0 0 0 0 0 0 0 0 0 0 0 0 0 0 0 0 0 0 0 0 0 0 0 0 0 0 0 0 0 0 0 0 0 0 0 0 0 0 0 0 0 0 0 0 0 0 0 0 0 0 0 0 0 0 0 0 0 0 0 0 0 0 0 0 0 0 0 0 0 0 0 0 0 0 0 0 0 0 0 0 0 0 0 0 0 0 0 0 0 0 0 0 0 0 0 0 0 0 0 0 0 1 0 0 0 0 0 0 0 0 0 0 0 0 0 0 0 0 0 0 1 0 0 0 0 0 0 0 0 0 0 0 0 0 0 0 0 0 0 0 0 0 0 0 0 0 0 0 0 0 0 0 0 0 0 0 0 0 0 0 0 0 0 0 0 0 0 0 0 0 0 0 0 0 0 0 0 0 0 0 0 0 0 0 0 0 0 0 0 0 0 0 0 0 0 0 0 0 0 0 0 0 0 0 0 0 0 0 0 0 0 0 0 0 0 0 0 0 0 0 0 0 0 0 0 0 0 0 0 0 0 0 0 0 0 0 0 0 0 0 0 0 0 0 0 0 0 0 0 0 0 0 0 0 0 0 0 0 0 0 0 0 0 0 0 0 0 0 0 0 0 0 0 0 0 0 0 0 0 0 1 0 0 0 0 0 0 0 0 0 0 0 0 0 0 0 0 0 0 0 0 0 0 0 0 0 0 0 0 0 0 0 0 0 0 0 0 0 0 0 0 0 0 0 0 0 0 0 0 0 0 0 0 0 0 0 0 0 0 0 0 0 0 0 0 0 0 0 0 0 0 0 0 0 0 0 0 0 0 0 0 0 0 0 0 0 0 0 0 0 0 0 0 0 0 0 0 0 0 0 0 0 0 0 0 0 0 0 0 0 0 0 0 0 0 0 0 0 0 0 0 1 0 0 0 0 0 0 0 0 0 0 0 0 0 0 0 0 0 0 0 1 0 0 0 0 0 0 0 0 0 0 0 0 0 0 0 0 0 0 0 0 0 0 0 0 0 0 0 0 0 0 0 0 0 0 0 1 0 0 0 0 0 0 0 0 0 0 0 0 0 0 0 0 0 0 0 0 0 0 0 0 0 0 0 0 0 0 0 0 0 0 0 0 0 0 0 0 0 0 0 0 0 0 0 0 0 0 0 0 0 0 0 0 0 0 0 0 0 0 0 0 0 0 0 0 0 0 0 0 0 0 0 0 0 0 0 0 0 0 0 0 0 0 0 0 0 0 0 0 0 0 0 0 0 0 0 0 0 0 0 0 0 0 0 0 0 0 0 0 0 0 0 0 0 0 0 0 0 0 0 0 0 0 0 0 0 0 0 0 0 0 0 0 0 0 0 0 0 0 0 0 0 0 0 0 0 0 0 0 0 0 0 0 0 0 0 0 1 0 0 0 0 0 0 0 0 0 0 0 0 0 0 0 0 0 0 0 0 0 0 0 0 0 0 0 0 0 0 0 0 0 0 0 0 0 0 0 0 0 0 0 0 0 0 0 0 0 0 0 0 0 0 0 0 0 0 0 0 0 0 0 0 0 0 0 0 0 0 0 0 0 0 0 0 0 0 0 0 0 0 0 0 0 0 0 0 0 0 0 0 0 0 1 0 0 0 0 1 0 0 0 0 0 0 0 0 0 0 0 0 0 0 0 0 0 0 0 0 0 0 0 0 0 0 0 0 0 0 0 0 1 0 0 0 0 1 0 0 0 0 0 0 0 0 0 0 0 0 0 0 0 0 0 0 0 0 0 0 0 0 0 0 0 0 0 0 0 0 0 0 0 0 0 0 0 0 0 0 0 0 0 0 0 0 0 0 0 0 0 0 0 0 0 0 0 0 0 0 0 0 0 1 0 0 0 0 0 0 0 0 0 0 0 0 0 0 0 0 1 0 0 0 1 0 0 0 0 0 0 0 0 0 0 0 0 0 0 0 0 0 0 0 0 0 0 1 0 1 1 0 0 1 0 0 0 0 0 0 0 1 0 0 0 0 0 0 0 0 0 0 0 0 1 0 0</VALUES>
        <MIN>173</MIN>
        <MAX>4093</MAX>
        <MEAN>348.482</MEAN>
        <STDV>62.9793</STDV>
      </Histogram_Band>
      <Histogram_Band>
        <BAND_ID>B1</BAND_ID>
        <VALUES>0 0 0 0 0 0 0 0 0 0 0 0 0 0 0 0 0 0 0 0 0 0 0 0 0 0 0 0 0 0 0 0 0 0 0 0 0 0 0 0 0 0 0 0 1 0 0 0 0 0 0 0 0 0 0 0 1 0 0 0 0 0 0 0 0 0 0 0 0 0 0 0 0 0 0 0 0 0 0 0 0 0 0 0 0 0 0 0 0 0 0 0 0 0 0 0 0 0 0 0 0 0 1 0 0 0 0 1 0 1 0 0 0 0 0 0 0 0 0 1 1 0 0 0 0 0 0 0 0 0 0 0 0 0 0 0 0 0 0 0 0 0 0 0 0 0 0 0 0 0 1 0 1 1 0 1 1 1 1 1 2 3 1 1 4 4 11 56 197 446 730 684 795 1027 1102 1224 1513 2372 5552 10406 15160 24137 39410 67727 87083 94306 117771 160575 193675 197405 183446 171211 174998 185400 197400 193996 192141 202947 210327 238525 298564 341402 370337 442579 530980 505240 435141 381825 338810 313080 318062 351125 398690 450662 467745 436155 384695 346933 347905 339290 292519 239869 215768 210035 199779 194094 186603 172076 164469 161121 156817 151892 149053 144854 142469 142770 143163 143531 144435 145412 146918 148404 150548 151915 154412 158383 160665 163722 166005 168392 169976 172095 175411 176458 178307 179229 181952 184117 185536 187575 189027 190593 190391 191207 194008 191786 192755 192759 192402 191935 191927 190772 190128 189819 188761 187149 185443 183924 183508 182928 180869 179609 179372 179091 179096 181759 184602 186110 187430 185699 185897 186119 185760 183970 183707 182796 184236 185107 187417 184869 184253 182852 183037 184657 185177 186905 187364 189979 190900 191404 191091 190571 190904 192462 193127 194139 195348 194764 193623 196638 199989 202767 204363 203238 203240 203759 202609 202292 201706 201521 200163 199329 198220 195752 193531 190498 186971 182761 178974 176819 175287 174878 173867 171931 170336 169029 166371 163932 160222 156906 152471 148864 145968 143701 140402 136750 133603 129070 125777 121542 117744 114131 110509 106505 101058 96790 93700 91308 87183 84262 81165 77489 74964 72226 69436 66664 63828 61603 59249 57749 56360 53780 51390 49272 48051 45731 44412 42298 40581 38958 37669 36247 35182 34076 32907 31865 31442 30902 29936 28851 28439 27697 26984 26388 25728 25263 24664 23964 23530 23241 22900 22464 21955 21494 20825 20743 20384 19996 19555 18978 18396 18064 17580 17129 16865 16596 16147 15742 15471 15184 14732 14252 13976 13822 13618 13582 13456 13234 12732 12795 12487 12045 11946 12017 12049 12009 11805 11532 11366 11084 10950 10858 10725 10379 10482 10271 10031 9752 9911 9670 9544 9302 9413 9071 8950 8721 8663 8537 8373 8304 8094 7975 7880 7738 7745 7379 7520 7267 7297 7293 6927 7065 6739 6697 6802 6529 6341 6377 6267 6080 6118 6071 6166 6007 5854 5858 5794 5670 5747 5494 5612 5389 5405 5365 5482 5195 5237 5167 5170 5114 5112 5194 5175 5058 4989 4796 4622 4505 4420 4613 4373 4509 4396 4286 4191 4254 4044 4127 3923 3815 3891 3818 3792 3745 3628 3648 3716 3696 3647 3591 3508 3498 3397 3364 3342 3403 3362 3338 3225 3156 3158 3213 3154 3227 3090 3174 2948 3025 2971 2935 2961 2910 2960 2775 2816 2790 2870 2783 2713 2802 2645 2749 2746 2652 2653 2642 2628 2721 2636 2586 2450 2420 2520 2459 2327 2461 2483 2423 2325 2290 2322 2257 2195 2135 2235 2228 2166 2108 2176 2118 2236 2127 2121 2155 2111 2044 2014 2086 1936 1997 1939 1942 1954 1858 1847 1839 1885 1911 1820 1676 1835 1768 1753 1812 1743 1689 1755 1796 1658 1734 1699 1701 1670 1704 1642 1624 1663 1555 1562 1514 1608 1571 1640 1595 1510 1599 1542 1529 1467 1494 1444 1481 1523 1496 1488 1413 1386 1444 1374 1403 1361 1383 1378 1346 1309 1390 1292 1312 1301 1273 1308 1286 1358 1274 1243 1279 1225 1229 1157 1217 1187 1183 1213 1219 1180 1189 1140 1180 1150 1136 1172 1087 1206 1144 1109 1120 1109 1071 1099 1116 1042 1048 1072 1027 1054 1046 1009 997 1040 1048 1064 1001 1007 1027 1031 990 985 957 964 997 927 936 885 908 870 961 889 930 895 876 814 842 854 845 819 815 816 792 772 791 766 762 736 707 760 730 717 752 711 716 673 712 702 726 760 717 736 718 690 648 649 684 684 647 672 598 637 622 639 595 628 629 642 617 597 630 629 592 619 605 665 590 619 649 594 647 602 633 653 559 621 598 589 560 576 573 597 613 588 566 562 574 587 558 589 549 547 596 606 597 588 550 558 541 562 542 589 568 536 539 584 568 513 538 508 548 509 531 507 485 486 480 514 483 479 519 529 490 481 497 486 465 456 456 453 481 457 505 479 463 468 429 479 449 434 409 440 505 454 461 432 433 442 462 444 423 432 426 464 412 426 398 423 434 469 412 408 420 405 388 408 363 411 428 411 388 402 402 400 411 384 371 376 400 403 376 395 404 358 376 397 391 366 402 386 362 368 367 405 342 359 377 343 323 318 362 346 375 329 367 324 328 358 314 337 320 345 317 396 343 306 321 329 356 349 358 315 336 307 313 341 299 332 324 326 307 334 311 324 322 309 330 306 314 280 293 316 309 303 324 286 294 283 305 286 297 280 284 289 282 272 278 271 289 263 247 304 257 245 248 256 267 268 248 232 240 235 238 234 251 217 226 244 222 256 238 209 228 203 228 227 229 229 243 214 213 224 210 196 204 220 218 195 184 194 193 201 194 218 169 189 192 173 182 178 177 192 204 177 187 202 191 167 178 179 188 167 163 174 170 174 187 141 188 159 175 168 166 189 151 164 178 160 185 155 165 163 154 164 166 142 134 160 125 134 170 168 138 161 170 154 153 166 136 106 153 138 142 150 128 132 123 142 140 134 149 160 122 124 120 118 133 130 109 137 111 115 118 144 131 125 124 129 103 111 117 135 129 129 141 133 106 114 121 104 123 110 89 111 84 96 106 121 95 105 94 107 111 102 106 107 87 110 106 104 109 106 114 86 81 82 77 92 89 90 101 88 91 102 89 85 86 101 95 89 78 73 84 84 91 73 99 95 89 94 82 65 93 81 79 60 88 80 91 70 66 57 68 74 81 66 68 70 68 73 76 67 91 80 68 79 71 71 80 74 65 83 76 79 55 72 54 65 71 60 54 75 80 64 70 72 68 65 65 67 75 66 76 74 60 56 69 64 87 72 76 63 74 58 64 69 66 57 64 67 65 78 71 77 79 64 54 74 63 74 74 62 70 72 80 76 82 78 68 68 62 72 79 83 73 67 74 88 62 65 79 52 73 64 78 78 78 67 74 69 82 71 86 84 89 80 69 69 88 82 87 100 87 82 75 94 85 78 77 104 100 74 91 71 75 90 114 76 75 81 71 88 95 81 75 87 74 77 66 85 82 80 63 74 58 76 67 57 61 70 64 62 67 77 70 62 65 67 58 74 71 71 43 53 57 58 57 51 59 56 61 37 51 55 43 50 38 40 46 45 41 46 40 48 45 44 44 45 40 48 32 38 43 43 33 44 35 34 30 31 33 29 33 37 37 37 41 34 25 35 30 29 33 30 19 33 28 24 32 26 34 30 27 24 27 31 15 29 25 30 28 26 28 23 21 21 25 20 20 29 25 26 25 29 23 26 24 26 25 20 20 30 25 18 15 20 26 25 25 21 12 22 23 19 15 20 19 19 21 25 18 25 17 24 11 18 12 24 25 13 23 24 19 12 25 16 21 26 25 15 9 13 18 15 16 12 17 22 14 18 20 24 15 14 18 14 20 16 21 18 17 11 19 14 14 16 14 16 17 13 15 21 15 9 11 23 14 14 19 16 17 16 14 21 15 20 23 20 12 14 22 20 21 12 15 11 16 23 20 15 17 22 16 27 10 19 12 22 11 15 15 14 11 8 8 8 7 7 13 12 11 11 10 9 13 10 7 4 5 9 9 11 10 5 10 8 13 12 10 10 5 10 7 4 11 9 5 6 10 10 6 5 13 9 4 9 3 7 7 9 10 10 6 11 8 8 9 4 7 2 10 9 2 8 5 6 14 3 5 1 11 8 6 2 10 6 2 4 6 7 5 7 4 7 9 11 5 5 4 5 7 4 6 9 8 4 6 11 8 4 6 10 10 7 3 7 7 5 4 2 7 3 5 6 7 4 9 3 5 6 4 6 5 5 6 6 5 5 10 6 2 5 7 2 6 5 5 6 6 5 4 8 8 3 5 5 2 4 6 4 4 1 3 2 8 6 3 7 5 5 4 3 4 7 3 5 5 6 4 5 5 4 8 4 2 1 5 6 5 4 0 4 1 0 1 1 1 2 2 4 7 4 1 4 3 3 2 3 2 3 3 7 0 1 3 1 3 2 3 4 2 2 1 7 1 0 3 1 2 2 1 1 1 4 5 2 2 2 2 0 2 2 1 4 0 2 1 5 2 4 4 4 3 2 2 0 3 2 3 2 1 2 0 3 0 5 2 5 3 1 2 1 2 1 1 2 0 0 0 0 0 1 2 0 2 1 0 0 2 1 2 2 2 0 4 1 5 0 3 2 0 0 2 0 2 1 2 1 1 1 3 1 2 0 1 0 1 1 0 2 0 3 1 1 2 1 0 0 1 1 1 1 2 0 3 1 1 1 2 0 3 1 0 0 2 1 3 1 2 0 1 1 0 1 1 0 1 1 1 0 2 1 0 0 1 0 1 1 1 1 0 3 2 0 0 2 1 0 1 1 0 0 0 1 2 1 0 1 2 1 0 0 2 0 2 2 0 0 1 0 0 0 2 1 0 0 1 2 0 1 1 0 0 0 1 0 1 0 0 1 3 1 0 1 0 0 1 0 1 1 0 1 0 2 0 0 0 0 0 0 0 2 1 1 0 1 0 1 1 0 1 0 1 0 0 1 0 0 0 1 0 0 1 0 1 1 0 0 1 0 0 0 1 0 0 1 1 1 1 0 0 1 1 1 2 2 0 0 0 0 1 1 2 0 0 0 0 0 2 2 0 0 0 0 1 1 0 0 0 0 0 1 1 0 0 0 0 1 1 0 0 0 0 0 1 2 1 0 0 0 0 1 0 0 0 1 0 0 0 0 0 1 0 0 0 0 0 0 0 0 0 0 0 1 0 0 0 1 0 0 1 0 2 0 0 1 0 1 0 1 0 0 0 0 0 0 1 0 1 0 0 0 0 0 2 1 0 0 0 0 1 0 0 0 0 0 0 0 0 0 0 0 0 0 0 0 0 1 1 0 0 1 0 0 0 0 0 0 0 0 0 0 0 0 0 1 0 0 0 0 0 0 0 1 1 0 0 0 0 0 0 0 0 0 0 0 0 0 0 0 0 0 0 0 0 0 0 1 0 0 0 0 0 0 0 0 0 0 0 0 0 0 1 0 0 0 0 0 0 1 0 0 0 0 0 0 0 1 0 0 0 0 0 0 0 0 1 0 0 0 0 0 0 0 0 0 0 0 0 0 0 0 0 0 0 0 0 0 0 0 0 0 0 0 0 0 0 0 0 0 0 0 0 0 0 0 0 0 0 0 0 0 0 0 0 0 0 0 0 0 0 0 0 0 0 1 0 0 0 0 0 0 0 0 0 0 0 0 0 1 0 0 0 0 0 0 0 1 0 0 1 0 0 0 0 0 0 0 0 0 0 0 0 0 0 0 0 0 0 0 0 0 0 0 0 0 0 0 0 0 0 0 0 0 0 0 0 0 0 0 0 0 0 0 0 0 0 0 0 0 0 1 0 0 0 0 0 0 0 0 0 0 0 0 0 0 0 0 0 0 0 0 0 0 0 0 0 0 1 0 0 0 0 0 0 0 1 0 0 0 0 0 0 1 0 0 1 0 0 0 0 0 0 0 0 0 0 0 0 0 0 0 0 1 0 0 0 0 0 0 0 0 0 0 0 0 0 0 0 0 0 0 0 0 0 0 0 0 0 0 0 0 0 0 0 0 0 0 0 0 0 0 0 0 0 0 0 0 0 0 0 0 0 0 0 0 0 0 0 0 0 0 0 0 0 0 0 0 0 0 0 0 0 0 0 0 0 0 0 0 0 0 0 0 0 0 0 0 0 1 0 0 0 0 0 0 0 0 0 0 0 0 0 0 0 0 0 0 0 0 0 0 0 0 0 0 0 0 0 0 0 0 0 0 0 0 0 0 0 0 0 0 0 0 0 0 0 1 0 0 0 0 0 0 0 0 0 0 0 0 0 0 0 0 0 0 0 0 0 0 0 0 0 0 0 0 0 0 0 0 0 0 0 0 0 0 0 0 0 0 0 0 0 0 0 0 0 0 0 0 0 0 0 0 0 0 0 0 0 0 0 0 0 0 0 0 0 0 0 0 0 0 0 0 0 0 0 0 0 0 0 1 0 0 0 0 0 0 0 0 0 0 0 0 0 0 0 0 0 0 0 0 0 0 0 0 0 0 0 0 0 0 0 0 0 0 0 0 0 0 0 0 0 0 0 0 0 0 0 0 0 0 0 0 0 0 0 0 0 0 0 0 0 0 0 0 0 0 0 0 0 0 1 0 0 0 0 0 0 0 0 0 0 0 0 0 0 0 0 0 0 0 0 0 0 0 0 0 0 0 0 0 0 0 0 0 0 0 0 0 0 0 0 0 0 0 0 0 0 0 0 0 0 0 0 0 0 0 0 0 0 0 0 0 0 0 0 0 0 0 0 0 0 0 0 0 0 1 0 0 0 0 0 0 0 0 0 0 0 0 0 0 0 0 0 0 0 0 0 0 0 0 0 0 0 0 0 0 0 0 0 0 0 0 0 0 0 0 0 0 0 0 0 0 0 0 0 0 0 0 0 0 0 0 0 0 0 0 0 0 0 0 0 0 0 0 0 0 0 0 0 0 0 0 0 0 0 0 0 0 0 0 0 0 0 0 0 0 0 0 0 0 0 0 0 0 0 0 0 0 0 0 0 0 0 0 0 0 0 0 1 0 0 0 0 0 0 0 0 0 0 0 0 0 0 0 0 0 0 0 0 0 1 0 0 0 0 0 0 0 0 0 0 0 0 0 0 0 0 0 0 0 0 0 0 0 0 0 0 0 0 0 0 0 0 0 0 0 0 0 0 0 0 0 0 0 0 0 0 0 0 0 0 0 0 0 0 0 0 0 0 0 0 0 0 0 0 0 0 0 0 0 0 0 0 0 0 0 0 0 0 0 0 0 0 0 0 0 0 0 0 0 0 0 0 0 0 0 0 0 0 0 0 0 0 0 0 0 0 0 0 0 0 0 0 0 0 0 0 0 0 0 0 0 0 0 0 0 0 0 0 0 0 0 0 0 0 0 0 0 0 0 0 0 0 0 0 0 0 0 0 0 0 0 0 0 0 0 0 0 0 0 0 0 0 0 0 0 0 0 0 0 0 0 0 0 0 0 0 0 0 0 0 1 0 0 0 0 0 0 0 0 0 1 0 0 0 0 0 0 0 0 0 0 0 0 0 0 0 0 0 0 0 0 0 0 0 0 0 0 0 0 0 0 0 0 0 0 0 0 0 0 1 0 0 0 0 0 0 0 0 0 0 0 0 0 0 0 0 0 0 0 0 0 0 0 0 0 0 0 0 0 0 0 0 0 0 0 0 0 0 1 0 0 0 0 0 0 0 0 0 0 0 0 0 0 0 0 0 0 0 0 0 0 1 0 0 0 0 0 0 0 0 0 0 0 0 0 0 0 0 0 0 0 0 1 0 0 0 0 0 0 0 0 0 0 0 0 0 0 0 0 0 0 0 0 0 0 0 0 0 0 0 0 0 0 0 0 0 0 0 0 0 0 0 0 0 0 0 0 0 0 0 0 0 0 0 0 0 0 0 0 0 0 0 0 0 0 0 0 0 0 0 0 0 0 0 0 0 0 0 0 0 0 0 0 0 0 0 0 0 0 0 0 0 0 0 0 0 0 0 0 0 0 0 0 0 0 0 0 0 1 0 0 0 0 0 0 0 0 0 0 0 0 0 0 0 0 0 0 0 0 0 0 0 0 0 0 0 0 0 0 0 0 0 0 0 0 0 0 0 0 0 0 0 0 0 0 0 0 0 0 0 0 0 0 0 0 0 0 0 0 0 0 0 0 0 0 0 0 0 0 0 0 0 0 0 0 0 0 0 0 0 0 0 0 0 0 0 0 0 0 0 0 0 0 0 0 0 0 0 0 0 0 0 0 0 0 0 0 0 0 0 0 0 0 0 0 0 0 0 0 0 0 0 0 0 0 0 0 0 0 0 0 0 0 0 0 0 0 0 0 0 0 0 0 0 0 0 0 0 0 0 0 0 0 0 0 0 0 0 0 0 0 0 0 0 0 0 0 0 0 0 0 0 0 0 0 0 0 0 0 0 0 0 0 0 0 0 0 0 0 1 0 0 0 0 0 0 0 0 0 0 0 0 0 0 0 0 0 0 0 0 0 0 0 0 0 0 0 0 0 0 0 0 0 0 0 0 0 0 0 0 0 0 0 0 0 0 0 0 0 0 0 0 0 0 0 0 0 0 0 0 0 0 0 0 0 0 0 0 0 0 0 0 0 0 0 0 0 0 0 0 0 0 0 0 0 0 0 1 0 0 0 0 0 0 0 0 0 0 0 0 0 1 0 0 0 0 0 0 0 0 0 0 0 0 0 1 0 0 0 0 0 0 0 0 0 0 0 0 0 0 0 0 0 0 0 0 0 0 0 0 0 0 0 0 0 0 0 0 0 0 0 0 0 0 0 0 0 0 0 0 0 0 0 0 0 0 0 0 0 0 0 0 0 0 0 0 0 0 0 0 0 0 0 0 0 0 0 0 0 0 0 0 0 0 0 0 0 0 0 0 0 0 0 0 0 0 0 0 0 0 0 0 0 0 0 0 0 0 0 0 0 0 0 0 0 0 0 0 1 0 0 0 0 0 0 0 0 0 0 0 0 0 0 0 0 0 0 0 1 0 0 0 0 0 0 0 0 0 0 0 0 0 0 0 0 0 0 0 0 0 0 0 0 0 0 0 0 0 0 0 0 0 0 0 0 0 0 0 0 0 0 0 0 0 0 0 0 0 0 0 0 0 0 0 0 0 0 0 0 0 0 0 1 0 0 0 0 0 0 0 0 0 0 0 0 0 0 0 0 0 0 0 0 0 0 0 0 0 0 0 0 0 0 0 0 0 0 0 0 0 0 0 0 0 0 0 0 0 0 0 0 0 0 0 0 0 0 0 0 0 0 0 0 0 0 0 0 0 0 0 0 0 0 0 0 0 0 0 1 0 0 0 0 0 0 0 0 0 0 0 0 0 0 0 0 0 0 0 0 0 0 0 0 0 0 0 0 0 0 1 0 0 0 0 0 0 0 0 0 0 0 0 0 0 0 0 2 1 0 0 0 0 0 0 0 0 0 0 0 0 0 0 0 0 0 0 0 0 0 0 0 0 0 0 0 0 0 0 0 0 0 0 0 0 0 0 0 0 0 0 0 0 0 0 0 0 0 0 0 0 0 0 0 0 0 0 0 0 0 0 0 0 0 0 0 0 0 0 0 0 0 0 0 0 1 0 0 0 0 0 0 0 0 0 0 0 0 0 0 0 0 0 0 0 0 0 0 0 0 1 0 0 0 0 0 0 0 1 0 0 0 0 0 0 0 0 1 0 0 0 0 0 0 0 0 0 0 0</VALUES>
        <MIN>44</MIN>
        <MAX>4084</MAX>
        <MEAN>282.971</MEAN>
        <STDV>83.9099</STDV>
      </Histogram_Band>
      <Histogram_Band>
        <BAND_ID>B2</BAND_ID>
        <VALUES>0 3 0 0 1 0 0 0 0 0 0 0 0 0 0 0 0 0 0 0 0 0 0 0 0 0 0 0 0 0 0 0 1 0 0 0 0 0 0 0 0 0 0 1 0 1 0 0 0 1 0 0 1 0 1 0 1 0 0 0 0 0 1 1 0 1 0 0 0 0 2 3 0 1 0 1 0 1 3 2 2 1 2 1 2 5 4 5 4 3 4 11 10 13 20 37 76 1022 11573 38832 59273 86613 184409 354154 491473 516099 465635 435125 503244 568684 527376 480128 441774 310825 209526 252138 334465 321705 279924 319814 446684 557327 591471 552002 487443 436376 358656 268443 190309 129140 99911 88827 80298 70781 66508 67037 68261 70532 76054 82394 87277 91341 96830 103951 112197 121870 126476 122776 122067 125094 132399 133753 132118 131993 132533 134712 136303 138539 141987 143932 146443 149615 151761 155190 157966 159956 161668 164964 167219 171030 173358 176886 179529 181972 184075 186624 188513 190487 192277 194195 195044 197135 197932 198069 198585 199028 199534 198986 198596 197862 198420 199415 198771 199778 201678 202040 201263 201264 203360 205973 208212 208661 210013 210480 211284 210906 209947 207690 205905 203826 202114 201828 200848 198650 198288 197939 196964 195456 194511 192839 191369 190255 188706 185829 182250 181026 177831 177821 175608 174516 173544 171747 171013 169476 168844 166325 164431 164029 162423 160926 160112 158521 156847 153532 150775 147807 146026 143534 140679 137673 135921 133832 132112 130018 126968 124868 123245 120366 119270 117222 115344 112771 110909 108322 106013 102813 100711 98067 96158 94114 91379 89802 88639 87075 85298 83293 81174 80595 79242 77616 75318 74218 72686 71834 70415 68829 67612 65970 64700 63878 62940 61868 60724 60516 59826 58862 58378 57656 57176 56694 55938 54976 54599 53494 53617 52747 51974 50678 50237 49636 49102 48516 48328 47325 47597 46670 46600 46420 45911 45627 45172 45159 44537 44693 44385 43990 43727 43915 43065 43236 43069 42950 41844 42172 42081 41735 41583 41456 41230 41226 41519 41093 40532 39870 39676 38922 38672 37989 37673 37443 36780 36185 36062 35808 35477 34338 34132 33192 32740 31861 31929 31954 31163 31154 30682 30588 29967 29759 29064 28508 27717 27517 26888 26836 26682 26103 25481 25305 24724 24094 24040 23616 23180 22821 22085 21847 21150 21062 20265 19808 19446 18868 18572 18366 17898 17280 16759 16794 16326 15816 15616 15148 14898 14509 14526 14569 13961 13910 13497 13528 12953 12788 12375 12399 12158 11970 11680 11670 11331 11253 11048 10934 10692 10331 10135 9878 9957 9739 9713 9438 9448 9459 9323 9084 9128 8705 8658 8481 8569 8256 8081 7944 8157 8035 7658 7891 7729 7742 7481 7323 7322 7358 7190 7211 7144 6949 6812 6438 6594 6512 6306 6280 6247 6202 6049 5857 5719 5730 5607 5611 5364 5426 5179 5404 5035 5146 5089 4897 4911 5057 4863 4868 4722 4690 4597 4593 4537 4641 4461 4422 4447 4352 4275 4240 4196 4113 4247 4170 4078 4023 3956 4043 3876 3965 3865 3874 3826 3781 3714 3789 3712 3734 3589 3688 3680 3630 3551 3556 3487 3432 3448 3457 3340 3221 3350 3224 3238 3154 3209 3095 3236 3077 3016 3020 3022 2958 2914 2898 2935 2830 2906 2843 2809 2782 2684 2840 2785 2632 2625 2582 2567 2574 2544 2451 2510 2480 2363 2307 2301 2300 2239 2410 2180 2158 2303 2189 2163 2116 2205 2074 2123 2101 1989 2095 1923 1964 1968 1966 1974 1959 1864 1818 1772 1750 1829 1813 1824 1808 1855 1818 1766 1664 1708 1817 1727 1708 1677 1678 1695 1718 1690 1697 1634 1661 1697 1653 1569 1619 1558 1532 1598 1542 1450 1497 1552 1497 1491 1421 1491 1553 1442 1459 1514 1518 1477 1491 1469 1461 1427 1415 1470 1523 1378 1409 1375 1453 1406 1375 1398 1349 1310 1367 1302 1282 1274 1330 1272 1330 1283 1299 1244 1258 1237 1284 1247 1193 1233 1238 1193 1217 1140 1156 1150 1166 1193 1161 1151 1215 1191 1148 1160 1126 1129 1102 1119 1117 1128 1097 1058 1112 1082 1070 1004 1017 1031 1031 966 970 953 958 1000 968 953 975 998 926 929 940 974 895 901 837 859 869 892 855 831 825 820 805 874 837 788 855 821 856 730 899 842 813 776 812 773 793 795 781 792 766 765 757 780 767 774 752 756 786 729 758 680 754 712 749 751 719 705 681 794 755 720 760 676 669 715 685 742 685 667 721 691 690 673 630 679 678 667 664 703 674 710 660 675 653 640 653 656 647 647 607 597 644 619 637 601 586 598 581 624 591 605 596 614 599 569 609 576 656 616 563 617 593 612 648 593 628 634 648 611 599 618 587 661 636 610 621 592 582 609 658 612 598 599 615 587 630 606 578 600 546 579 553 554 598 571 566 582 621 580 583 541 488 534 577 559 538 545 512 540 517 525 536 532 517 541 493 508 528 518 513 490 524 511 497 483 489 503 452 488 508 465 476 483 469 465 432 507 430 452 439 406 456 449 471 436 415 436 442 428 470 411 451 439 411 394 398 383 413 398 390 385 370 419 404 394 380 401 419 357 384 364 382 383 380 384 329 348 356 346 383 367 389 396 361 391 324 312 356 331 344 359 315 340 332 354 310 346 310 343 361 313 319 309 315 322 305 332 331 340 308 316 315 321 329 300 310 309 315 313 342 307 336 316 264 314 307 325 283 312 304 247 277 277 309 273 289 276 276 291 288 264 266 272 259 271 250 227 268 280 262 259 256 258 300 275 250 224 285 246 273 265 260 265 280 247 259 262 282 218 264 240 243 248 256 237 225 251 229 236 256 224 235 252 238 228 263 240 237 237 257 225 201 246 230 236 222 209 195 209 217 205 233 231 230 198 224 230 197 226 228 217 194 192 214 195 196 189 208 185 199 180 198 208 208 203 194 194 189 158 199 158 181 208 185 181 189 202 158 169 162 182 173 187 180 158 170 204 185 168 177 157 159 161 163 168 154 131 165 148 146 158 168 159 151 148 146 165 143 146 127 155 128 147 134 162 136 138 130 138 139 130 150 143 121 157 132 121 123 128 122 115 135 129 129 123 131 114 142 128 131 124 109 115 114 130 126 134 131 97 104 122 131 103 98 125 110 112 113 111 108 118 105 94 88 112 105 106 113 109 92 110 88 123 104 106 114 96 97 88 95 120 101 91 92 77 99 86 88 101 84 78 94 81 79 84 103 98 98 72 86 85 89 83 63 95 77 100 91 84 77 81 79 78 97 73 73 78 87 81 75 76 77 76 82 72 75 81 67 86 64 62 78 76 78 74 67 59 85 76 59 65 75 80 85 65 54 65 65 66 89 71 65 59 80 69 49 59 53 58 75 60 82 55 81 65 71 72 67 79 61 67 69 57 77 72 62 78 62 61 75 61 71 55 67 47 70 72 82 60 60 70 53 56 59 55 71 67 46 64 64 68 56 59 64 56 75 69 64 44 65 55 64 65 75 51 69 63 71 68 83 79 69 62 70 64 62 62 61 62 73 87 70 78 65 82 77 79 73 76 85 88 100 75 75 78 85 72 78 85 72 72 83 91 57 83 66 68 82 80 82 91 73 63 79 66 81 55 77 70 90 86 69 58 61 59 62 79 74 59 77 75 49 49 57 74 59 77 77 79 56 62 50 60 60 70 64 68 59 63 70 52 59 73 51 47 44 39 48 54 45 44 56 57 37 42 39 38 43 49 37 38 40 36 42 33 51 47 30 29 40 40 48 25 37 24 32 41 26 32 32 39 40 26 41 39 33 32 23 23 27 38 27 38 32 31 28 33 22 36 28 29 26 37 36 34 26 26 27 25 28 28 37 22 25 23 20 27 27 20 19 22 20 18 29 22 22 20 21 26 14 21 19 16 21 16 20 17 24 18 18 19 14 16 16 28 16 12 21 18 21 22 19 19 22 24 13 27 14 13 18 15 18 12 20 20 19 14 17 15 15 13 19 13 21 18 22 14 20 20 20 24 18 17 12 17 12 10 20 19 18 17 12 21 14 12 18 10 20 16 18 20 14 11 15 13 10 15 15 15 13 18 16 16 11 20 23 15 16 13 14 17 22 13 12 17 13 10 10 12 12 12 22 20 18 19 16 15 21 19 31 25 15 18 25 15 24 14 19 19 14 16 18 19 13 20 8 18 17 20 8 13 15 14 15 11 11 11 11 18 15 13 8 12 8 10 12 8 13 10 3 7 13 12 15 12 5 6 8 9 10 14 14 3 7 9 6 7 10 8 7 7 6 5 12 11 7 8 4 12 0 8 8 3 11 7 12 10 6 5 10 2 9 6 8 3 7 2 7 7 4 4 5 3 5 7 8 13 4 5 5 5 6 7 15 6 7 6 4 9 7 5 4 10 2 2 5 6 7 4 5 8 3 6 8 1 3 6 3 4 3 4 5 1 5 5 5 1 4 7 4 6 3 1 3 3 2 4 2 3 4 5 4 7 2 4 5 1 4 1 10 8 7 2 5 3 4 4 2 1 3 3 1 3 8 6 12 3 1 4 2 8 5 7 2 3 7 4 3 3 3 4 4 4 4 3 4 3 6 2 5 9 2 1 2 3 5 4 4 3 7 5 3 3 5 4 2 1 3 2 4 4 6 5 1 2 2 6 3 3 4 5 3 3 2 4 3 4 5 5 2 4 4 0 4 2 2 3 3 1 1 3 3 3 2 2 4 0 2 3 2 0 4 2 3 5 5 2 4 3 3 3 0 3 5 1 1 3 2 4 3 2 0 0 4 1 1 2 1 0 3 3 1 2 0 3 3 1 1 2 3 1 3 3 2 1 1 3 4 1 3 1 0 0 2 1 1 3 3 0 4 2 2 4 1 5 1 2 4 2 3 3 0 1 2 0 1 2 1 0 3 1 0 0 3 3 2 1 1 3 0 2 0 1 0 2 0 1 1 3 1 0 1 1 1 1 2 1 4 0 2 3 2 0 1 2 1 2 2 2 1 1 1 0 0 0 2 3 0 0 1 1 0 2 0 3 0 1 0 0 0 2 0 0 1 0 1 1 1 1 0 0 0 1 2 2 1 0 1 0 1 2 3 1 0 0 0 2 1 0 0 1 0 1 0 0 1 0 1 0 1 1 1 0 1 0 0 1 1 1 0 0 1 0 0 0 3 0 1 0 0 0 0 1 0 0 0 1 2 0 0 0 1 1 1 0 0 2 0 1 3 1 0 2 0 0 0 0 0 0 1 0 0 1 1 0 0 0 1 0 0 0 1 0 0 0 1 0 0 1 0 0 0 0 0 0 0 0 1 0 1 0 0 2 1 3 2 0 0 0 0 0 0 1 0 0 1 1 0 2 0 2 0 0 1 0 0 0 0 0 0 1 1 1 1 1 0 0 0 1 0 1 0 0 0 1 0 1 0 0 2 1 0 0 0 1 0 0 1 0 1 2 1 0 2 0 0 0 1 0 0 1 0 0 1 0 0 0 0 1 0 1 1 1 0 0 0 0 1 0 0 0 2 1 0 0 0 0 0 0 0 1 0 0 1 1 0 1 0 0 0 1 1 0 0 0 0 0 0 0 1 0 1 0 0 0 0 0 2 0 0 0 0 2 0 0 0 0 0 0 0 1 0 0 0 1 0 2 0 1 0 0 0 0 0 0 0 0 0 0 0 0 1 0 0 0 0 0 0 0 0 0 0 0 0 0 0 0 0 0 0 0 0 0 0 0 0 1 0 0 0 1 0 0 0 0 0 0 0 0 0 0 0 0 1 0 0 0 0 0 0 0 0 0 0 0 0 0 0 0 0 0 0 0 0 0 0 0 0 0 0 0 0 0 0 0 0 0 0 0 0 0 0 0 0 0 0 0 0 0 0 0 0 0 0 0 1 0 0 0 0 0 0 0 0 0 0 0 0 0 0 0 0 0 0 0 0 0 0 0 0 0 0 0 0 0 0 0 0 0 0 0 0 0 0 0 0 0 0 0 0 0 0 0 0 0 0 0 0 0 0 0 0 0 0 0 0 0 0 0 0 0 1 0 0 0 0 0 0 0 0 0 0 0 0 0 0 0 0 0 0 0 0 0 0 0 0 0 0 0 0 1 0 0 0 0 0 0 0 0 0 0 0 0 0 0 0 0 0 0 0 0 0 0 0 0 0 0 0 0 0 0 0 0 0 0 1 0 0 0 0 0 0 0 0 0 0 0 0 0 0 0 0 0 0 0 0 0 0 0 0 0 0 0 0 0 0 0 0 0 0 0 0 0 0 0 0 0 0 0 0 0 0 0 0 0 1 0 0 0 0 0 0 0 0 0 0 0 0 1 0 0 0 0 0 0 0 0 1 0 0 0 0 0 0 0 0 0 0 0 0 0 0 0 0 0 0 0 0 0 0 0 0 0 0 0 0 0 0 0 0 0 0 0 0 0 0 0 0 0 0 0 0 0 0 0 0 0 0 0 0 0 0 0 0 0 0 0 0 0 0 0 0 0 0 0 0 0 0 0 0 0 0 0 0 0 0 0 0 0 0 0 0 0 1 0 0 0 0 0 0 0 0 0 0 0 0 0 0 0 0 0 0 0 0 0 0 0 0 0 0 0 0 0 0 0 0 0 0 0 0 0 1 1 0 0 1 0 0 0 0 0 0 0 0 0 0 0 0 0 0 0 0 0 0 0 0 0 0 0 0 1 0 0 0 0 0 0 0 0 0 0 0 0 0 0 0 0 0 0 0 0 0 0 0 0 0 0 0 0 0 0 0 0 0 0 0 0 0 0 0 0 0 0 0 0 0 0 0 0 0 0 0 0 0 0 0 0 0 0 0 0 0 0 0 0 0 0 0 0 0 0 0 0 0 0 0 0 0 0 0 0 0 0 0 0 0 0 0 0 0 0 0 0 0 0 0 0 0 0 0 0 0 0 0 0 0 0 0 0 0 0 0 0 0 0 0 0 1 0 0 0 0 0 0 0 0 0 0 0 0 0 0 0 0 0 0 0 0 0 0 0 0 0 0 0 0 0 0 0 0 0 0 0 0 0 0 0 0 0 0 0 0 0 0 0 0 0 0 0 0 0 0 0 0 0 0 0 0 0 0 0 0 0 0 0 0 0 0 0 0 0 0 1 0 0 0 0 0 0 0 0 0 0 0 0 0 0 0 0 0 0 0 0 0 0 0 0 0 0 0 0 0 0 0 0 0 0 0 0 0 0 0 0 0 0 0 0 0 0 0 0 0 0 0 0 0 0 0 0 0 0 0 0 0 0 0 0 0 0 0 0 0 0 0 0 0 0 0 0 0 0 0 0 0 0 0 0 0 0 0 0 0 0 0 0 0 0 0 0 0 0 0 0 0 0 0 0 0 0 0 0 0 0 0 0 0 0 0 0 0 0 0 0 0 0 0 0 0 0 0 0 0 0 0 0 0 0 0 0 0 0 0 0 0 0 0 0 0 0 0 0 0 0 0 0 0 0 0 0 0 0 0 0 0 0 0 0 1 0 0 0 0 0 0 0 0 0 0 0 0 0 0 0 0 0 0 0 0 0 0 0 0 0 0 0 0 0 0 0 0 0 0 0 0 1 0 0 0 0 0 0 0 1 0 0 0 0 0 0 0 0 0 0 0 0 0 0 0 0 0 0 0 0 0 0 0 0 0 0 0 0 0 0 0 0 0 0 0 0 0 0 0 0 0 0 0 0 0 0 0 0 0 0 0 0 0 0 0 0 0 0 0 0 0 0 0 0 0 0 0 0 0 0 1 0 1 0 0 0 0 0 0 0 0 0 0 0 0 0 0 0 0 0 0 0 0 0 0 0 0 0 0 0 0 0 0 0 0 0 0 0 0 0 0 0 0 0 0 0 0 0 0 0 0 0 0 0 0 0 0 0 0 0 0 0 0 0 0 0 0 0 0 0 0 0 0 0 0 0 0 0 0 0 0 0 0 0 0 0 0 0 0 0 0 1 0 0 0 0 0 0 0 0 0 0 0 0 0 0 0 0 0 0 0 0 0 0 0 0 0 0 0 0 0 0 1 0 0 0 0 0 0 0 0 0 0 0 0 0 0 0 0 0 0 0 0 0 0 0 0 0 0 0 0 0 0 0 1 0 0 0 0 0 0 0 0 0 0 0 0 0 0 0 0 0 0 0 0 0 0 0 0 0 0 0 0 0 0 0 0 0 0 0 0 0 0 0 0 0 0 0 0 0 0 0 0 0 0 0 0 0 0 0 0 0 0 0 0 0 0 0 0 0 0 0 0 0 0 0 0 0 0 0 0 0 0 0 0 0 0 0 0 0 0 0 0 0 0 0 0 0 0 0 0 0 0 0 0 0 0 0 0 0 0 0 0 0 0 0 0 0 0 0 0 0 0 0 0 0 0 0 0 0 0 0 0 1 0 0 0 0 0 0 0 0 0 0 0 0 0 0 0 0 0 0 0 0 0 0 0 1 0 0 0 0 0 0 0 1 0 0 0 0 0 0 0 0 0 0 0 0 0 0 0 1 0 0 0 0 0 0 0 0 0 0 0 0 0 0 0 0 0 0 0 0 0 0 0 0 0 0 0 0 0 0 0 0 0 0 0 0 0 0 0 0 0 0 0 0 0 0 0 0 0 0 0 0 0 0 0 0 0 0 0 0 0 0 0 0 0 0 0 0 0 0 0 0 0 0 0 0 0 0 0 0 0 1 0 0 0 0 0 0 0 0 0 0 0 0 0 0 0 0 0 0 0 0 0 0 0 0 1 0 0 0 0 0 0 0 0 0 0 0 0 0 0 0 0 0 0 0 0 0 0 0 0 1 0 0 0 0 0 0 0 0 0 0 0 0 0 0 0 0 0 0 0 0 0 0 0 0 0 0 0 0 0 0 0 0 0 0 0 0 0 0 0 0 0 0 0 0 0 0 0 0 0 0 0 0 0 0 0 0 0 0 0 0 0 0 0 0 0 0 0 0 0 0 0 0 0 0 0 0 0 0 0 0 0 0 0 0 0 0 0 0 0 0 0 0 0 0 0 0 0 0 0 0 0 0 0 0 0 0 0 0 0 0 0 0 0 0 0 0 0 0 0 0 0 0 0 0 0 0 0 0 0 0 0 0 0 0 0 0 0 0 0 0 0 0 0 0 0 0 0 0 0 0 0 0 0 0 0 0 0 0 0 0 0 0 0 0 0 0 0 0 0 0 0 0 0 0 0 0 0 0 0 0 0 0 0 0 0 0 0 0 0 0 0 0 0 0 0 0 0 0 0 0 0 0 0 0 0 0 0 0 0 0 0 0 0 0 0 0 0 0 0 0 0 0 0 0 0 0 0 0 0 0 0 0 0 0 0 0 0 0 0 0 0 0 2 0 0 0 0 0 0 0 0 0 0 0 0 0 0 0 0 0 0 0 0 0 0 0 0 0 0 0 0 0 0 0 0 0 0 0 0 0 0 0 0 0 0 0 0 0 0 0 0 0 0 0 0 0 0 0 0 0 0 0 0 0 0 0 0 0 0 0 0 0 0 0 0 0 0 0 0 0 0 0 0 0 0 0 1 0 0 0 0 0 0 0 0 0 0 0 0 0 0 0 0 0 0 0 0 0 0 0 0 0 0 0 0 0 0 0 0 0 0 0 0 0 0 0 0 0 0 0 0 0 0 0 0 0 0 0 0 0 0 0 0 0 0 0 0 0 0 0 0 0 0 0 0 0 0 0 0 0 0 0 0 0 0 0 0 0 0 0 0 0 0 0 0 0 0 0 1 0 0 1 0 0 0 0 0 0 0 0 0</VALUES>
        <MIN>1</MIN>
        <MAX>4086</MAX>
        <MEAN>205.825</MEAN>
        <STDV>101.549</STDV>
      </Histogram_Band>
      <Histogram_Band>
        <BAND_ID>B3</BAND_ID>
        <VALUES>0 1 0 0 0 1 0 0 0 1 1 0 1 0 1 0 0 2 1 1 0 0 5 1 2 1 2 3 2 6 3 8 8 8 9 9 11 20 16 24 38 76 272 1875 11445 37693 74247 139832 244836 384420 513355 563901 570685 542071 502347 437707 367024 319552 275578 240283 214174 201558 197083 229056 292096 316673 274893 211000 173817 166027 173984 191566 233257 281111 302638 279432 256836 245321 241407 232705 217925 205857 189848 165815 141337 120932 106791 91465 75271 57593 47240 39982 33396 29404 27156 24853 20732 15566 12212 10597 10772 12760 14023 13962 13949 13999 15308 15407 14953 14269 14483 15024 16072 15827 14940 13975 12125 10542 9155 8864 8505 7553 6954 6608 6807 6934 7028 7291 7414 7448 6990 6652 6589 6359 6074 5785 5582 5406 5326 5505 5122 4661 4535 4210 4136 3860 3807 3563 3377 3435 3252 3326 3371 3166 3046 3057 2997 3036 3081 3170 3258 3269 3407 3313 3418 3534 3840 4081 4437 4674 5061 5337 5613 5951 6408 6613 6511 6435 6288 6185 6011 5929 6027 6277 6350 6055 5681 5578 5662 5680 5655 5588 5765 5868 5748 5884 5934 5871 6113 6227 6036 6287 6115 6348 6179 6485 6539 6567 7069 6892 6961 7072 7162 7060 7138 7137 7274 7236 7324 7593 7511 7552 7769 7521 7714 7619 7903 7937 8299 8228 8242 8317 8393 8265 8282 8463 8631 8673 8802 8715 8973 8944 9103 9191 9381 9557 9593 9518 9612 9749 9645 9631 10041 9933 10092 10237 10339 10328 10192 10328 10532 10767 10647 10696 10751 11031 10992 11052 11243 11179 11120 11395 11299 11417 11278 11461 11634 11509 11474 11872 11855 11450 11711 11986 11759 11798 12076 12063 12064 12071 12085 12197 12041 12386 12150 12549 12360 12589 12468 12524 12637 12612 12489 12703 12613 12591 12691 12657 12776 12800 12822 12676 12755 12541 13008 12889 12789 13012 12822 12860 13014 13294 13218 13081 12926 13063 13124 13080 12991 13097 13338 13054 13164 13314 13253 13323 13276 13583 13447 13389 13385 13518 13524 13448 13477 13640 13723 13864 13895 13882 13975 13509 13852 14069 14075 14135 13926 14227 13965 14121 14008 14038 14275 14081 14073 14327 14274 14143 14409 14345 14306 14494 14397 14408 14286 14605 14471 14574 14535 14752 14607 14733 14680 14765 14725 14987 14559 15113 14871 14954 14712 14922 14738 14786 14977 14841 15041 14933 15160 15223 15058 15041 15205 15479 15482 15118 15275 15330 15688 15651 15701 15607 15845 15562 15690 15761 15813 15899 16091 16121 16016 16055 16259 16330 16225 16392 16428 16480 16482 16539 16696 16710 16590 17109 16884 17041 17294 17018 17167 17347 17318 17973 17607 17789 17905 17888 17999 18153 18198 18238 18403 18490 18638 18940 18901 19112 18916 18905 19244 19283 19582 19483 19805 19813 19921 19873 19750 19996 20309 20366 20720 20524 20572 21084 20876 20947 20972 21196 21268 21526 21815 22144 22216 22616 22521 22917 22867 22983 23123 23413 23546 23699 24026 24089 24440 24707 24843 25230 25439 25499 25537 25967 25472 26212 26167 26274 26342 26757 27061 27624 28004 27960 27850 28260 28529 28620 28975 29311 29197 29279 29322 29969 30142 30351 30438 30823 31000 30990 31538 31606 32196 32179 32382 32241 32602 32656 32806 33116 33469 33826 33876 33799 33758 33663 34208 34605 34896 34917 35232 35133 35240 35674 35438 35878 36046 36058 36666 36387 36726 36928 37357 37278 37510 37475 37853 37721 38093 37978 38463 38210 38327 38462 38398 38135 38677 38554 39050 39202 39215 39513 39454 39270 39742 39692 40220 39987 40262 40483 40785 40673 40489 40837 40803 40715 40792 40936 40892 40831 41244 41618 41272 41145 41054 41438 41409 41489 41239 41331 41430 41269 40967 41078 41694 41387 41567 41330 41626 41681 41578 41468 41522 41767 41722 41579 41340 41784 41490 41781 41406 41244 41317 41079 41388 41308 41492 40904 41394 41374 41308 41076 41025 41340 40819 41104 40890 41229 40917 40770 40737 40585 40995 41216 40397 40577 40490 40700 40698 40585 40724 40759 40515 40627 40650 40456 40594 40414 40801 40338 40603 40377 40171 40485 40518 39989 40003 40219 40310 40096 40448 39900 40669 40433 40005 40482 40371 40262 40266 40237 40686 40484 40351 40243 40372 40585 40578 40381 40609 40408 40372 40074 40203 40478 40474 40478 40170 40242 40748 40279 40764 40512 40427 40408 40394 40345 39914 40144 40493 40420 40496 40375 40327 39805 40192 40526 40485 40052 40388 40356 40485 40198 40508 40026 40737 40365 40077 40324 40108 40154 40506 40633 40154 40828 40280 40120 40467 40370 40164 40340 40681 40193 40314 40191 40451 40174 40398 40574 40679 40529 40253 40058 40275 40110 40446 40432 40474 40365 39970 40247 40164 40140 40512 40214 39946 40240 40428 40064 40189 39912 40052 40332 39855 40381 40503 40004 40200 39694 39951 40289 39960 40236 40072 40165 40112 39916 40097 39976 40079 39949 40001 39860 40177 39673 39664 39862 39832 39765 39659 39672 39673 39644 39937 39540 39636 39881 39737 39295 39416 39464 39493 39590 39246 39087 39692 39218 39435 39268 39103 39062 39252 39298 39002 39258 39357 39127 38660 38729 38856 38714 39002 38752 38690 38927 38846 38610 38412 38373 38495 38288 38529 38397 38344 38743 38368 38267 38380 37953 38111 37968 38475 37745 38025 37911 37890 37915 38038 37737 37263 37445 37542 37335 37472 37230 37019 37418 37462 37150 37094 36977 36922 37060 36858 36847 36732 36894 36883 36471 36666 36280 36399 36241 36002 36059 36163 35935 35862 35567 35865 35911 35512 35300 35278 35453 35656 35486 35069 35314 35220 34774 35107 34737 35017 34908 34901 34500 34223 34645 34434 34412 34408 34233 34046 34052 33858 33914 33628 33499 33588 33654 33557 33316 33442 33449 33144 32811 33332 32885 32860 32571 32556 32772 32504 32231 32498 32303 32455 32232 32124 32059 31818 31877 31925 31980 31508 31407 31700 31091 31075 30908 30646 31240 30728 30896 30501 30661 30589 30604 30075 30304 30392 30020 30056 30019 30102 29779 29667 29717 29637 29368 29035 29105 29391 29385 29051 29495 28903 28753 28729 28585 28537 28573 28335 28461 28322 28135 28127 28060 27703 27977 27650 27470 27828 27573 27368 27084 27086 26956 27017 27016 26806 26679 26715 26904 26734 26376 26508 26360 26189 26374 26128 25943 25524 25728 25644 25732 25753 25872 25316 25253 25164 25308 25126 24845 24833 25086 24773 24809 24461 24433 24287 24247 24150 24430 24053 23945 23742 23717 23804 23206 23483 23378 23481 23253 23485 22904 22997 22879 22730 22457 22749 22820 22639 22620 22468 22154 22134 22143 21934 21709 22092 21821 21740 21671 21447 21482 21659 21492 21367 21325 21096 21190 21244 20817 20992 20598 20886 21237 20859 20517 20573 20637 20416 20259 20329 20349 20144 20311 19925 20180 20063 19735 19903 20003 19609 19781 19525 19493 19243 19338 19032 19072 19079 18937 18960 18934 18635 18624 18407 18642 18463 18468 18277 18252 18263 18251 18052 17887 17711 17669 17866 17989 17523 17626 17115 17174 17153 17388 17245 16988 16963 16750 16486 16695 16472 16248 16336 16349 16260 16049 16208 16056 16008 15635 15666 15569 15408 15538 15233 15285 15330 15338 14910 14872 14751 14714 14804 14607 14539 14397 14120 14383 14076 14351 14177 14044 13695 13875 13806 13505 13452 13346 13329 13207 13180 12936 13023 12863 12849 12760 12691 12632 12408 12429 12461 12321 12214 12116 12074 11795 11732 11796 11676 11464 11572 11426 11403 11154 11127 11144 11044 11042 10796 10834 10626 10570 10569 10499 10311 10482 10374 10307 9977 9896 9832 9695 9745 9790 9481 9530 9235 9452 9424 9369 9028 9138 8804 8990 8826 8758 8657 8926 8677 8295 8518 8386 8266 8208 8090 8176 7955 7942 7741 7804 7803 7697 7505 7600 7504 7553 7361 7159 7244 7152 7204 7098 7091 6867 6739 6828 6741 6731 6739 6672 6369 6232 6372 6352 6185 6144 6136 6123 5995 6023 5953 5888 5807 5831 5621 5729 5652 5488 5507 5522 5510 5299 5258 5284 5123 5273 5080 5077 5041 4947 4886 4826 4827 4847 4659 4751 4596 4642 4561 4459 4410 4308 4323 4361 4320 4340 4173 4352 4062 4068 4101 3890 4033 3992 3891 3847 3888 3762 3686 3715 3845 3652 3758 3561 3535 3612 3441 3414 3423 3588 3411 3276 3285 3290 3274 3276 3199 3162 3126 3177 2999 3146 2997 2927 2956 2980 2976 2951 2842 2921 2863 2811 2853 2671 2753 2751 2623 2665 2614 2638 2585 2490 2514 2479 2514 2492 2358 2511 2460 2512 2403 2317 2409 2303 2350 2308 2231 2271 2342 2222 2269 2246 2120 2249 2124 2188 2194 2091 2110 2022 2052 2024 2117 2005 2047 2027 1997 1944 1897 1877 1905 1875 1922 1890 1917 1846 1790 1782 1858 1747 1701 1725 1701 1678 1650 1665 1618 1585 1598 1630 1562 1620 1584 1531 1591 1554 1537 1484 1425 1434 1567 1520 1439 1380 1419 1362 1336 1351 1341 1327 1324 1314 1345 1297 1321 1271 1268 1138 1270 1255 1155 1180 1181 1182 1130 1143 1101 1073 1063 1012 1053 1041 970 1031 1023 995 970 988 970 1000 1003 1007 937 942 928 927 956 962 908 944 877 952 925 937 918 862 923 921 894 863 834 867 876 867 846 846 880 828 782 875 891 836 884 843 890 839 845 839 794 855 768 820 819 740 779 774 744 742 784 682 747 710 691 719 644 593 651 640 627 589 598 575 563 562 525 542 532 512 552 523 506 511 430 445 432 452 426 431 427 438 415 361 397 371 343 365 349 357 371 329 344 321 289 269 277 289 289 255 267 222 216 254 215 230 209 207 209 196 212 226 187 209 179 184 164 181 190 198 177 175 178 177 186 175 147 140 164 168 154 155 157 155 142 146 141 141 148 134 132 108 135 136 130 138 129 114 123 133 128 130 116 78 94 95 108 121 109 97 96 87 112 93 92 97 100 87 89 85 93 78 78 71 60 71 64 54 75 54 72 51 55 74 68 54 60 60 64 51 55 43 53 55 79 53 57 51 45 64 50 42 47 52 58 38 38 38 44 40 38 49 43 52 36 52 56 51 42 48 43 32 40 45 37 39 48 38 29 40 43 43 39 28 43 44 49 45 39 45 50 36 53 35 36 31 36 40 44 25 37 30 44 38 30 37 30 34 36 33 36 30 26 26 41 37 37 32 31 37 34 41 29 36 34 31 33 30 28 36 33 30 27 25 27 22 25 22 29 29 23 20 25 29 21 20 24 22 27 26 30 34 23 20 29 35 35 22 26 22 15 21 20 21 27 33 28 25 27 24 20 25 27 32 35 26 28 21 22 29 23 27 19 25 28 40 23 27 19 16 16 26 28 18 29 22 28 22 21 24 26 24 22 14 31 15 24 29 20 25 17 24 12 24 23 14 13 15 17 14 12 14 12 12 14 14 19 20 23 22 19 9 16 18 19 17 8 12 17 10 13 16 15 22 20 19 6 15 16 9 10 15 18 17 20 21 7 15 11 14 11 13 18 13 16 15 7 12 12 15 15 7 16 10 8 15 14 13 6 6 13 18 11 13 14 11 9 8 14 12 13 11 7 3 17 6 6 8 13 8 12 7 11 9 14 9 5 12 10 5 9 14 9 13 11 9 9 14 8 10 6 9 5 11 8 12 6 12 10 11 6 6 4 11 4 4 10 3 7 9 8 8 8 5 9 7 7 11 9 10 8 11 13 6 8 6 5 10 4 9 6 5 6 4 7 3 7 4 13 3 7 8 9 7 5 11 11 4 2 2 11 9 7 4 4 6 8 10 6 4 2 9 11 8 4 7 8 4 3 8 6 6 4 4 7 7 7 7 4 5 6 6 4 6 4 8 5 10 6 6 5 4 7 4 8 7 6 5 5 6 8 6 3 8 5 3 6 5 2 9 3 4 2 5 10 5 3 5 9 5 5 4 4 3 6 5 9 3 7 1 6 6 8 6 12 2 8 3 7 7 7 1 4 1 4 6 3 9 5 7 4 3 4 4 6 4 3 1 8 6 5 1 6 3 6 4 5 4 8 4 4 10 4 4 4 8 5 2 2 5 6 2 4 6 6 2 4 7 2 7 6 3 3 4 3 4 4 1 8 1 7 4 4 3 5 4 3 3 4 1 3 6 1 5 3 3 4 5 4 6 0 7 4 2 7 3 3 5 1 2 4 2 2 2 6 5 2 1 3 5 6 1 3 3 2 2 3 1 2 5 3 1 1 3 1 1 3 6 3 1 4 3 0 4 1 2 1 3 3 4 2 0 2 1 2 3 2 1 2 3 2 3 1 5 0 3 3 3 1 0 3 0 4 1 1 3 2 3 2 1 3 1 1 1 2 1 4 1 1 3 4 2 2 0 3 1 0 4 1 3 5 1 0 1 1 2 3 1 0 3 1 8 1 1 3 3 0 2 3 2 2 1 0 2 0 5 3 1 1 3 3 3 1 2 1 1 0 0 2 0 2 3 3 0 0 0 3 1 2 3 2 4 0 3 0 2 0 2 1 4 2 2 2 5 1 2 1 3 1 1 0 2 0 2 1 1 0 3 1 2 0 0 0 3 0 1 1 0 0 2 2 2 0 1 2 0 0 1 1 0 1 1 3 1 2 2 2 0 1 0 0 2 1 1 1 0 0 0 0 1 2 0 0 2 1 2 0 0 0 0 0 4 1 0 0 3 1 0 0 0 4 1 0 0 1 2 0 0 0 0 1 0 2 1 0 1 3 0 0 1 0 0 0 0 0 0 0 3 1 0 0 0 0 0 0 1 0 0 1 0 1 0 1 1 0 0 0 0 1 0 0 0 2 0 1 0 0 0 0 0 0 0 0 0 0 0 1 1 0 0 2 0 1 1 0 0 1 0 0 0 0 0 0 0 0 0 1 0 0 1 2 0 0 0 0 0 0 0 2 1 0 0 1 0 1 0 1 0 1 1 0 0 0 0 0 0 1 0 0 0 3 0 1 0 0 1 1 2 0 1 1 0 0 0 0 0 0 0 1 0 0 1 0 1 1 2 0 0 1 0 0 0 0 0 1 0 0 0 0 0 0 0 0 0 1 0 0 0 0 0 0 1 0 0 1 0 0 1 0 0 0 1 0 1 0 1 0 0 0 0 1 0 1 0 1 1 0 0 0 0 0 0 0 0 0 0 1 0 0 0 0 0 0 0 0 0 0 0 0 0 2 0 0 0 0 0 1 0 0 0 0 1 0 1 1 1 1 1 0 0 0 0 0 0 0 0 1 0 0 1 2 1 0 1 0 1 0 0 0 1 0 0 1 0 0 0 0 0 1 0 0 0 0 0 0 0 0 0 0 1 0 0 0 0 0 0 0 0 2 0 1 1 0 0 0 0 1 0 0 0 0 0 0 0 1 0 0 1 0 0 0 0 0 0 0 0 0 0 0 0 0 0 0 0 0 0 0 0 0 1 0 0 1 0 0 0 0 1 0 0 0 1 0 0 0 0 0 0 0 0 0 0 0 0 0 0 0 0 0 0 0 0 0 0 0 0 0 0 0 0 0 0 0 0 0 0 0 1 0 0 2 0 0 0 0 0 0 0 0 0 0 0 0 0 0 0 0 0 0 0 0 0 0 0 0 0 1 0 0 0 0 0 0 0 0 0 0 0 0 0 0 0 0 0 0 0 0 0 0 0 0 0 0 0 0 0 0 0 0 0 0 0 0 0 0 0 0 0 0 0 0 0 0 0 0 0 1 0 0 0 0 0 0 0 0 0 0 0 0 0 0 0 0 0 0 0 0 0 0 0 0 0 0 0 0 0 0 0 1 0 0 0 0 0 0 0 0 0 0 0 0 0 0 0 0 0 0 0 0 0 0 0 0 0 0 0 0 0 0 0 0 0 0 0 0 0 0 0 0 0 0 0 0 0 0 0 0 0 0 0 0 0 0 0 0 0 0 0 0 1 0 0 0 0 0 0 0 0 0 0 0 0 0 1 0 0 0 0 0 0 0 0 0 0 0 0 0 0 0 0 0 0 0 0 0 0 0 0 0 0 0 0 0 0 0 0 0 0 0 0 0 0 0 0 0 0 1 0 0 0 0 0 0 0 0 0 0 0 0 0 0 0 0 0 0 0 0 0 0 0 0 0 0 0 0 0 0 0 0 0 0 0 0 0 0 0 0 1 0 0 0 0 0 0 0 0 0 0 0 0 0 0 0 0 0 0 0 0 0 0 0 0 0 0 0 0 0 0 0 0 1 0 0 0 0 0 0 0 0 0 0 0 0 0 0 0 0 0 0 0 0 0 0 0 0 0 0 0 0 0 0 0 0 0 0 0 0 0 0 0 0 0 0 0 0 0 0 0 0 0 0 0 0 0 0 0 0 0 0 0 0 0 0 0 0 0 0 0 0 0 0 1 0 0 0 0 0 0 0 0 0 0 0 0 0 0 0 0 0 0 0 0 0 0 0 0 0 0 0 0 0 0 0 0 0 0 0 0 0 0 0 1 0 0 0 0 0 0 0 0 0 0 0 0 0 0 0 0 0 0 0 0 0 0 0 0 0 0 0 0 0 0 0 0 0 0 0 0 0 0 0 0 0 0 0 0 0 0 0 0 0 0 0 0 0 0 0 0 0 0 0 0 0 0 1 0 0 0 0 0 0 0 0 0 0 0 0 0 0 0 0 0 0 0 0 0 0 0 0 0 0 0 0 0 0 0 0 0 0 0 0 0 0 0 0 0 0 0 0 0 0 0 0 0 0 0 0 0 0 1 0 0 0 0 0 0 0 1 0 0 0 0 0 0 0 0 0 0 0 0 0 0 0 0 0 0 0 0 0 0 0 0 0 0 0 0 0 0 0 0 1 0 0 1 0 0 0 0 0 0 0 0 0 0 0 0 0 0 0 0 0 0 0 0 0 0 0 0 0 0 0 0 0 0 0 0 0 0 0 0 0 0 0 0 1 0 0 0 0 0 0 0 0 0 1 1 1 0 0 0 0 0 0 0 0 0 0 0 0 0 0 0 0 1 0 0 0 0 0 0 0 0 0 0 0 0 0 0 0 0 0 0 0 0 0 0 0 0 0 0 0 0 0 0 0 0 0 0 0 0 0 0 0 0 0 0 0 0 0 0 0 0 0 1 0 0 0 0 0 0 0 0 0 0 0 0 0 0 0 0 0 0 0 0 0 0 0 0 0 0 0 0 0 0 0 0 0 0 0 0 0 0 0 0 0 0 0 0 0 0 0 0 0 0 0 1 0 0 0 0 0 0 0 0 0 0 0 0 0 0 0 0 0 1 0 0 0 0 0 0 0 0 0 0 0 0 0 0 0 0 0 0 0 0 0 0 0 0 0 0 0 0 0 0 0 0 0 0 0 1 1 0 0 0 0 0 0 0 0 0 0 0 0 0 0 1 0 0 0 0 0 0 0 0 0 0 0 0 0 0 0 0 0 0 0 0 0 0 0 0 0 0 0 0 0 0 0 0 0 0 0 0 0 0 0 0 0 0 0 0 0 0 0 0 0 0 0 0 0 0 0 0 0 0 0 0 0 0 0 0 0 0 0 0 0 0 0 0 0 0 0 0 0 0 0 0 0 0 0 0 0 0 0 0 0 0 0 0 0 0 0 0 0 0 0 0 0 0 0 0 0 0 0 0 0 0 0 0 0 0 0 0 0 0 0 0 0 0 0 0 0 0 0 0 0 0 0 0 0 0 0 0 0 0 0 0 0 0 0 0 0 0 0 0 0 0 0 0 0 0 0 0 0 0 0 0 0 0 0 0 0 0 0 0 0 0 0 0 0 0 0 0 0 0 0 0 1 0 0 0 0 0 0 0 0 0 0 0 1 0 0 0 0 0 0 0 0 0 0 0 0 0 0 0 0 0 0 0 0 0 0 0 0 0 0 0 0 0 0 0 0 0 0 0 0 0 0 0 0 0 0 0 0 0 0 0 0 0 0 0 0 0 0 0 0 0 0 0 0 0 0 0 0 0 0 0 0 0 0 0 0 0 0 0 0 0 0 0 0 0 0 0 0 0 0 0 0 0 0 1 0 0 0 0 0 0 0 0 0 0 0 0 0 0 0 0 0 0 0 0 0 0 0 0 0 0 0 0 0 0 0 0 0 0 0 0 0 0 0 0 0 0 0 0 0 0 0 0 0 1 0 0 0 0 0 0 0 0 1 0 0 0 0 0 0 0 0 0 0 0 0 0 0 0 0 0 0 0 0 0 0 0 0 0 0 0 0 0 0 0 0 0 0 0 0 0 0 0 0 0 0 0 0 0 0 0 0 0 0 0 0 0 0 0 0 0 0 0 0 0 0 0 0 0 0 0 0 0 0 0 0 0 0 0 0 0 0 0 0 0 0 0 0 0 0 0 0 0 0 0 0 0 0 1 0 0 0 0 0 0 0 0 0 0 0 0 0 0 0 0 0 0 0 0 0 1 0 0 0 0 0 0 0 0 0 1 0 0 1 0 0 0 0 0 0 0</VALUES>
        <MIN>1</MIN>
        <MAX>4088</MAX>
        <MEAN>552.583</MEAN>
        <STDV>385.422</STDV>
      </Histogram_Band>
    </Histogram_Band_List>
    <Radiometric_Calibration>
      <Instrument_Calibration>
        <Band_Measurement_List>
          <Band_Spectral_Range>
            <BAND_ID>B0</BAND_ID>
            <CALIBRATION_DATE>2011-12-17T00:00:00.000Z</CALIBRATION_DATE>
            <MEASURE_DESC>Spectral range value of raw radiometric Band</MEASURE_DESC>
            <MEASURE_UNIT>micrometers</MEASURE_UNIT>
            <MEASURE_UNCERTAINTY>Specification accuracy value</MEASURE_UNCERTAINTY>
            <MIN>0.43</MIN>
            <MAX>0.55</MAX>
          </Band_Spectral_Range>
          <Band_Spectral_Range>
            <BAND_ID>B1</BAND_ID>
            <CALIBRATION_DATE>2011-12-17T00:00:00.000Z</CALIBRATION_DATE>
            <MEASURE_DESC>Spectral range value of raw radiometric Band</MEASURE_DESC>
            <MEASURE_UNIT>micrometers</MEASURE_UNIT>
            <MEASURE_UNCERTAINTY>Specification accuracy value</MEASURE_UNCERTAINTY>
            <MIN>0.50</MIN>
            <MAX>0.62</MAX>
          </Band_Spectral_Range>
          <Band_Spectral_Range>
            <BAND_ID>B2</BAND_ID>
            <CALIBRATION_DATE>2011-12-17T00:00:00.000Z</CALIBRATION_DATE>
            <MEASURE_DESC>Spectral range value of raw radiometric Band</MEASURE_DESC>
            <MEASURE_UNIT>micrometers</MEASURE_UNIT>
            <MEASURE_UNCERTAINTY>Specification accuracy value</MEASURE_UNCERTAINTY>
            <MIN>0.59</MIN>
            <MAX>0.71</MAX>
          </Band_Spectral_Range>
          <Band_Spectral_Range>
            <BAND_ID>B3</BAND_ID>
            <CALIBRATION_DATE>2011-12-17T00:00:00.000Z</CALIBRATION_DATE>
            <MEASURE_DESC>Spectral range value of raw radiometric Band</MEASURE_DESC>
            <MEASURE_UNIT>micrometers</MEASURE_UNIT>
            <MEASURE_UNCERTAINTY>Specification accuracy value</MEASURE_UNCERTAINTY>
            <MIN>0.74</MIN>
            <MAX>0.94</MAX>
          </Band_Spectral_Range>
          <Band_Radiance>
            <BAND_ID>B0</BAND_ID>
            <CALIBRATION_DATE>2021-10-01T16:00:00.000Z</CALIBRATION_DATE>
            <MEASURE_DESC>Raw radiometric count (DN) to TOA Radiance (L). Formulae L=DN/GAIN+BIAS</MEASURE_DESC>
            <MEASURE_UNIT>watt/m2/steradians/micrometers</MEASURE_UNIT>
            <MEASURE_UNCERTAINTY>Specification accuracy value</MEASURE_UNCERTAINTY>
            <GAIN>8.85</GAIN>
            <BIAS>0</BIAS>
          </Band_Radiance>
          <Band_Radiance>
            <BAND_ID>B1</BAND_ID>
            <CALIBRATION_DATE>2021-10-01T16:00:00.000Z</CALIBRATION_DATE>
            <MEASURE_DESC>Raw radiometric count (DN) to TOA Radiance (L). Formulae L=DN/GAIN+BIAS</MEASURE_DESC>
            <MEASURE_UNIT>watt/m2/steradians/micrometers</MEASURE_UNIT>
            <MEASURE_UNCERTAINTY>Specification accuracy value</MEASURE_UNCERTAINTY>
            <GAIN>8.89</GAIN>
            <BIAS>0</BIAS>
          </Band_Radiance>
          <Band_Radiance>
            <BAND_ID>B2</BAND_ID>
            <CALIBRATION_DATE>2021-10-01T16:00:00.000Z</CALIBRATION_DATE>
            <MEASURE_DESC>Raw radiometric count (DN) to TOA Radiance (L). Formulae L=DN/GAIN+BIAS</MEASURE_DESC>
            <MEASURE_UNIT>watt/m2/steradians/micrometers</MEASURE_UNIT>
            <MEASURE_UNCERTAINTY>Specification accuracy value</MEASURE_UNCERTAINTY>
            <GAIN>9.95</GAIN>
            <BIAS>0</BIAS>
          </Band_Radiance>
          <Band_Radiance>
            <BAND_ID>B3</BAND_ID>
            <CALIBRATION_DATE>2021-10-01T16:00:00.000Z</CALIBRATION_DATE>
            <MEASURE_DESC>Raw radiometric count (DN) to TOA Radiance (L). Formulae L=DN/GAIN+BIAS</MEASURE_DESC>
            <MEASURE_UNIT>watt/m2/steradians/micrometers</MEASURE_UNIT>
            <MEASURE_UNCERTAINTY>Specification accuracy value</MEASURE_UNCERTAINTY>
            <GAIN>15.24</GAIN>
            <BIAS>0</BIAS>
          </Band_Radiance>
          <Band_Solar_Irradiance>
            <BAND_ID>B0</BAND_ID>
            <CALIBRATION_DATE>2011-12-17T00:00:00.000Z</CALIBRATION_DATE>
            <MEASURE_DESC>Solar irradiance value of raw radiometric Band</MEASURE_DESC>
            <MEASURE_UNIT>watt/m2/micron</MEASURE_UNIT>
            <MEASURE_UNCERTAINTY>Specification</MEASURE_UNCERTAINTY>
            <VALUE>1915.0</VALUE>
          </Band_Solar_Irradiance>
          <Band_Solar_Irradiance>
            <BAND_ID>B1</BAND_ID>
            <CALIBRATION_DATE>2011-12-17T00:00:00.000Z</CALIBRATION_DATE>
            <MEASURE_DESC>Solar irradiance value of raw radiometric Band</MEASURE_DESC>
            <MEASURE_UNIT>watt/m2/micron</MEASURE_UNIT>
            <MEASURE_UNCERTAINTY>Specification</MEASURE_UNCERTAINTY>
            <VALUE>1831.0</VALUE>
          </Band_Solar_Irradiance>
          <Band_Solar_Irradiance>
            <BAND_ID>B2</BAND_ID>
            <CALIBRATION_DATE>2011-12-17T00:00:00.000Z</CALIBRATION_DATE>
            <MEASURE_DESC>Solar irradiance value of raw radiometric Band</MEASURE_DESC>
            <MEASURE_UNIT>watt/m2/micron</MEASURE_UNIT>
            <MEASURE_UNCERTAINTY>Specification</MEASURE_UNCERTAINTY>
            <VALUE>1594.0</VALUE>
          </Band_Solar_Irradiance>
          <Band_Solar_Irradiance>
            <BAND_ID>B3</BAND_ID>
            <CALIBRATION_DATE>2011-12-17T00:00:00.000Z</CALIBRATION_DATE>
            <MEASURE_DESC>Solar irradiance value of raw radiometric Band</MEASURE_DESC>
            <MEASURE_UNIT>watt/m2/micron</MEASURE_UNIT>
            <MEASURE_UNCERTAINTY>Specification</MEASURE_UNCERTAINTY>
            <VALUE>1060.0</VALUE>
          </Band_Solar_Irradiance>
        </Band_Measurement_List>
      </Instrument_Calibration>
    </Radiometric_Calibration>
  </Radiometric_Data>
  <Geometric_Data>
    <Refined_Model>
      <MODEL_USED>SENSOR</MODEL_USED>
      <Coordinate_Reference_System>
        <Geodetic_CRS>
          <GEODETIC_CRS_TYPE>GEOCENTRIC</GEODETIC_CRS_TYPE>
          <GEODETIC_CRS_NAME>WGS 1984</GEODETIC_CRS_NAME>
          <GEODETIC_CRS_CODE>urn:ogc:def:crs:EPSG::4978</GEODETIC_CRS_CODE>
          <Coordinate_System>
            <CS_TYPE>CARTESIAN</CS_TYPE>
            <CS_NAME>Earth centered, earth fixed, righthanded 3D coordinate system, consisting of 3 orthogonal axes with X and Y axes in the equatorial plane, positive Z-axis parallel to mean earth rotation axis and pointing towards North Pole. UoM: m</CS_NAME>
            <CS_CODE>urn:ogc:def:cs:EPSG::6500</CS_CODE>
            <CS_Axes>
              <CS_Axis>
                <CS_AXIS_NAME>Geocentric X</CS_AXIS_NAME>
                <CS_AXIS_ORIENTATION>Geocentre to equator/0degE</CS_AXIS_ORIENTATION>
                <CS_AXIS_UNIT>m</CS_AXIS_UNIT>
              </CS_Axis>
              <CS_Axis>
                <CS_AXIS_NAME>Geocentric Y</CS_AXIS_NAME>
                <CS_AXIS_ORIENTATION>Geocentre to equator/90degE</CS_AXIS_ORIENTATION>
                <CS_AXIS_UNIT>m</CS_AXIS_UNIT>
              </CS_Axis>
              <CS_Axis>
                <CS_AXIS_NAME>Geocentric Z</CS_AXIS_NAME>
                <CS_AXIS_ORIENTATION>Geocentre to north pole</CS_AXIS_ORIENTATION>
                <CS_AXIS_UNIT>m</CS_AXIS_UNIT>
              </CS_Axis>
            </CS_Axes>
          </Coordinate_System>
          <Geodetic_Datum>
            <GEODETIC_DATUM_NAME>World Geodetic System 1984</GEODETIC_DATUM_NAME>
            <GEODETIC_DATUM_CODE>urn:ogc:def:datum:EPSG::6326</GEODETIC_DATUM_CODE>
            <GEODETIC_DATUM_PARAMETERS>On 20/1/2002 WGS 84 (G1150)</GEODETIC_DATUM_PARAMETERS>
          </Geodetic_Datum>
          <Coordinate_Transformation>
            <CT_NAME>ITRF to WGS84 transformation parameters</CT_NAME>
            <CT_SOURCE_CRS_NAME>ITRF 2005</CT_SOURCE_CRS_NAME>
            <CT_SOURCE_CRS_CODE>urn:ogc:def:crs:EPSG::4896</CT_SOURCE_CRS_CODE>
            <CT_TARGET_CRS_NAME>WGS 1984</CT_TARGET_CRS_NAME>
            <CT_TARGET_CRS_CODE>urn:ogc:def:crs:EPSG::4978</CT_TARGET_CRS_CODE>
            <CT_Parameters>
              <CT_PARAMETERS_DESC>7-Parameter-Helmert-Transformation derived from : X-axis translation =0m, Y-axis translation=0m, Z-axis translation=0m, X-axis rotation=0m, Y-axis rotation=0m, Z-axis rotation=0m, Scale difference=0</CT_PARAMETERS_DESC>
            </CT_Parameters>
          </Coordinate_Transformation>
        </Geodetic_CRS>
        <Temporal_CRS>
          <CRS_TABLES version="0.0">ITU</CRS_TABLES>
          <TEMPORAL_CRS_NAME>UTC</TEMPORAL_CRS_NAME>
        </Temporal_CRS>
      </Coordinate_Reference_System>
      <Time>
        <Time_Range>
          <START>2021-10-12T11:30:27.9522920Z</START>
          <END>2021-10-12T11:30:32.1494360Z</END>
        </Time_Range>
        <Time_Stamp>
          <LINE_PERIOD>0.294</LINE_PERIOD>
        </Time_Stamp>
      </Time>
      <Ephemeris>
        <EPHEMERIS_USED>CORRECTED</EPHEMERIS_USED>
        <Point_List>
          <Point>
            <LOCATION_XYZ unit="m">4051805.811 -165431.394 5791264.593</LOCATION_XYZ>
            <VELOCITY_XYZ unit="m/s">5881.326797489077 -2107.492439094058 -4164.978950512595</VELOCITY_XYZ>
            <TIME>2021-10-12T11:28:23.000000Z</TIME>
          </Point>
          <Point>
            <LOCATION_XYZ unit="m">4225655.555 -237806.553 5663398.24</LOCATION_XYZ>
            <VELOCITY_XYZ unit="m/s">5737.071147564799 -2113.403433950298 -4358.725816452876</VELOCITY_XYZ>
            <TIME>2021-10-12T11:28:53.000000Z</TIME>
          </Point>
          <Point>
            <LOCATION_XYZ unit="m">4394931.158 -310692.863 5529785.086</LOCATION_XYZ>
            <VELOCITY_XYZ unit="m/s">5587.004356898367 -2116.540880037588 -4548.066433856264</VELOCITY_XYZ>
            <TIME>2021-10-12T11:29:23.000000Z</TIME>
          </Point>
          <Point>
            <LOCATION_XYZ unit="m">4559459.69 -383996.482 5390560.224</LOCATION_XYZ>
            <VELOCITY_XYZ unit="m/s">5431.288810409606 -2116.876125620736 -4732.807826733217</VELOCITY_XYZ>
            <TIME>2021-10-12T11:29:53.000000Z</TIME>
          </Point>
          <Point>
            <LOCATION_XYZ unit="m">4719073.39 -457622.39 5245864.47</LOCATION_XYZ>
            <VELOCITY_XYZ unit="m/s">5270.092863117345 -2114.384096035676 -4912.761592091061</VELOCITY_XYZ>
            <TIME>2021-10-12T11:30:23.000000Z</TIME>
          </Point>
          <Point>
            <LOCATION_XYZ unit="m">4873609.843 -531474.507 5095844.218</LOCATION_XYZ>
            <VELOCITY_XYZ unit="m/s">5103.590596743859 -2109.043339782045 -5087.744106939994</VELOCITY_XYZ>
            <TIME>2021-10-12T11:30:53.000000Z</TIME>
          </Point>
          <Point>
            <LOCATION_XYZ unit="m">5022912.15 -605455.816 4940651.3</LOCATION_XYZ>
            <VELOCITY_XYZ unit="m/s">4931.961605682969 -2100.836057126988 -5257.576666287147</VELOCITY_XYZ>
            <TIME>2021-10-12T11:31:23.000000Z</TIME>
          </Point>
          <Point>
            <LOCATION_XYZ unit="m">5166829.095 -679468.483 4780442.831</LOCATION_XYZ>
            <VELOCITY_XYZ unit="m/s">4755.390855751932 -2089.748140926939 -5422.085598139092</VELOCITY_XYZ>
            <TIME>2021-10-12T11:31:53.000000Z</TIME>
          </Point>
          <Point>
            <LOCATION_XYZ unit="m">5305215.306 -753413.982 4615381.06</LOCATION_XYZ>
            <VELOCITY_XYZ unit="m/s">4574.068585305475 -2075.769239887479 -5581.102457501926</VELOCITY_XYZ>
            <TIME>2021-10-12T11:32:23.000000Z</TIME>
          </Point>
          <Point>
            <LOCATION_XYZ unit="m">5437931.409 -827193.225 4445633.209</LOCATION_XYZ>
            <VELOCITY_XYZ unit="m/s">4388.190140717663 -2058.892822333612 -5734.464286383241</VELOCITY_XYZ>
            <TIME>2021-10-12T11:32:53.000000Z</TIME>
          </Point>
        </Point_List>
      </Ephemeris>
      <Attitudes>
        <ATTITUDES_USED>ACCURATE</ATTITUDES_USED>
        <Polynomial_Quaternions>
          <OFFSET>41430.15625</OFFSET>
          <SCALE>2.375</SCALE>
          <Q0>
            <DEGREE>3</DEGREE>
            <COEFFICIENTS>0.126895010891427 0.0020822389667634 -4.72081062249058e-05 -5.14495251083631e-07</COEFFICIENTS>
          </Q0>
          <Q1>
            <DEGREE>3</DEGREE>
            <COEFFICIENTS>-0.92143532941299 0.000857483454407003 9.77609085231635e-06 -2.70904143459253e-07</COEFFICIENTS>
          </Q1>
          <Q2>
            <DEGREE>3</DEGREE>
            <COEFFICIENTS>0.0730595377687962 0.00397697513281131 2.35909173846761e-05 1.89025988185428e-06</COEFFICIENTS>
          </Q2>
          <Q3>
            <DEGREE>3</DEGREE>
            <COEFFICIENTS>0.359884558063396 0.000653924490780083 7.2556783415022e-06 -9.35402380676168e-07</COEFFICIENTS>
          </Q3>
        </Polynomial_Quaternions>
      </Attitudes>
      <Instrument_Configuration>
        <FOCAL_LENGTH>12.905</FOCAL_LENGTH>
        <DETECTOR_SIZE_COL>52e-06</DETECTOR_SIZE_COL>
        <DETECTOR_SIZE_ROW>52e-06</DETECTOR_SIZE_ROW>
      </Instrument_Configuration>
      <Geometric_Calibration>
        <Instrument_Calibration>
          <Swath_Range>
            <FIRST_COL>5775</FIRST_COL>
            <LAST_COL>9833</LAST_COL>
          </Swath_Range>
          <Polynomial_Look_Angles>
            <XLOS_0>-0.014222</XLOS_0>
            <XLOS_1>2.8452e-06</XLOS_1>
            <YLOS_0>8e-05</YLOS_0>
          </Polynomial_Look_Angles>
          <Instrument_Biases>
            <YAW>0.0</YAW>
            <PITCH>0.0</PITCH>
            <ROLL>0.0</ROLL>
          </Instrument_Biases>
        </Instrument_Calibration>
      </Geometric_Calibration>
    </Refined_Model>
    <Use_Area>
      <Located_Geometric_Values>
        <LOCATION_TYPE>Top Center</LOCATION_TYPE>
        <TIME>2021-10-12T11:30:28.031Z</TIME>
        <GEOMETRIC_GLIDING>0.005246599773859995</GEOMETRIC_GLIDING>
        <Acquisition_Angles>
          <AZIMUTH_ANGLE>179.8371824820706</AZIMUTH_ANGLE>
          <VIEWING_ANGLE_ACROSS_TRACK unit="deg">11.99317604650839</VIEWING_ANGLE_ACROSS_TRACK>
          <VIEWING_ANGLE_ALONG_TRACK unit="deg">-3.552329009523695</VIEWING_ANGLE_ALONG_TRACK>
          <VIEWING_ANGLE unit="deg">12.4793769724603</VIEWING_ANGLE>
          <INCIDENCE_ANGLE_ALONG_TRACK>0.7711434077315635</INCIDENCE_ANGLE_ALONG_TRACK>
          <INCIDENCE_ANGLE_ACROSS_TRACK>-13.91506787106797</INCIDENCE_ANGLE_ACROSS_TRACK>
          <INCIDENCE_ANGLE>13.93478848302252</INCIDENCE_ANGLE>
        </Acquisition_Angles>
        <Solar_Incidences>
          <SUN_AZIMUTH unit="deg">170.8466333337399</SUN_AZIMUTH>
          <SUN_ELEVATION unit="deg">34.33848170927126</SUN_ELEVATION>
        </Solar_Incidences>
        <Ground_Sample_Distance>
          <GSD_ACROSS_TRACK unit="m">0.7196178300976328</GSD_ACROSS_TRACK>
          <GSD_ALONG_TRACK unit="m">0.7437719138306859</GSD_ALONG_TRACK>
        </Ground_Sample_Distance>
      </Located_Geometric_Values>
      <Located_Geometric_Values>
        <LOCATION_TYPE>Center</LOCATION_TYPE>
        <TIME>2021-10-12T11:30:30.031Z</TIME>
        <GEOMETRIC_GLIDING>0.00666078350524546</GEOMETRIC_GLIDING>
        <Acquisition_Angles>
          <AZIMUTH_ANGLE>180.0254602902692</AZIMUTH_ANGLE>
          <VIEWING_ANGLE_ACROSS_TRACK unit="deg">12.29695130912816</VIEWING_ANGLE_ACROSS_TRACK>
          <VIEWING_ANGLE_ALONG_TRACK unit="deg">-3.568259819210916</VIEWING_ANGLE_ALONG_TRACK>
          <VIEWING_ANGLE unit="deg">12.77435315807307</VIEWING_ANGLE>
          <INCIDENCE_ANGLE_ALONG_TRACK>0.7498968920611073</INCIDENCE_ANGLE_ALONG_TRACK>
          <INCIDENCE_ANGLE_ACROSS_TRACK>-14.24511310103351</INCIDENCE_ANGLE_ACROSS_TRACK>
          <INCIDENCE_ANGLE>14.26326102901965</INCIDENCE_ANGLE>
        </Acquisition_Angles>
        <Solar_Incidences>
          <SUN_AZIMUTH unit="deg">170.8335269246911</SUN_AZIMUTH>
          <SUN_ELEVATION unit="deg">34.46193209120926</SUN_ELEVATION>
        </Solar_Incidences>
        <Ground_Sample_Distance>
          <GSD_ACROSS_TRACK unit="m">0.7183495224287195</GSD_ACROSS_TRACK>
          <GSD_ALONG_TRACK unit="m">0.7458267226121682</GSD_ALONG_TRACK>
        </Ground_Sample_Distance>
      </Located_Geometric_Values>
      <Located_Geometric_Values>
        <LOCATION_TYPE>Bottom Center</LOCATION_TYPE>
        <TIME>2021-10-12T11:30:32.156Z</TIME>
        <GEOMETRIC_GLIDING>0.008025653461540827</GEOMETRIC_GLIDING>
        <Acquisition_Angles>
          <AZIMUTH_ANGLE>180.2393418548168</AZIMUTH_ANGLE>
          <VIEWING_ANGLE_ACROSS_TRACK unit="deg">12.6138784068764</VIEWING_ANGLE_ACROSS_TRACK>
          <VIEWING_ANGLE_ALONG_TRACK unit="deg">-3.582122025286922</VIEWING_ANGLE_ALONG_TRACK>
          <VIEWING_ANGLE unit="deg">13.08178031378817</VIEWING_ANGLE>
          <INCIDENCE_ANGLE_ALONG_TRACK>0.7316318706322903</INCIDENCE_ANGLE_ALONG_TRACK>
          <INCIDENCE_ANGLE_ACROSS_TRACK>-14.58891232171911</INCIDENCE_ANGLE_ACROSS_TRACK>
          <INCIDENCE_ANGLE>14.60571151648809</INCIDENCE_ANGLE>
        </Acquisition_Angles>
        <Solar_Incidences>
          <SUN_AZIMUTH unit="deg">170.8183059037905</SUN_AZIMUTH>
          <SUN_ELEVATION unit="deg">34.59317968908604</SUN_ELEVATION>
        </Solar_Incidences>
        <Ground_Sample_Distance>
          <GSD_ACROSS_TRACK unit="m">0.7187972924021835</GSD_ACROSS_TRACK>
          <GSD_ALONG_TRACK unit="m">0.748026471618943</GSD_ALONG_TRACK>
        </Ground_Sample_Distance>
      </Located_Geometric_Values>
    </Use_Area>
  </Geometric_Data>
  <Quality_Assessment>
    <Planimetric_Accuracy_Measurement>
      <QUALITY_TABLES>DTED2</QUALITY_TABLES>
      <MEASURE_ID>AHA</MEASURE_ID>
      <MEASURE_NAME>Absolute Horizontal Accuracy</MEASURE_NAME>
      <MEASURE_TYPE>MATCHING</MEASURE_TYPE>
      <MEASURE_UNIT>m</MEASURE_UNIT>
      <Quality_Values>
        <ACCURACY_MEAN>0.00597203873705622</ACCURACY_MEAN>
        <ACCURACY_STDV>2.628599358981128</ACCURACY_STDV>
        <ACCURACY_CE90>3.951857096577276</ACCURACY_CE90>
      </Quality_Values>
    </Planimetric_Accuracy_Measurement>
    <Imaging_Quality_Measurement>
      <QUALITY_TABLES>PHR</QUALITY_TABLES>
      <MEASURE_NAME>Area_Of_Interest (ROI)</MEASURE_NAME>
      <MEASURE_TYPE>AUTOMATIC</MEASURE_TYPE>
      <Quality_Mask>
        <Component>
          <COMPONENT_TITLE>Area_Of_Interest Mask</COMPONENT_TITLE>
          <COMPONENT_CONTENT>GML MASK</COMPONENT_CONTENT>
          <COMPONENT_TYPE>ENCAPSULATED</COMPONENT_TYPE>
          <COMPONENT_PATH href="MASKS/ROI_PHR1A_MS_202110121130279_SEN_6007230201-2_MSK.GML"/>
        </Component>
      </Quality_Mask>
    </Imaging_Quality_Measurement>
    <Imaging_Quality_Measurement>
      <QUALITY_TABLES>PHR</QUALITY_TABLES>
      <MEASURE_NAME>Detector_Quality (DET)</MEASURE_NAME>
      <MEASURE_TYPE>AUTOMATIC</MEASURE_TYPE>
      <Quality_Mask>
        <Component>
          <COMPONENT_TITLE>Detector_Quality Mask</COMPONENT_TITLE>
          <COMPONENT_CONTENT>GML MASK</COMPONENT_CONTENT>
          <COMPONENT_TYPE>ENCAPSULATED</COMPONENT_TYPE>
          <COMPONENT_PATH href="MASKS/DET_PHR1A_MS_202110121130279_SEN_6007230201-2_MSK.GML"/>
        </Component>
      </Quality_Mask>
    </Imaging_Quality_Measurement>
    <Imaging_Quality_Measurement>
      <QUALITY_TABLES>PHR</QUALITY_TABLES>
      <MEASURE_NAME>Saturation_Cotation (SLT)</MEASURE_NAME>
      <MEASURE_TYPE>AUTOMATIC</MEASURE_TYPE>
      <Quality_Mask>
        <Component>
          <COMPONENT_TITLE>Saturation_Cotation Mask</COMPONENT_TITLE>
          <COMPONENT_CONTENT>GML MASK</COMPONENT_CONTENT>
          <COMPONENT_TYPE>ENCAPSULATED</COMPONENT_TYPE>
          <COMPONENT_PATH href="MASKS/SLT_PHR1A_MS_202110121130279_SEN_6007230201-2_MSK.GML"/>
        </Component>
      </Quality_Mask>
    </Imaging_Quality_Measurement>
    <Imaging_Quality_Measurement>
      <QUALITY_TABLES>PHR</QUALITY_TABLES>
      <MEASURE_NAME>Visibility_Cotation (VIS)</MEASURE_NAME>
      <MEASURE_TYPE>AUTOMATIC</MEASURE_TYPE>
      <Quality_Mask>
        <Component>
          <COMPONENT_TITLE>Visibility_Cotation Mask</COMPONENT_TITLE>
          <COMPONENT_CONTENT>GML MASK</COMPONENT_CONTENT>
          <COMPONENT_TYPE>ENCAPSULATED</COMPONENT_TYPE>
          <COMPONENT_PATH href="MASKS/VIS_PHR1A_MS_202110121130279_SEN_6007230201-2_MSK.GML"/>
        </Component>
      </Quality_Mask>
    </Imaging_Quality_Measurement>
    <Imaging_Quality_Measurement>
      <QUALITY_TABLES>PHR</QUALITY_TABLES>
      <MEASURE_NAME>Snow_Cotation (SNW)</MEASURE_NAME>
      <MEASURE_TYPE>AUTOMATIC</MEASURE_TYPE>
      <Quality_Mask>
        <Component>
          <COMPONENT_TITLE>Snow_Cotation Mask</COMPONENT_TITLE>
          <COMPONENT_CONTENT>GML MASK</COMPONENT_CONTENT>
          <COMPONENT_TYPE>ENCAPSULATED</COMPONENT_TYPE>
          <COMPONENT_PATH href="MASKS/SNW_PHR1A_MS_202110121130279_SEN_6007230201-2_MSK.GML"/>
        </Component>
      </Quality_Mask>
    </Imaging_Quality_Measurement>
    <Imaging_Quality_Measurement>
      <QUALITY_TABLES>PHR</QUALITY_TABLES>
      <MEASURE_NAME>Cloud_Cotation (CLD)</MEASURE_NAME>
      <MEASURE_TYPE>AUTOMATIC</MEASURE_TYPE>
      <Quality_Mask>
        <Component>
          <COMPONENT_TITLE>Cloud_Cotation Mask</COMPONENT_TITLE>
          <COMPONENT_CONTENT>GML MASK</COMPONENT_CONTENT>
          <COMPONENT_TYPE>ENCAPSULATED</COMPONENT_TYPE>
          <COMPONENT_PATH href="MASKS/CLD_PHR1A_MS_202110121130279_SEN_6007230201-2_MSK.GML"/>
        </Component>
      </Quality_Mask>
    </Imaging_Quality_Measurement>
    <Imaging_Quality_Measurement>
      <QUALITY_TABLES>PHR</QUALITY_TABLES>
      <MEASURE_NAME>Technical_Index (QTE)</MEASURE_NAME>
      <MEASURE_TYPE>AUTOMATIC</MEASURE_TYPE>
      <Quality_Mask>
        <Component>
          <COMPONENT_TITLE>Technical_Index Mask</COMPONENT_TITLE>
          <COMPONENT_CONTENT>GML MASK</COMPONENT_CONTENT>
          <COMPONENT_TYPE>ENCAPSULATED</COMPONENT_TYPE>
          <COMPONENT_PATH href="MASKS/QTE_PHR1A_MS_202110121130279_SEN_6007230201-2_MSK.GML"/>
        </Component>
      </Quality_Mask>
    </Imaging_Quality_Measurement>
  </Quality_Assessment>
  <Dataset_Sources>
    <Source_Identification>
      <SOURCE_ID>DS_PHR1A_202110121130279_FR1_PX_W004N47_0618_02618</SOURCE_ID>
      <SOURCE_TYPE>Strip_Source</SOURCE_TYPE>
      <SOURCE_DESCRIPTION>PHR1A Data Strip</SOURCE_DESCRIPTION>
      <Strip_Source>
        <MISSION>PHR</MISSION>
        <MISSION_INDEX>1A</MISSION_INDEX>
        <INSTRUMENT>PHR</INSTRUMENT>
        <INSTRUMENT_INDEX>1A</INSTRUMENT_INDEX>
        <IMAGING_DATE>2021-10-12</IMAGING_DATE>
        <IMAGING_TIME>11:30:27.9Z</IMAGING_TIME>
        <BAND_MODE>PX</BAND_MODE>
      </Strip_Source>
      <Component>
        <COMPONENT_TITLE>Strip Source</COMPONENT_TITLE>
        <COMPONENT_CONTENT>Lineage Information</COMPONENT_CONTENT>
        <COMPONENT_TYPE>DIMAP</COMPONENT_TYPE>
        <COMPONENT_PATH href="LINEAGE/STRIP_DS_PHR1A_202110121130279_FR1_PX_W004N47_0618_02618_DIM.XML"/>
      </Component>
    </Source_Identification>
    <Source_Identification>
      <SOURCE_TYPE>Ground_Source</SOURCE_TYPE>
      <SOURCE_DESCRIPTION>Reference3D ORTHO Layer</SOURCE_DESCRIPTION>
      <Component>
        <COMPONENT_TITLE>Source for Ground reset</COMPONENT_TITLE>
        <COMPONENT_CONTENT>Lineage Information</COMPONENT_CONTENT>
        <COMPONENT_TYPE>DIMAP</COMPONENT_TYPE>
        <COMPONENT_PATH href="LINEAGE/GROUND_R3D_OR_SPOTView_N47W004_DIM.XML"/>
      </Component>
    </Source_Identification>
  </Dataset_Sources>
</Dimap_Document>
