<?xml version="1.0" encoding="UTF-8" standalone="yes"?>
<Dimap_Document>
  <Metadata_Identification>
    <METADATA_FORMAT version="2.15">DIMAP</METADATA_FORMAT>
    <METADATA_PROFILE>PHR_SENSOR</METADATA_PROFILE>
    <METADATA_SUBPROFILE>RPC</METADATA_SUBPROFILE>
    <METADATA_LANGUAGE>en</METADATA_LANGUAGE>
  </Metadata_Identification>
  <Rational_Function_Model>
    <Resource_Reference>
      <RESOURCE_TITLE version="2.1">NITF</RESOURCE_TITLE>
      <RESOURCE_ID>RPC00B</RESOURCE_ID>
    </Resource_Reference>
    <Global_RFM>
      <Direct_Model>
        <SAMP_NUM_COEFF_1>0.00275435615596746</SAMP_NUM_COEFF_1>
        <SAMP_NUM_COEFF_2>0.992289651579781</SAMP_NUM_COEFF_2>
        <SAMP_NUM_COEFF_3>-0.000660813942744996</SAMP_NUM_COEFF_3>
        <SAMP_NUM_COEFF_4>-0.00331012685236738</SAMP_NUM_COEFF_4>
        <SAMP_NUM_COEFF_5>0.000212908183601753</SAMP_NUM_COEFF_5>
        <SAMP_NUM_COEFF_6>-3.57067568404422e-05</SAMP_NUM_COEFF_6>
        <SAMP_NUM_COEFF_7>-7.21851484715469e-05</SAMP_NUM_COEFF_7>
        <SAMP_NUM_COEFF_8>-0.000586516087311818</SAMP_NUM_COEFF_8>
        <SAMP_NUM_COEFF_9>-0.00772822292851616</SAMP_NUM_COEFF_9>
        <SAMP_NUM_COEFF_10>-1.16148846873171e-07</SAMP_NUM_COEFF_10>
        <SAMP_NUM_COEFF_11>-1.44591333389659e-07</SAMP_NUM_COEFF_11>
        <SAMP_NUM_COEFF_12>1.68149628055432e-06</SAMP_NUM_COEFF_12>
        <SAMP_NUM_COEFF_13>-1.282885048468e-05</SAMP_NUM_COEFF_13>
        <SAMP_NUM_COEFF_14>-1.17478685095283e-05</SAMP_NUM_COEFF_14>
        <SAMP_NUM_COEFF_15>2.53368183113605e-05</SAMP_NUM_COEFF_15>
        <SAMP_NUM_COEFF_16>7.22523090509709e-05</SAMP_NUM_COEFF_16>
        <SAMP_NUM_COEFF_17>5.56447133810704e-09</SAMP_NUM_COEFF_17>
        <SAMP_NUM_COEFF_18>1.22849340695828e-08</SAMP_NUM_COEFF_18>
        <SAMP_NUM_COEFF_19>5.85307282543534e-07</SAMP_NUM_COEFF_19>
        <SAMP_NUM_COEFF_20>3.90868516026902e-08</SAMP_NUM_COEFF_20>
        <SAMP_DEN_COEFF_1>1</SAMP_DEN_COEFF_1>
        <SAMP_DEN_COEFF_2>-0.00215132048749703</SAMP_DEN_COEFF_2>
        <SAMP_DEN_COEFF_3>-0.000213697136539232</SAMP_DEN_COEFF_3>
        <SAMP_DEN_COEFF_4>4.45114755236306e-05</SAMP_DEN_COEFF_4>
        <SAMP_DEN_COEFF_5>-9.40946369938899e-06</SAMP_DEN_COEFF_5>
        <SAMP_DEN_COEFF_6>-8.6046910422512e-08</SAMP_DEN_COEFF_6>
        <SAMP_DEN_COEFF_7>-3.15746805350124e-07</SAMP_DEN_COEFF_7>
        <SAMP_DEN_COEFF_8>5.94650797162981e-07</SAMP_DEN_COEFF_8>
        <SAMP_DEN_COEFF_9>-3.1426347459543e-05</SAMP_DEN_COEFF_9>
        <SAMP_DEN_COEFF_10>-1.18436845893313e-05</SAMP_DEN_COEFF_10>
        <SAMP_DEN_COEFF_11>1.34587066759342e-09</SAMP_DEN_COEFF_11>
        <SAMP_DEN_COEFF_12>-4.79365493557907e-09</SAMP_DEN_COEFF_12>
        <SAMP_DEN_COEFF_13>3.63077661927806e-07</SAMP_DEN_COEFF_13>
        <SAMP_DEN_COEFF_14>1.85251155224372e-08</SAMP_DEN_COEFF_14>
        <SAMP_DEN_COEFF_15>-3.36923022960216e-08</SAMP_DEN_COEFF_15>
        <SAMP_DEN_COEFF_16>1.00909200386061e-06</SAMP_DEN_COEFF_16>
        <SAMP_DEN_COEFF_17>5.0835858219393e-09</SAMP_DEN_COEFF_17>
        <SAMP_DEN_COEFF_18>2.48060442162168e-10</SAMP_DEN_COEFF_18>
        <SAMP_DEN_COEFF_19>-8.38154028177865e-10</SAMP_DEN_COEFF_19>
        <SAMP_DEN_COEFF_20>-9.73435386468122e-10</SAMP_DEN_COEFF_20>
        <LINE_NUM_COEFF_1>0.000128808421865631</LINE_NUM_COEFF_1>
        <LINE_NUM_COEFF_2>0.000440238094048458</LINE_NUM_COEFF_2>
        <LINE_NUM_COEFF_3>-0.99838191437122</LINE_NUM_COEFF_3>
        <LINE_NUM_COEFF_4>-4.81495759534518e-05</LINE_NUM_COEFF_4>
        <LINE_NUM_COEFF_5>-0.000740607194414683</LINE_NUM_COEFF_5>
        <LINE_NUM_COEFF_6>7.27423194797789e-07</LINE_NUM_COEFF_6>
        <LINE_NUM_COEFF_7>2.46200455577541e-06</LINE_NUM_COEFF_7>
        <LINE_NUM_COEFF_8>-0.000108942528468957</LINE_NUM_COEFF_8>
        <LINE_NUM_COEFF_9>-0.000288132181550317</LINE_NUM_COEFF_9>
        <LINE_NUM_COEFF_10>5.24814056603307e-10</LINE_NUM_COEFF_10>
        <LINE_NUM_COEFF_11>8.30593539523046e-08</LINE_NUM_COEFF_11>
        <LINE_NUM_COEFF_12>-2.54201678935547e-07</LINE_NUM_COEFF_12>
        <LINE_NUM_COEFF_13>-1.09424114334781e-05</LINE_NUM_COEFF_13>
        <LINE_NUM_COEFF_14>7.02111922471536e-09</LINE_NUM_COEFF_14>
        <LINE_NUM_COEFF_15>-1.15462626298979e-05</LINE_NUM_COEFF_15>
        <LINE_NUM_COEFF_16>-5.69630215529907e-05</LINE_NUM_COEFF_16>
        <LINE_NUM_COEFF_17>-1.63243477920851e-05</LINE_NUM_COEFF_17>
        <LINE_NUM_COEFF_18>1.8977186048417e-08</LINE_NUM_COEFF_18>
        <LINE_NUM_COEFF_19>2.45225213371443e-08</LINE_NUM_COEFF_19>
        <LINE_NUM_COEFF_20>-7.88240432569363e-10</LINE_NUM_COEFF_20>
        <LINE_DEN_COEFF_1>1</LINE_DEN_COEFF_1>
        <LINE_DEN_COEFF_2>-0.000739251564198138</LINE_DEN_COEFF_2>
        <LINE_DEN_COEFF_3>-0.000158650070042423</LINE_DEN_COEFF_3>
        <LINE_DEN_COEFF_4>2.46146264800212e-06</LINE_DEN_COEFF_4>
        <LINE_DEN_COEFF_5>-6.68987537751122e-06</LINE_DEN_COEFF_5>
        <LINE_DEN_COEFF_6>5.61371909687329e-08</LINE_DEN_COEFF_6>
        <LINE_DEN_COEFF_7>9.34302659921697e-09</LINE_DEN_COEFF_7>
        <LINE_DEN_COEFF_8>1.02334504709153e-05</LINE_DEN_COEFF_8>
        <LINE_DEN_COEFF_9>-3.17812281809898e-05</LINE_DEN_COEFF_9>
        <LINE_DEN_COEFF_10>1.63421893875689e-05</LINE_DEN_COEFF_10>
        <LINE_DEN_COEFF_11>1.3190143554148e-09</LINE_DEN_COEFF_11>
        <LINE_DEN_COEFF_12>-2.79349797057467e-08</LINE_DEN_COEFF_12>
        <LINE_DEN_COEFF_13>-7.8434958835142e-07</LINE_DEN_COEFF_13>
        <LINE_DEN_COEFF_14>-2.42006991040391e-08</LINE_DEN_COEFF_14>
        <LINE_DEN_COEFF_15>-6.01119658154007e-08</LINE_DEN_COEFF_15>
        <LINE_DEN_COEFF_16>-4.44618298705341e-07</LINE_DEN_COEFF_16>
        <LINE_DEN_COEFF_17>-7.31200439550722e-09</LINE_DEN_COEFF_17>
        <LINE_DEN_COEFF_18>1.64648755226119e-10</LINE_DEN_COEFF_18>
        <LINE_DEN_COEFF_19>7.28819253307603e-09</LINE_DEN_COEFF_19>
        <LINE_DEN_COEFF_20>8.10600126663569e-11</LINE_DEN_COEFF_20>
        <ERR_BIAS_X>0.0004671386094980305</ERR_BIAS_X>
        <ERR_BIAS_Y>0.0002369137097244181</ERR_BIAS_Y>
      </Direct_Model>
      <Inverse_Model>
        <SAMP_NUM_COEFF_1>-0.00277552481637764</SAMP_NUM_COEFF_1>
        <SAMP_NUM_COEFF_2>1.00776710075293</SAMP_NUM_COEFF_2>
        <SAMP_NUM_COEFF_3>-0.000669028135508928</SAMP_NUM_COEFF_3>
        <SAMP_NUM_COEFF_4>0.00333581971149675</SAMP_NUM_COEFF_4>
        <SAMP_NUM_COEFF_5>0.000212309767786187</SAMP_NUM_COEFF_5>
        <SAMP_NUM_COEFF_6>4.68725665869011e-05</SAMP_NUM_COEFF_6>
        <SAMP_NUM_COEFF_7>-7.21179180622946e-05</SAMP_NUM_COEFF_7>
        <SAMP_NUM_COEFF_8>0.000612391354408478</SAMP_NUM_COEFF_8>
        <SAMP_NUM_COEFF_9>0.00781195885232445</SAMP_NUM_COEFF_9>
        <SAMP_NUM_COEFF_10>1.12787257520906e-07</SAMP_NUM_COEFF_10>
        <SAMP_NUM_COEFF_11>2.82026882986108e-07</SAMP_NUM_COEFF_11>
        <SAMP_NUM_COEFF_12>-7.06164676901322e-06</SAMP_NUM_COEFF_12>
        <SAMP_NUM_COEFF_13>-2.67390758888903e-05</SAMP_NUM_COEFF_13>
        <SAMP_NUM_COEFF_14>-1.88849628708007e-05</SAMP_NUM_COEFF_14>
        <SAMP_NUM_COEFF_15>2.71575914938781e-05</SAMP_NUM_COEFF_15>
        <SAMP_NUM_COEFF_16>8.01913457601617e-05</SAMP_NUM_COEFF_16>
        <SAMP_NUM_COEFF_17>9.12206096625005e-09</SAMP_NUM_COEFF_17>
        <SAMP_NUM_COEFF_18>-2.32720671670659e-08</SAMP_NUM_COEFF_18>
        <SAMP_NUM_COEFF_19>-5.35010572086381e-07</SAMP_NUM_COEFF_19>
        <SAMP_NUM_COEFF_20>-6.2311346787847e-08</SAMP_NUM_COEFF_20>
        <SAMP_DEN_COEFF_1>1</SAMP_DEN_COEFF_1>
        <SAMP_DEN_COEFF_2>0.0021802775516854</SAMP_DEN_COEFF_2>
        <SAMP_DEN_COEFF_3>-0.0002114511919717</SAMP_DEN_COEFF_3>
        <SAMP_DEN_COEFF_4>-3.80199842130485e-05</SAMP_DEN_COEFF_4>
        <SAMP_DEN_COEFF_5>-9.94698994570534e-06</SAMP_DEN_COEFF_5>
        <SAMP_DEN_COEFF_6>1.84735211855119e-08</SAMP_DEN_COEFF_6>
        <SAMP_DEN_COEFF_7>-7.88866322684237e-08</SAMP_DEN_COEFF_7>
        <SAMP_DEN_COEFF_8>-4.08867580357355e-06</SAMP_DEN_COEFF_8>
        <SAMP_DEN_COEFF_9>5.77577601632157e-06</SAMP_DEN_COEFF_9>
        <SAMP_DEN_COEFF_10>-1.87504005705838e-05</SAMP_DEN_COEFF_10>
        <SAMP_DEN_COEFF_11>-3.74490583183403e-09</SAMP_DEN_COEFF_11>
        <SAMP_DEN_COEFF_12>-1.35075606729236e-08</SAMP_DEN_COEFF_12>
        <SAMP_DEN_COEFF_13>-3.8303686097748e-07</SAMP_DEN_COEFF_13>
        <SAMP_DEN_COEFF_14>-2.94079308402063e-08</SAMP_DEN_COEFF_14>
        <SAMP_DEN_COEFF_15>6.78574865395437e-08</SAMP_DEN_COEFF_15>
        <SAMP_DEN_COEFF_16>6.34745446869293e-07</SAMP_DEN_COEFF_16>
        <SAMP_DEN_COEFF_17>7.99529709627637e-09</SAMP_DEN_COEFF_17>
        <SAMP_DEN_COEFF_18>6.26861602957427e-10</SAMP_DEN_COEFF_18>
        <SAMP_DEN_COEFF_19>3.56648023707311e-09</SAMP_DEN_COEFF_19>
        <SAMP_DEN_COEFF_20>1.53206666485405e-09</SAMP_DEN_COEFF_20>
        <LINE_NUM_COEFF_1>0.000127791441116655</LINE_NUM_COEFF_1>
        <LINE_NUM_COEFF_2>0.000444989445149411</LINE_NUM_COEFF_2>
        <LINE_NUM_COEFF_3>-1.00162498146986</LINE_NUM_COEFF_3>
        <LINE_NUM_COEFF_4>-4.67568159103558e-05</LINE_NUM_COEFF_4>
        <LINE_NUM_COEFF_5>0.000746643319419622</LINE_NUM_COEFF_5>
        <LINE_NUM_COEFF_6>3.48888673556264e-08</LINE_NUM_COEFF_6>
        <LINE_NUM_COEFF_7>-2.67313336761533e-08</LINE_NUM_COEFF_7>
        <LINE_NUM_COEFF_8>-0.000111517426164293</LINE_NUM_COEFF_8>
        <LINE_NUM_COEFF_9>-0.000286644835885691</LINE_NUM_COEFF_9>
        <LINE_NUM_COEFF_10>-1.18842723698098e-09</LINE_NUM_COEFF_10>
        <LINE_NUM_COEFF_11>-6.46879388533136e-08</LINE_NUM_COEFF_11>
        <LINE_NUM_COEFF_12>7.80432953385712e-08</LINE_NUM_COEFF_12>
        <LINE_NUM_COEFF_13>-1.12972136058825e-05</LINE_NUM_COEFF_13>
        <LINE_NUM_COEFF_14>-8.10357067334351e-09</LINE_NUM_COEFF_14>
        <LINE_NUM_COEFF_15>1.16119900956984e-05</LINE_NUM_COEFF_15>
        <LINE_NUM_COEFF_16>6.43790593580287e-05</LINE_NUM_COEFF_16>
        <LINE_NUM_COEFF_17>1.85670912457716e-05</LINE_NUM_COEFF_17>
        <LINE_NUM_COEFF_18>5.59546015808899e-10</LINE_NUM_COEFF_18>
        <LINE_NUM_COEFF_19>-7.4808691441319e-08</LINE_NUM_COEFF_19>
        <LINE_NUM_COEFF_20>8.64904049581131e-10</LINE_NUM_COEFF_20>
        <LINE_DEN_COEFF_1>1</LINE_DEN_COEFF_1>
        <LINE_DEN_COEFF_2>0.000747727561886279</LINE_DEN_COEFF_2>
        <LINE_DEN_COEFF_3>-0.000159320651716808</LINE_DEN_COEFF_3>
        <LINE_DEN_COEFF_4>-1.84895613386294e-08</LINE_DEN_COEFF_4>
        <LINE_DEN_COEFF_5>-6.86380272374199e-06</LINE_DEN_COEFF_5>
        <LINE_DEN_COEFF_6>6.33696740313423e-08</LINE_DEN_COEFF_6>
        <LINE_DEN_COEFF_7>-4.66536113441042e-08</LINE_DEN_COEFF_7>
        <LINE_DEN_COEFF_8>-1.27457854152146e-05</LINE_DEN_COEFF_8>
        <LINE_DEN_COEFF_9>3.61292177937805e-05</LINE_DEN_COEFF_9>
        <LINE_DEN_COEFF_10>-1.85458213390424e-05</LINE_DEN_COEFF_10>
        <LINE_DEN_COEFF_11>4.40372115457399e-10</LINE_DEN_COEFF_11>
        <LINE_DEN_COEFF_12>-2.12632047211448e-08</LINE_DEN_COEFF_12>
        <LINE_DEN_COEFF_13>3.88558826471961e-07</LINE_DEN_COEFF_13>
        <LINE_DEN_COEFF_14>-2.77849472907895e-08</LINE_DEN_COEFF_14>
        <LINE_DEN_COEFF_15>9.2050929954894e-08</LINE_DEN_COEFF_15>
        <LINE_DEN_COEFF_16>-3.22053807985218e-07</LINE_DEN_COEFF_16>
        <LINE_DEN_COEFF_17>8.20226878456868e-09</LINE_DEN_COEFF_17>
        <LINE_DEN_COEFF_18>5.05464240963131e-11</LINE_DEN_COEFF_18>
        <LINE_DEN_COEFF_19>-4.84689805527204e-09</LINE_DEN_COEFF_19>
        <LINE_DEN_COEFF_20>-1.03708363328113e-12</LINE_DEN_COEFF_20>
        <ERR_BIAS_ROW>0.0001010451270680476</ERR_BIAS_ROW>
        <ERR_BIAS_COL>0.0003568497569576721</ERR_BIAS_COL>
      </Inverse_Model>
      <RFM_Validity>
        <Direct_Model_Validity_Domain>
            <FIRST_ROW>1</FIRST_ROW>
            <FIRST_COL>1</FIRST_COL>
            <LAST_ROW>14276</LAST_ROW>
            <LAST_COL>4058</LAST_COL>
          </Direct_Model_Validity_Domain>
        <Inverse_Model_Validity_Domain>
            <FIRST_LON>-3.552465762938658</FIRST_LON>
            <FIRST_LAT>47.60579197068581</FIRST_LAT>
            <LAST_LON>-3.431738104026555</LAST_LON>
            <LAST_LAT>47.87417070429765</LAST_LAT>
          </Inverse_Model_Validity_Domain>
        <LONG_SCALE>0.05819967217995936</LONG_SCALE>
        <LONG_OFF>-3.491879927292108</LONG_OFF>
        <LAT_SCALE>0.1314384471062446</LAT_SCALE>
        <LAT_OFF>47.74010109313639</LAT_OFF>
        <HEIGHT_SCALE>55</HEIGHT_SCALE>
        <HEIGHT_OFF>85</HEIGHT_OFF>
        <SAMP_SCALE>2028.499999999998</SAMP_SCALE>
        <SAMP_OFF>2029.499999999998</SAMP_OFF>
        <LINE_SCALE>7137.499999999997</LINE_SCALE>
        <LINE_OFF>7138.499999999997</LINE_OFF>
      </RFM_Validity>
    </Global_RFM>
  </Rational_Function_Model>
</Dimap_Document>
